Student_Number,SchoolID,Att_Date,Att_Code
100014,101,08/11/2025,P
100166,102,08/11/2025,P
100336,101,08/11/2025,P
100607,102,08/11/2025,P
100752,102,08/11/2025,P
100926,101,08/11/2025,P
101621,101,08/11/2025,P
101663,101,08/11/2025,E
101676,101,08/11/2025,P
101690,102,08/11/2025,P
102169,102,08/11/2025,P
102203,101,08/11/2025,P
102926,102,08/11/2025,P
103203,101,08/11/2025,P
103366,101,08/11/2025,A
104812,101,08/11/2025,P
105001,102,08/11/2025,P
105290,102,08/11/2025,P
105443,101,08/11/2025,P
105533,101,08/11/2025,P
105876,102,08/11/2025,P
105943,101,08/11/2025,T
106040,102,08/11/2025,P
106334,101,08/11/2025,P
106425,102,08/11/2025,P
106447,101,08/11/2025,P
106722,101,08/11/2025,P
106726,102,08/11/2025,T
106955,102,08/11/2025,p
107257,102,08/11/2025,P
107631,101,08/11/2025,P
107806,101,08/11/2025,P
107917,101,08/11/2025,P
107954,101,08/11/2025,P
107996,102,08/11/2025,P
108454,101,08/11/2025,P
108599,101,08/11/2025,P
108838,102,08/11/2025,P
108870,101,08/11/2025,P
109233,102,08/11/2025,P
109333,101,08/11/2025,P
109734,101,08/11/2025,P
109820,101,08/11/2025,T
110142,102,08/11/2025,P
110493,102,08/11/2025,P
111996,102,08/11/2025,P
112752,101,08/11/2025,P
112890,102,08/11/2025,P
113028,101,08/11/2025,P
113273,102,08/11/2025,P
113777,102,08/11/2025,P
114609,101,08/11/2025,P
114633,102,08/11/2025,P
114714,101,08/11/2025,P
115002,101,08/11/2025,p
116242,102,08/11/2025,P
116449,101,08/11/2025,P
116483,101,08/11/2025,P
116950,102,08/11/2025,P
116962,101,08/11/2025,P
117598,102,08/11/2025,E
117631,101,08/11/2025,P
118824,101,08/11/2025,P
118848,101,08/11/2025,P
119009,101,08/11/2025,P
119050,102,08/11/2025,P
119292,102,08/11/2025,p
119901,101,08/11/2025,t
120054,101,08/11/2025,P
120160,101,08/11/2025,P
120250,101,08/11/2025,P
120593,102,08/11/2025,P
120752,101,08/11/2025,P
120937,102,08/11/2025,A
121367,102,08/11/2025,P
121480,101,08/11/2025,P
122308,101,08/11/2025,A
122742,101,08/11/2025,P
122784,102,08/11/2025,P
123160,102,08/11/2025,P
123412,101,08/11/2025,P
123588,101,08/11/2025,P
123825,101,08/11/2025,P
124172,101,08/11/2025,P
124641,101,08/11/2025,P
124664,101,08/11/2025,P
125516,102,08/11/2025,P
125585,102,08/11/2025,P
126032,101,08/11/2025,P
126093,102,08/11/2025,P
126134,101,08/11/2025,T
126342,101,08/11/2025,P
126350,102,08/11/2025,P
126955,101,08/11/2025,P
127003,102,08/11/2025,P
127379,101,08/11/2025,P
127522,102,08/11/2025,P
127565,102,08/11/2025,P
127670,102,08/11/2025,P
127881,102,08/11/2025,P
127903,102,08/11/2025,P
128141,102,08/11/2025,P
128381,102,08/11/2025,P
128734,101,08/11/2025,P
128907,101,08/11/2025,P
129451,102,08/11/2025,P
129468,102,08/11/2025,P
129500,101,08/11/2025,P
129571,102,08/11/2025,P
129682,101,08/11/2025,P
129936,101,08/11/2025,P
129979,102,08/11/2025,P
129992,101,08/11/2025,p
130030,101,08/11/2025,P
130582,101,08/11/2025,P
130762,101,08/11/2025,P
130804,102,08/11/2025,P
130997,102,08/11/2025,A
131196,102,08/11/2025,P
131384,102,08/11/2025,P
131401,101,08/11/2025,P
131404,102,08/11/2025,P
131595,102,08/11/2025,P
131822,101,08/11/2025,P
132081,102,08/11/2025,P
132131,101,08/11/2025,P
132171,102,08/11/2025,P
132180,102,08/11/2025,P
132242,101,08/11/2025,P
132581,102,08/11/2025,P
132608,101,08/11/2025,P
132664,102,08/11/2025,p
132666,101,08/11/2025,P
132892,101,08/11/2025,P
132932,102,08/11/2025,P
133077,102,08/11/2025,P
133184,101,08/11/2025,P
133272,102,08/11/2025,P
133448,102,08/11/2025,P
133506,101,08/11/2025,P
133542,102,08/11/2025,P
133616,102,08/11/2025,P
133658,101,08/11/2025,P
133762,101,08/11/2025,P
133946,101,08/11/2025,P
134080,101,08/11/2025,P
134268,102,08/11/2025,P
134289,102,08/11/2025,P
134383,101,08/11/2025,P
135262,102,08/11/2025,P
135758,101,08/11/2025,P
135769,101,08/11/2025,P
135812,102,08/11/2025,P
135821,102,08/11/2025,P
135901,101,08/11/2025,P
135923,101,08/11/2025,P
136336,102,08/11/2025,P
136474,101,08/11/2025,P
136533,101,08/11/2025,P
136558,102,08/11/2025,P
136962,101,08/11/2025,P
137523,102,08/11/2025,P
137717,102,08/11/2025,P
137842,102,08/11/2025,P
138052,102,08/11/2025,P
138385,101,08/11/2025,P
138406,102,08/11/2025,P
138438,102,08/11/2025,P
138530,101,08/11/2025,T
139142,101,08/11/2025,P
139199,101,08/11/2025,P
139332,102,08/11/2025,p
100014,101,08/12/2025,P
100166,102,08/12/2025,A
100336,101,08/12/2025,P
100607,102,08/12/2025,E
100752,102,08/12/2025,P
100926,101,08/12/2025,P
101621,101,08/12/2025,P
101663,101,08/12/2025,E
101676,101,08/12/2025,p
101690,102,08/12/2025,P
102169,102,08/12/2025,P
102203,101,08/12/2025,P
102926,102,08/12/2025,P
103203,101,08/12/2025,P
103366,101,08/12/2025,P
104812,101,08/12/2025,A
105001,102,08/12/2025,P
105290,102,08/12/2025,P
105443,101,08/12/2025,P
105533,101,08/12/2025,P
105876,102,08/12/2025,P
105943,101,08/12/2025,P
106040,102,08/12/2025,P
106334,101,08/12/2025,P
106425,102,08/12/2025,E
106447,101,08/12/2025,P
106722,101,08/12/2025,P
106726,102,08/12/2025,P
106955,102,08/12/2025,P
107257,102,08/12/2025,P
107631,101,08/12/2025,P
107806,101,08/12/2025,A
107917,101,08/12/2025,P
107954,101,08/12/2025,P
107996,102,08/12/2025,P
108454,101,08/12/2025,P
108599,101,08/12/2025,P
108838,102,08/12/2025,P
108870,101,08/12/2025,P
109233,102,08/12/2025,P
109333,101,08/12/2025,P
109734,101,08/12/2025,P
109820,101,08/12/2025,P
110142,102,08/12/2025,P
110493,102,08/12/2025,P
111996,102,08/12/2025,P
112752,101,08/12/2025,P
112890,102,08/12/2025,P
113028,101,08/12/2025,P
113273,102,08/12/2025,P
113777,102,08/12/2025,P
114609,101,08/12/2025,P
114633,102,08/12/2025,P
114714,101,08/12/2025,P
115002,101,08/12/2025,P
116242,102,08/12/2025,P
116449,101,08/12/2025,P
116483,101,08/12/2025,E
116950,102,08/12/2025,P
116962,101,08/12/2025,P
117598,102,08/12/2025,P
117631,101,08/12/2025,P
118824,101,08/12/2025,T
118848,101,08/12/2025,P
119009,101,08/12/2025,P
119050,102,08/12/2025,P
119292,102,08/12/2025,P
119901,101,08/12/2025,P
120054,101,08/12/2025,P
120160,101,08/12/2025,P
120250,101,08/12/2025,P
120593,102,08/12/2025,P
120752,101,08/12/2025,P
120937,102,08/12/2025,P
121367,102,08/12/2025,P
121480,101,08/12/2025,P
122308,101,08/12/2025,P
122742,101,08/12/2025,P
122784,102,08/12/2025,P
123160,102,08/12/2025,P
123412,101,08/12/2025,P
123588,101,08/12/2025,T
123825,101,08/12/2025,P
124172,101,08/12/2025,P
124641,101,08/12/2025,P
124664,101,08/12/2025,P
125516,102,08/12/2025,P
125585,102,08/12/2025,P
126032,101,08/12/2025,P
126093,102,08/12/2025,P
126134,101,08/12/2025,P
126342,101,08/12/2025,P
126350,102,08/12/2025,P
126955,101,08/12/2025,A
127003,102,08/12/2025,P
127379,101,08/12/2025,P
127522,102,08/12/2025,P
127565,102,08/12/2025,P
127670,102,08/12/2025,P
127881,102,08/12/2025,P
127903,102,08/12/2025,P
128141,102,08/12/2025,P
128381,102,08/12/2025,P
128734,101,08/12/2025,P
128907,101,08/12/2025,P
129451,102,08/12/2025,P
129468,102,08/12/2025,P
129500,101,08/12/2025,P
129571,102,08/12/2025,P
129682,101,08/12/2025,P
129936,101,08/12/2025,P
129979,102,08/12/2025,P
129992,101,08/12/2025,P
130030,101,08/12/2025,P
130582,101,08/12/2025,P
130762,101,08/12/2025,S
130804,102,08/12/2025,P
130997,102,08/12/2025,P
131196,102,08/12/2025,P
131384,102,08/12/2025,E
131401,101,08/12/2025,P
131404,102,08/12/2025,P
131595,102,08/12/2025,P
131822,101,08/12/2025,P
132081,102,08/12/2025,P
132131,101,08/12/2025,P
132171,102,08/12/2025,P
132180,102,08/12/2025,P
132242,101,08/12/2025,P
132581,102,08/12/2025,P
132608,101,08/12/2025,P
132664,102,08/12/2025,T
132666,101,08/12/2025,P
132892,101,08/12/2025,P
132932,102,08/12/2025,P
133077,102,08/12/2025,P
133184,101,08/12/2025,P
133272,102,08/12/2025,P
133448,102,08/12/2025,P
133506,101,08/12/2025,P
133542,102,08/12/2025,P
133616,102,08/12/2025,P
133658,101,08/12/2025,P
133762,101,08/12/2025,E
133946,101,08/12/2025,P
134080,101,08/12/2025,P
134268,102,08/12/2025,P
134289,102,08/12/2025,P
134383,101,08/12/2025,P
135262,102,08/12/2025,P
135758,101,08/12/2025,A
135769,101,08/12/2025,P
135812,102,08/12/2025,P
135821,102,08/12/2025,P
135901,101,08/12/2025,P
135923,101,08/12/2025,P
136336,102,08/12/2025,P
136474,101,08/12/2025,P
136533,101,08/12/2025,P
136558,102,08/12/2025,P
136962,101,08/12/2025,P
137523,102,08/12/2025,P
137717,102,08/12/2025,P
137842,102,08/12/2025,P
138052,102,08/12/2025,P
138385,101,08/12/2025,P
138406,102,08/12/2025,P
138438,102,08/12/2025,P
138530,101,08/12/2025,P
139142,101,08/12/2025,P
139199,101,08/12/2025,P
139332,102,08/12/2025,P
100014,101,08/13/2025,P
100166,102,08/13/2025,E
100336,101,08/13/2025,P
100607,102,08/13/2025,P
100752,102,08/13/2025,P
100926,101,08/13/2025,P
101621,101,08/13/2025,P
101663,101,08/13/2025,P
101676,101,08/13/2025,P
101690,102,08/13/2025,P
102169,102,08/13/2025,P
102203,101,08/13/2025,P
102926,102,08/13/2025,P
103203,101,08/13/2025,P
103366,101,08/13/2025,P
104812,101,08/13/2025,P
105001,102,08/13/2025,P
105290,102,08/13/2025,P
105443,101,08/13/2025,P
105533,101,08/13/2025,P
105876,102,08/13/2025,P
105943,101,08/13/2025,P
106040,102,08/13/2025,P
106334,101,08/13/2025,P
106425,102,08/13/2025,P
106447,101,08/13/2025,P
106722,101,08/13/2025,P
106726,102,08/13/2025,P
106955,102,08/13/2025,P
107257,102,08/13/2025,P
107631,101,08/13/2025,P
107806,101,08/13/2025,P
107917,101,08/13/2025,P
107954,101,08/13/2025,P
107996,102,08/13/2025,T
108454,101,08/13/2025,P
108599,101,08/13/2025,P
108838,102,08/13/2025,P
108870,101,08/13/2025,T
109233,102,08/13/2025,P
109333,101,08/13/2025,P
109734,101,08/13/2025,P
109820,101,08/13/2025,P
110142,102,08/13/2025,P
110493,102,08/13/2025,P
111996,102,08/13/2025,A
112752,101,08/13/2025,P
112890,102,08/13/2025,P
113028,101,08/13/2025,P
113273,102,08/13/2025,T
113777,102,08/13/2025,P
114609,101,08/13/2025,P
114633,102,08/13/2025,P
114714,101,08/13/2025,P
115002,101,08/13/2025,P
116242,102,08/13/2025,P
116449,101,08/13/2025,P
116483,101,08/13/2025,P
116950,102,08/13/2025,P
116962,101,08/13/2025,P
117598,102,08/13/2025,P
117631,101,08/13/2025,P
118824,101,08/13/2025,P
118848,101,08/13/2025,P
119009,101,08/13/2025,P
119050,102,08/13/2025,P
119292,102,08/13/2025,P
119901,101,08/13/2025,P
120054,101,08/13/2025,P
120160,101,08/13/2025,P
120250,101,08/13/2025,T
120593,102,08/13/2025,P
120752,101,08/13/2025,P
120937,102,08/13/2025,P
121367,102,08/13/2025,P
121480,101,08/13/2025,P
122308,101,08/13/2025,P
122742,101,08/13/2025,P
122784,102,08/13/2025,P
123160,102,08/13/2025,P
123412,101,08/13/2025,P
123588,101,08/13/2025,P
123825,101,08/13/2025,P
124172,101,08/13/2025,P
124641,101,08/13/2025,T
124664,101,08/13/2025,p
125516,102,08/13/2025,P
125585,102,08/13/2025,T
126032,101,08/13/2025,P
126093,102,08/13/2025,P
126134,101,08/13/2025,T
126342,101,08/13/2025,P
126350,102,08/13/2025,P
126955,101,08/13/2025,P
127003,102,08/13/2025,P
127379,101,08/13/2025,P
127522,102,08/13/2025,P
127565,102,08/13/2025,p
127670,102,08/13/2025,P
127881,102,08/13/2025,P
127903,102,08/13/2025,P
128141,102,08/13/2025,P
128381,102,08/13/2025,P
128734,101,08/13/2025,P
128907,101,08/13/2025,P
129451,102,08/13/2025,P
129468,102,08/13/2025,P
129500,101,08/13/2025,P
129571,102,08/13/2025,P
129682,101,08/13/2025,P
129936,101,08/13/2025,P
129979,102,08/13/2025,P
129992,101,08/13/2025,P
130030,101,08/13/2025,P
130582,101,08/13/2025,P
130762,101,08/13/2025,P
130804,102,08/13/2025,P
130997,102,08/13/2025,P
131196,102,08/13/2025,P
131384,102,08/13/2025,P
131401,101,08/13/2025,P
131404,102,08/13/2025,P
131595,102,08/13/2025,P
131822,101,08/13/2025,P
132081,102,08/13/2025,P
132131,101,08/13/2025,P
132171,102,08/13/2025,P
132180,102,08/13/2025,P
132242,101,08/13/2025,P
132581,102,08/13/2025,P
132608,101,08/13/2025,P
132664,102,08/13/2025,P
132666,101,08/13/2025,P
132892,101,08/13/2025,P
132932,102,08/13/2025,P
133077,102,08/13/2025,P
133184,101,08/13/2025,P
133272,102,08/13/2025,P
133448,102,08/13/2025,P
133506,101,08/13/2025,P
133542,102,08/13/2025,P
133616,102,08/13/2025,P
133658,101,08/13/2025,P
133762,101,08/13/2025,P
133946,101,08/13/2025,P
134080,101,08/13/2025,P
134268,102,08/13/2025,P
134289,102,08/13/2025,P
134383,101,08/13/2025,P
135262,102,08/13/2025,P
135758,101,08/13/2025,T
135769,101,08/13/2025,P
135812,102,08/13/2025,P
135821,102,08/13/2025,P
135901,101,08/13/2025,P
135923,101,08/13/2025,P
136336,102,08/13/2025,A
136474,101,08/13/2025,P
136533,101,08/13/2025,P
136558,102,08/13/2025,P
136962,101,08/13/2025,P
137523,102,08/13/2025,P
137717,102,08/13/2025,P
137842,102,08/13/2025,P
138052,102,08/13/2025,P
138385,101,08/13/2025,P
138406,102,08/13/2025,P
138438,102,08/13/2025,P
138530,101,08/13/2025,P
139142,101,08/13/2025,P
139199,101,08/13/2025,P
139332,102,08/13/2025,P
100014,101,08/14/2025,E
100166,102,08/14/2025,P
100336,101,08/14/2025,P
100607,102,08/14/2025,P
100752,102,08/14/2025,T
100926,101,08/14/2025,P
101621,101,08/14/2025,P
101663,101,08/14/2025,P
101676,101,08/14/2025,P
101690,102,08/14/2025,P
102169,102,08/14/2025,P
102203,101,08/14/2025,P
102926,102,08/14/2025,P
103203,101,08/14/2025,P
103366,101,08/14/2025,P
104812,101,08/14/2025,A
105001,102,08/14/2025,P
105290,102,08/14/2025,P
105443,101,08/14/2025,P
105533,101,08/14/2025,P
105876,102,08/14/2025,P
105943,101,08/14/2025,P
106040,102,08/14/2025,P
106334,101,08/14/2025,P
106425,102,08/14/2025,P
106447,101,08/14/2025,P
106722,101,08/14/2025,P
106726,102,08/14/2025,P
106955,102,08/14/2025,P
107257,102,08/14/2025,P
107631,101,08/14/2025,P
107806,101,08/14/2025,P
107917,101,08/14/2025,P
107954,101,08/14/2025,P
107996,102,08/14/2025,P
108454,101,08/14/2025,P
108599,101,08/14/2025,P
108838,102,08/14/2025,P
108870,101,08/14/2025,P
109233,102,08/14/2025,P
109333,101,08/14/2025,P
109734,101,08/14/2025,P
109820,101,08/14/2025,P
110142,102,08/14/2025,P
110493,102,08/14/2025,P
111996,102,08/14/2025,P
112752,101,08/14/2025,P
112890,102,08/14/2025,P
113028,101,08/14/2025,P
113273,102,08/14/2025,P
113777,102,08/14/2025,P
114609,101,08/14/2025,P
114633,102,08/14/2025,P
114714,101,08/14/2025,P
115002,101,08/14/2025,T
116242,102,08/14/2025,P
116449,101,08/14/2025,P
116483,101,08/14/2025,P
116950,102,08/14/2025,P
116962,101,08/14/2025,P
117598,102,08/14/2025,P
117631,101,08/14/2025,P
118824,101,08/14/2025,P
118848,101,08/14/2025,P
119009,101,08/14/2025,P
119050,102,08/14/2025,P
119292,102,08/14/2025,P
119901,101,08/14/2025,P
120054,101,08/14/2025,P
120160,101,08/14/2025,P
120250,101,08/14/2025,P
120593,102,08/14/2025,P
120752,101,08/14/2025,P
120937,102,08/14/2025,P
121367,102,08/14/2025,P
121480,101,08/14/2025,P
122308,101,08/14/2025,E
122742,101,08/14/2025,P
122784,102,08/14/2025,P
123160,102,08/14/2025,P
123412,101,08/14/2025,P
123588,101,08/14/2025,P
123825,101,08/14/2025,P
124172,101,08/14/2025,P
124641,101,08/14/2025,P
124664,101,08/14/2025,P
125516,102,08/14/2025,P
125585,102,08/14/2025,P
126032,101,08/14/2025,P
126093,102,08/14/2025,P
126134,101,08/14/2025,P
126342,101,08/14/2025,P
126350,102,08/14/2025,P
126955,101,08/14/2025,P
127003,102,08/14/2025,P
127379,101,08/14/2025,P
127522,102,08/14/2025,P
127565,102,08/14/2025,P
127670,102,08/14/2025,P
127881,102,08/14/2025,P
127903,102,08/14/2025,A
128141,102,08/14/2025,P
128381,102,08/14/2025,P
128734,101,08/14/2025,A
128907,101,08/14/2025,P
129451,102,08/14/2025,P
129468,102,08/14/2025,P
129500,101,08/14/2025,P
129571,102,08/14/2025,P
129682,101,08/14/2025,P
129936,101,08/14/2025,P
129979,102,08/14/2025,P
129992,101,08/14/2025,P
130030,101,08/14/2025,P
130582,101,08/14/2025,P
130762,101,08/14/2025,P
130804,102,08/14/2025,P
130997,102,08/14/2025,P
131196,102,08/14/2025,P
131384,102,08/14/2025,P
131401,101,08/14/2025,P
131404,102,08/14/2025,P
131595,102,08/14/2025,P
131822,101,08/14/2025,P
132081,102,08/14/2025,P
132131,101,08/14/2025,A
132171,102,08/14/2025,P
132180,102,08/14/2025,P
132242,101,08/14/2025,P
132581,102,08/14/2025,P
132608,101,08/14/2025,P
132664,102,08/14/2025,P
132666,101,08/14/2025,P
132892,101,08/14/2025,p
132932,102,08/14/2025,P
133077,102,08/14/2025,P
133184,101,08/14/2025,P
133272,102,08/14/2025,P
133448,102,08/14/2025,P
133506,101,08/14/2025,P
133542,102,08/14/2025,P
133616,102,08/14/2025,P
133658,101,08/14/2025,P
133762,101,08/14/2025,A
133946,101,08/14/2025,P
134080,101,08/14/2025,P
134268,102,08/14/2025,P
134289,102,08/14/2025,P
134383,101,08/14/2025,T
135262,102,08/14/2025,P
135758,101,08/14/2025,P
135769,101,08/14/2025,P
135812,102,08/14/2025,P
135821,102,08/14/2025,P
135901,101,08/14/2025,A
135923,101,08/14/2025,A
136336,102,08/14/2025,P
136474,101,08/14/2025,P
136533,101,08/14/2025,P
136558,102,08/14/2025,P
136962,101,08/14/2025,P
137523,102,08/14/2025,P
137717,102,08/14/2025,P
137842,102,08/14/2025,T
138052,102,08/14/2025,P
138385,101,08/14/2025,P
138406,102,08/14/2025,P
138438,102,08/14/2025,P
138530,101,08/14/2025,P
139142,101,08/14/2025,P
139199,101,08/14/2025,P
139332,102,08/14/2025,P
100014,101,08/15/2025,P
100166,102,08/15/2025,P
100336,101,08/15/2025,P
100607,102,08/15/2025,P
100752,102,08/15/2025,P
100926,101,08/15/2025,T
101621,101,08/15/2025,P
101663,101,08/15/2025,P
101676,101,08/15/2025,P
101690,102,08/15/2025,P
102169,102,08/15/2025,S
102203,101,08/15/2025,P
102926,102,08/15/2025,P
103203,101,08/15/2025,P
103366,101,08/15/2025,E
104812,101,08/15/2025,P
105001,102,08/15/2025,P
105290,102,08/15/2025,P
105443,101,08/15/2025,P
105533,101,08/15/2025,P
105876,102,08/15/2025,P
105943,101,08/15/2025,P
106040,102,08/15/2025,P
106334,101,08/15/2025,T
106425,102,08/15/2025,p
106447,101,08/15/2025,T
106722,101,08/15/2025,P
106726,102,08/15/2025,P
106955,102,08/15/2025,E
107257,102,08/15/2025,P
107631,101,08/15/2025,P
107806,101,08/15/2025,P
107917,101,08/15/2025,P
107954,101,08/15/2025,P
107996,102,08/15/2025,P
108454,101,08/15/2025,P
108599,101,08/15/2025,P
108838,102,08/15/2025,P
108870,101,08/15/2025,P
109233,102,08/15/2025,P
109333,101,08/15/2025,P
109734,101,08/15/2025,P
109820,101,08/15/2025,P
110142,102,08/15/2025,P
110493,102,08/15/2025,P
111996,102,08/15/2025,P
112752,101,08/15/2025,P
112890,102,08/15/2025,P
113028,101,08/15/2025,P
113273,102,08/15/2025,p
113777,102,08/15/2025,P
114609,101,08/15/2025,P
114633,102,08/15/2025,P
114714,101,08/15/2025,P
115002,101,08/15/2025,P
116242,102,08/15/2025,P
116449,101,08/15/2025,T
116483,101,08/15/2025,P
116950,102,08/15/2025,P
116962,101,08/15/2025,P
117598,102,08/15/2025,P
117631,101,08/15/2025,P
118824,101,08/15/2025,P
118848,101,08/15/2025,P
119009,101,08/15/2025,P
119050,102,08/15/2025,P
119292,102,08/15/2025,P
119901,101,08/15/2025,P
120054,101,08/15/2025,P
120160,101,08/15/2025,P
120250,101,08/15/2025,P
120593,102,08/15/2025,P
120752,101,08/15/2025,P
120937,102,08/15/2025,P
121367,102,08/15/2025,P
121480,101,08/15/2025,P
122308,101,08/15/2025,A
122742,101,08/15/2025,P
122784,102,08/15/2025,T
123160,102,08/15/2025,P
123412,101,08/15/2025,P
123588,101,08/15/2025,P
123825,101,08/15/2025,P
124172,101,08/15/2025,P
124641,101,08/15/2025,P
124664,101,08/15/2025,E
125516,102,08/15/2025,P
125585,102,08/15/2025,P
126032,101,08/15/2025,P
126093,102,08/15/2025,P
126134,101,08/15/2025,P
126342,101,08/15/2025,P
126350,102,08/15/2025,P
126955,101,08/15/2025,P
127003,102,08/15/2025,P
127379,101,08/15/2025,p
127522,102,08/15/2025,P
127565,102,08/15/2025,P
127670,102,08/15/2025,P
127881,102,08/15/2025,P
127903,102,08/15/2025,T
128141,102,08/15/2025,P
128381,102,08/15/2025,P
128734,101,08/15/2025,T
128907,101,08/15/2025,P
129451,102,08/15/2025,P
129468,102,08/15/2025,P
129500,101,08/15/2025,P
129571,102,08/15/2025,P
129682,101,08/15/2025,P
129936,101,08/15/2025,P
129979,102,08/15/2025,P
129992,101,08/15/2025,P
130030,101,08/15/2025,P
130582,101,08/15/2025,P
130762,101,08/15/2025,P
130804,102,08/15/2025,P
130997,102,08/15/2025,P
131196,102,08/15/2025,P
131384,102,08/15/2025,P
131401,101,08/15/2025,P
131404,102,08/15/2025,P
131595,102,08/15/2025,P
131822,101,08/15/2025,P
132081,102,08/15/2025,P
132131,101,08/15/2025,P
132171,102,08/15/2025,P
132180,102,08/15/2025,P
132242,101,08/15/2025,P
132581,102,08/15/2025,P
132608,101,08/15/2025,P
132664,102,08/15/2025,P
132666,101,08/15/2025,P
132892,101,08/15/2025,P
132932,102,08/15/2025,P
133077,102,08/15/2025,P
133184,101,08/15/2025,P
133272,102,08/15/2025,P
133448,102,08/15/2025,P
133506,101,08/15/2025,E
133542,102,08/15/2025,P
133616,102,08/15/2025,P
133658,101,08/15/2025,P
133762,101,08/15/2025,P
133946,101,08/15/2025,P
134080,101,08/15/2025,P
134268,102,08/15/2025,P
134289,102,08/15/2025,P
134383,101,08/15/2025,P
135262,102,08/15/2025,P
135758,101,08/15/2025,P
135769,101,08/15/2025,P
135812,102,08/15/2025,P
135821,102,08/15/2025,P
135901,101,08/15/2025,P
135923,101,08/15/2025,P
136336,102,08/15/2025,P
136474,101,08/15/2025,P
136533,101,08/15/2025,P
136558,102,08/15/2025,P
136962,101,08/15/2025,P
137523,102,08/15/2025,P
137717,102,08/15/2025,P
137842,102,08/15/2025,P
138052,102,08/15/2025,P
138385,101,08/15/2025,P
138406,102,08/15/2025,P
138438,102,08/15/2025,P
138530,101,08/15/2025,P
139142,101,08/15/2025,P
139199,101,08/15/2025,P
139332,102,08/15/2025,P
100014,101,08/18/2025,P
100166,102,08/18/2025,P
100336,101,08/18/2025,P
100607,102,08/18/2025,P
100752,102,08/18/2025,P
100926,101,08/18/2025,P
101621,101,08/18/2025,P
101663,101,08/18/2025,P
101676,101,08/18/2025,P
101690,102,08/18/2025,P
102169,102,08/18/2025,P
102203,101,08/18/2025,P
102926,102,08/18/2025,P
103203,101,08/18/2025,P
103366,101,08/18/2025,P
104812,101,08/18/2025,P
105001,102,08/18/2025,P
105290,102,08/18/2025,P
105443,101,08/18/2025,p
105533,101,08/18/2025,P
105876,102,08/18/2025,P
105943,101,08/18/2025,P
106040,102,08/18/2025,P
106334,101,08/18/2025,P
106425,102,08/18/2025,P
106447,101,08/18/2025,P
106722,101,08/18/2025,P
106726,102,08/18/2025,P
106955,102,08/18/2025,P
107257,102,08/18/2025,P
107631,101,08/18/2025,P
107806,101,08/18/2025,P
107917,101,08/18/2025,E
107954,101,08/18/2025,E
107996,102,08/18/2025,P
108454,101,08/18/2025,P
108599,101,08/18/2025,P
108838,102,08/18/2025,P
108870,101,08/18/2025,E
109233,102,08/18/2025,P
109333,101,08/18/2025,P
109734,101,08/18/2025,P
109820,101,08/18/2025,P
110142,102,08/18/2025,P
110493,102,08/18/2025,P
111996,102,08/18/2025,P
112752,101,08/18/2025,P
112890,102,08/18/2025,P
113028,101,08/18/2025,P
113273,102,08/18/2025,P
113777,102,08/18/2025,P
114609,101,08/18/2025,P
114633,102,08/18/2025,P
114714,101,08/18/2025,P
115002,101,08/18/2025,P
116242,102,08/18/2025,P
116449,101,08/18/2025,P
116483,101,08/18/2025,P
116950,102,08/18/2025,P
116962,101,08/18/2025,P
117598,102,08/18/2025,T
117631,101,08/18/2025,P
118824,101,08/18/2025,P
118848,101,08/18/2025,P
119009,101,08/18/2025,P
119050,102,08/18/2025,P
119292,102,08/18/2025,P
119901,101,08/18/2025,P
120054,101,08/18/2025,P
120160,101,08/18/2025,P
120250,101,08/18/2025,P
120593,102,08/18/2025,P
120752,101,08/18/2025,P
120937,102,08/18/2025,P
121367,102,08/18/2025,P
121480,101,08/18/2025,A
122308,101,08/18/2025,P
122742,101,08/18/2025,P
122784,102,08/18/2025,P
123160,102,08/18/2025,P
123412,101,08/18/2025,P
123588,101,08/18/2025,P
123825,101,08/18/2025,P
124172,101,08/18/2025,P
124641,101,08/18/2025,P
124664,101,08/18/2025,P
125516,102,08/18/2025,P
125585,102,08/18/2025,P
126032,101,08/18/2025,P
126093,102,08/18/2025,P
126134,101,08/18/2025,P
126342,101,08/18/2025,P
126350,102,08/18/2025,P
126955,101,08/18/2025,P
127003,102,08/18/2025,P
127379,101,08/18/2025,P
127522,102,08/18/2025,P
127565,102,08/18/2025,T
127670,102,08/18/2025,P
127881,102,08/18/2025,P
127903,102,08/18/2025,P
128141,102,08/18/2025,P
128381,102,08/18/2025,P
128734,101,08/18/2025,E
128907,101,08/18/2025,P
129451,102,08/18/2025,P
129468,102,08/18/2025,P
129500,101,08/18/2025,P
129571,102,08/18/2025,P
129682,101,08/18/2025,P
129936,101,08/18/2025,T
129979,102,08/18/2025,P
129992,101,08/18/2025,P
130030,101,08/18/2025,P
130582,101,08/18/2025,P
130762,101,08/18/2025,P
130804,102,08/18/2025,P
130997,102,08/18/2025,P
131196,102,08/18/2025,p
131384,102,08/18/2025,P
131401,101,08/18/2025,P
131404,102,08/18/2025,P
131595,102,08/18/2025,P
131822,101,08/18/2025,P
132081,102,08/18/2025,P
132131,101,08/18/2025,P
132171,102,08/18/2025,P
132180,102,08/18/2025,P
132242,101,08/18/2025,P
132581,102,08/18/2025,P
132608,101,08/18/2025,P
132664,102,08/18/2025,P
132666,101,08/18/2025,P
132892,101,08/18/2025,P
132932,102,08/18/2025,E
133077,102,08/18/2025,P
133184,101,08/18/2025,P
133272,102,08/18/2025,P
133448,102,08/18/2025,P
133506,101,08/18/2025,P
133542,102,08/18/2025,P
133616,102,08/18/2025,S
133658,101,08/18/2025,T
133762,101,08/18/2025,P
133946,101,08/18/2025,P
134080,101,08/18/2025,P
134268,102,08/18/2025,P
134289,102,08/18/2025,P
134383,101,08/18/2025,p
135262,102,08/18/2025,P
135758,101,08/18/2025,P
135769,101,08/18/2025,P
135812,102,08/18/2025,P
135821,102,08/18/2025,P
135901,101,08/18/2025,P
135923,101,08/18/2025,P
136336,102,08/18/2025,T
136474,101,08/18/2025,P
136533,101,08/18/2025,P
136558,102,08/18/2025,P
136962,101,08/18/2025,P
137523,102,08/18/2025,P
137717,102,08/18/2025,P
137842,102,08/18/2025,P
138052,102,08/18/2025,P
138385,101,08/18/2025,P
138406,102,08/18/2025,P
138438,102,08/18/2025,P
138530,101,08/18/2025,P
139142,101,08/18/2025,P
139199,101,08/18/2025,A
139332,102,08/18/2025,P
100014,101,08/19/2025,P
100166,102,08/19/2025,P
100336,101,08/19/2025,P
100607,102,08/19/2025,P
100752,102,08/19/2025,P
100926,101,08/19/2025,P
101621,101,08/19/2025,P
101663,101,08/19/2025,E
101676,101,08/19/2025,P
101690,102,08/19/2025,P
102169,102,08/19/2025,P
102203,101,08/19/2025,P
102926,102,08/19/2025,P
103203,101,08/19/2025,P
103366,101,08/19/2025,P
104812,101,08/19/2025,E
105001,102,08/19/2025,P
105290,102,08/19/2025,P
105443,101,08/19/2025,P
105533,101,08/19/2025,P
105876,102,08/19/2025,P
105943,101,08/19/2025,P
106040,102,08/19/2025,P
106334,101,08/19/2025,p
106425,102,08/19/2025,P
106447,101,08/19/2025,P
106722,101,08/19/2025,P
106726,102,08/19/2025,P
106955,102,08/19/2025,P
107257,102,08/19/2025,P
107631,101,08/19/2025,P
107806,101,08/19/2025,P
107917,101,08/19/2025,P
107954,101,08/19/2025,P
107996,102,08/19/2025,P
108454,101,08/19/2025,P
108599,101,08/19/2025,P
108838,102,08/19/2025,P
108870,101,08/19/2025,P
109233,102,08/19/2025,P
109333,101,08/19/2025,E
109734,101,08/19/2025,P
109820,101,08/19/2025,P
110142,102,08/19/2025,P
110493,102,08/19/2025,P
111996,102,08/19/2025,P
112752,101,08/19/2025,P
112890,102,08/19/2025,P
113028,101,08/19/2025,P
113273,102,08/19/2025,P
113777,102,08/19/2025,P
114609,101,08/19/2025,A
114633,102,08/19/2025,P
114714,101,08/19/2025,P
115002,101,08/19/2025,E
116242,102,08/19/2025,P
116449,101,08/19/2025,P
116483,101,08/19/2025,P
116950,102,08/19/2025,P
116962,101,08/19/2025,P
117046,101,08/19/2025,P
117598,102,08/19/2025,P
117631,101,08/19/2025,P
118824,101,08/19/2025,P
118848,101,08/19/2025,P
119009,101,08/19/2025,P
119050,102,08/19/2025,P
119292,102,08/19/2025,P
119901,101,08/19/2025,P
120054,101,08/19/2025,P
120160,101,08/19/2025,P
120250,101,08/19/2025,P
120593,102,08/19/2025,P
120752,101,08/19/2025,P
120937,102,08/19/2025,P
121367,102,08/19/2025,P
121480,101,08/19/2025,P
122308,101,08/19/2025,P
122742,101,08/19/2025,E
122784,102,08/19/2025,P
123160,102,08/19/2025,P
123412,101,08/19/2025,P
123588,101,08/19/2025,P
123825,101,08/19/2025,P
124172,101,08/19/2025,P
124641,101,08/19/2025,P
124664,101,08/19/2025,P
125516,102,08/19/2025,P
125585,102,08/19/2025,P
126032,101,08/19/2025,P
126093,102,08/19/2025,P
126134,101,08/19/2025,P
126342,101,08/19/2025,P
126350,102,08/19/2025,P
126955,101,08/19/2025,P
127003,102,08/19/2025,P
127379,101,08/19/2025,P
127522,102,08/19/2025,P
127565,102,08/19/2025,P
127670,102,08/19/2025,P
127881,102,08/19/2025,P
127903,102,08/19/2025,P
128141,102,08/19/2025,P
128381,102,08/19/2025,P
128734,101,08/19/2025,P
128907,101,08/19/2025,P
129451,102,08/19/2025,P
129468,102,08/19/2025,P
129500,101,08/19/2025,P
129571,102,08/19/2025,P
129682,101,08/19/2025,P
129936,101,08/19/2025,A
129979,102,08/19/2025,P
129992,101,08/19/2025,P
130030,101,08/19/2025,P
130582,101,08/19/2025,P
130762,101,08/19/2025,T
130804,102,08/19/2025,P
130997,102,08/19/2025,P
131196,102,08/19/2025,P
131384,102,08/19/2025,P
131401,101,08/19/2025,P
131404,102,08/19/2025,P
131595,102,08/19/2025,P
131822,101,08/19/2025,P
132081,102,08/19/2025,P
132131,101,08/19/2025,P
132171,102,08/19/2025,a
132180,102,08/19/2025,P
132242,101,08/19/2025,P
132581,102,08/19/2025,P
132608,101,08/19/2025,P
132664,102,08/19/2025,E
132666,101,08/19/2025,P
132892,101,08/19/2025,P
132932,102,08/19/2025,P
133077,102,08/19/2025,P
133184,101,08/19/2025,P
133272,102,08/19/2025,P
133448,102,08/19/2025,P
133506,101,08/19/2025,P
133542,102,08/19/2025,P
133616,102,08/19/2025,P
133658,101,08/19/2025,P
133762,101,08/19/2025,P
133946,101,08/19/2025,T
134080,101,08/19/2025,P
134268,102,08/19/2025,A
134289,102,08/19/2025,P
134383,101,08/19/2025,P
135262,102,08/19/2025,P
135758,101,08/19/2025,P
135769,101,08/19/2025,P
135812,102,08/19/2025,P
135821,102,08/19/2025,P
135901,101,08/19/2025,T
135923,101,08/19/2025,P
136336,102,08/19/2025,P
136474,101,08/19/2025,P
136533,101,08/19/2025,P
136558,102,08/19/2025,P
136962,101,08/19/2025,P
137523,102,08/19/2025,P
137717,102,08/19/2025,P
137842,102,08/19/2025,P
138052,102,08/19/2025,P
138385,101,08/19/2025,P
138406,102,08/19/2025,P
138438,102,08/19/2025,P
138530,101,08/19/2025,A
139142,101,08/19/2025,P
139199,101,08/19/2025,P
139332,102,08/19/2025,A
100014,101,08/20/2025,P
100166,102,08/20/2025,T
100336,101,08/20/2025,P
100607,102,08/20/2025,P
100752,102,08/20/2025,E
100926,101,08/20/2025,P
101621,101,08/20/2025,P
101663,101,08/20/2025,P
101676,101,08/20/2025,P
101690,102,08/20/2025,P
102169,102,08/20/2025,P
102203,101,08/20/2025,p
102926,102,08/20/2025,T
103203,101,08/20/2025,P
103366,101,08/20/2025,P
104812,101,08/20/2025,A
105001,102,08/20/2025,P
105290,102,08/20/2025,P
105443,101,08/20/2025,P
105533,101,08/20/2025,P
105876,102,08/20/2025,P
105943,101,08/20/2025,P
106040,102,08/20/2025,P
106334,101,08/20/2025,P
106425,102,08/20/2025,P
106447,101,08/20/2025,P
106722,101,08/20/2025,P
106726,102,08/20/2025,P
106955,102,08/20/2025,P
107257,102,08/20/2025,P
107631,101,08/20/2025,P
107806,101,08/20/2025,P
107917,101,08/20/2025,E
107954,101,08/20/2025,P
107996,102,08/20/2025,P
108454,101,08/20/2025,P
108599,101,08/20/2025,P
108838,102,08/20/2025,P
108870,101,08/20/2025,P
109233,102,08/20/2025,P
109333,101,08/20/2025,P
109734,101,08/20/2025,P
109820,101,08/20/2025,P
110142,102,08/20/2025,P
110493,102,08/20/2025,P
111996,102,08/20/2025,P
112752,101,08/20/2025,T
112890,102,08/20/2025,P
113028,101,08/20/2025,P
113273,102,08/20/2025,P
113777,102,08/20/2025,P
114609,101,08/20/2025,P
114633,102,08/20/2025,P
114714,101,08/20/2025,P
115002,101,08/20/2025,P
116242,102,08/20/2025,E
116449,101,08/20/2025,P
116483,101,08/20/2025,P
116950,102,08/20/2025,P
116962,101,08/20/2025,P
117046,101,08/20/2025,P
117598,102,08/20/2025,P
117631,101,08/20/2025,P
118824,101,08/20/2025,P
118848,101,08/20/2025,P
119009,101,08/20/2025,P
119050,102,08/20/2025,P
119292,102,08/20/2025,P
119901,101,08/20/2025,P
120054,101,08/20/2025,P
120160,101,08/20/2025,P
120250,101,08/20/2025,P
120593,102,08/20/2025,P
120752,101,08/20/2025,P
120937,102,08/20/2025,P
121367,102,08/20/2025,P
121480,101,08/20/2025,P
122308,101,08/20/2025,P
122742,101,08/20/2025,P
122784,102,08/20/2025,P
123160,102,08/20/2025,P
123412,101,08/20/2025,P
123588,101,08/20/2025,P
123825,101,08/20/2025,P
124172,101,08/20/2025,P
124641,101,08/20/2025,P
124664,101,08/20/2025,P
125516,102,08/20/2025,P
125585,102,08/20/2025,P
126032,101,08/20/2025,P
126093,102,08/20/2025,P
126134,101,08/20/2025,P
126342,101,08/20/2025,P
126350,102,08/20/2025,P
126955,101,08/20/2025,P
127003,102,08/20/2025,P
127379,101,08/20/2025,P
127522,102,08/20/2025,P
127565,102,08/20/2025,P
127670,102,08/20/2025,P
127881,102,08/20/2025,P
127903,102,08/20/2025,P
128141,102,08/20/2025,P
128381,102,08/20/2025,P
128734,101,08/20/2025,P
128907,101,08/20/2025,P
129451,102,08/20/2025,A
129468,102,08/20/2025,P
129500,101,08/20/2025,P
129571,102,08/20/2025,P
129682,101,08/20/2025,P
129936,101,08/20/2025,P
129979,102,08/20/2025,P
129992,101,08/20/2025,P
130030,101,08/20/2025,P
130582,101,08/20/2025,P
130762,101,08/20/2025,P
130804,102,08/20/2025,P
130997,102,08/20/2025,P
131196,102,08/20/2025,P
131384,102,08/20/2025,P
131401,101,08/20/2025,P
131404,102,08/20/2025,A
131595,102,08/20/2025,P
131822,101,08/20/2025,P
132081,102,08/20/2025,P
132131,101,08/20/2025,P
132171,102,08/20/2025,P
132180,102,08/20/2025,P
132242,101,08/20/2025,P
132581,102,08/20/2025,P
132608,101,08/20/2025,P
132664,102,08/20/2025,P
132666,101,08/20/2025,P
132892,101,08/20/2025,P
132932,102,08/20/2025,P
133077,102,08/20/2025,P
133184,101,08/20/2025,P
133272,102,08/20/2025,P
133448,102,08/20/2025,P
133506,101,08/20/2025,P
133542,102,08/20/2025,P
133616,102,08/20/2025,P
133658,101,08/20/2025,P
133762,101,08/20/2025,P
133946,101,08/20/2025,P
134080,101,08/20/2025,P
134268,102,08/20/2025,P
134289,102,08/20/2025,P
134383,101,08/20/2025,P
135262,102,08/20/2025,P
135758,101,08/20/2025,P
135769,101,08/20/2025,P
135812,102,08/20/2025,P
135821,102,08/20/2025,P
135901,101,08/20/2025,P
135923,101,08/20/2025,P
136336,102,08/20/2025,P
136474,101,08/20/2025,P
136533,101,08/20/2025,P
136558,102,08/20/2025,P
136962,101,08/20/2025,P
137523,102,08/20/2025,P
137717,102,08/20/2025,P
137842,102,08/20/2025,P
138052,102,08/20/2025,P
138385,101,08/20/2025,P
138406,102,08/20/2025,P
138438,102,08/20/2025,P
138530,101,08/20/2025,P
139142,101,08/20/2025,P
139199,101,08/20/2025,P
139332,102,08/20/2025,P
100014,101,08/21/2025,P
100166,102,08/21/2025,E
100336,101,08/21/2025,P
100607,102,08/21/2025,P
100752,102,08/21/2025,P
100926,101,08/21/2025,P
101621,101,08/21/2025,P
101663,101,08/21/2025,P
101676,101,08/21/2025,P
101690,102,08/21/2025,P
102169,102,08/21/2025,A
102203,101,08/21/2025,P
102926,102,08/21/2025,P
103203,101,08/21/2025,P
103366,101,08/21/2025,E
104812,101,08/21/2025,P
105001,102,08/21/2025,P
105290,102,08/21/2025,P
105443,101,08/21/2025,P
105533,101,08/21/2025,P
105876,102,08/21/2025,P
105943,101,08/21/2025,P
106040,102,08/21/2025,P
106334,101,08/21/2025,T
106425,102,08/21/2025,A
106447,101,08/21/2025,P
106722,101,08/21/2025,P
106726,102,08/21/2025,P
106955,102,08/21/2025,P
107257,102,08/21/2025,P
107631,101,08/21/2025,P
107806,101,08/21/2025,P
107917,101,08/21/2025,T
107954,101,08/21/2025,P
107996,102,08/21/2025,P
108454,101,08/21/2025,P
108599,101,08/21/2025,P
108838,102,08/21/2025,P
108870,101,08/21/2025,P
109233,102,08/21/2025,P
109333,101,08/21/2025,P
109734,101,08/21/2025,P
109820,101,08/21/2025,P
110142,102,08/21/2025,P
110493,102,08/21/2025,P
111996,102,08/21/2025,E
112752,101,08/21/2025,E
112890,102,08/21/2025,P
113028,101,08/21/2025,P
113096,101,08/21/2025,P
113273,102,08/21/2025,P
113777,102,08/21/2025,P
114609,101,08/21/2025,P
114633,102,08/21/2025,P
114714,101,08/21/2025,T
115002,101,08/21/2025,P
116242,102,08/21/2025,P
116449,101,08/21/2025,P
116483,101,08/21/2025,P
116950,102,08/21/2025,P
116962,101,08/21/2025,P
117046,101,08/21/2025,P
117598,102,08/21/2025,P
117631,101,08/21/2025,P
118824,101,08/21/2025,P
118848,101,08/21/2025,P
119009,101,08/21/2025,P
119050,102,08/21/2025,P
119292,102,08/21/2025,P
119901,101,08/21/2025,P
120054,101,08/21/2025,P
120160,101,08/21/2025,P
120250,101,08/21/2025,P
120593,102,08/21/2025,P
120752,101,08/21/2025,P
120937,102,08/21/2025,P
121367,102,08/21/2025,P
121480,101,08/21/2025,P
122308,101,08/21/2025,P
122742,101,08/21/2025,P
122784,102,08/21/2025,P
123160,102,08/21/2025,P
123412,101,08/21/2025,P
123588,101,08/21/2025,P
123825,101,08/21/2025,P
124172,101,08/21/2025,P
124641,101,08/21/2025,P
124664,101,08/21/2025,P
125516,102,08/21/2025,P
125585,102,08/21/2025,P
126032,101,08/21/2025,P
126093,102,08/21/2025,P
126134,101,08/21/2025,P
126342,101,08/21/2025,P
126350,102,08/21/2025,P
126955,101,08/21/2025,P
127003,102,08/21/2025,P
127379,101,08/21/2025,P
127522,102,08/21/2025,P
127565,102,08/21/2025,P
127670,102,08/21/2025,P
127881,102,08/21/2025,P
127903,102,08/21/2025,P
128141,102,08/21/2025,P
128381,102,08/21/2025,P
128734,101,08/21/2025,P
128907,101,08/21/2025,P
129451,102,08/21/2025,P
129468,102,08/21/2025,P
129500,101,08/21/2025,P
129571,102,08/21/2025,P
129682,101,08/21/2025,P
129936,101,08/21/2025,P
129979,102,08/21/2025,P
129992,101,08/21/2025,P
130030,101,08/21/2025,P
130582,101,08/21/2025,P
130762,101,08/21/2025,P
130804,102,08/21/2025,P
130997,102,08/21/2025,T
131196,102,08/21/2025,P
131384,102,08/21/2025,P
131401,101,08/21/2025,P
131404,102,08/21/2025,P
131595,102,08/21/2025,P
131822,101,08/21/2025,P
132081,102,08/21/2025,P
132131,101,08/21/2025,P
132171,102,08/21/2025,T
132180,102,08/21/2025,P
132242,101,08/21/2025,P
132581,102,08/21/2025,P
132608,101,08/21/2025,P
132664,102,08/21/2025,P
132666,101,08/21/2025,P
132892,101,08/21/2025,P
132932,102,08/21/2025,P
133077,102,08/21/2025,P
133184,101,08/21/2025,P
133272,102,08/21/2025,A
133448,102,08/21/2025,P
133506,101,08/21/2025,P
133542,102,08/21/2025,P
133616,102,08/21/2025,P
133658,101,08/21/2025,P
133762,101,08/21/2025,E
133946,101,08/21/2025,P
134080,101,08/21/2025,P
134268,102,08/21/2025,P
134289,102,08/21/2025,P
134383,101,08/21/2025,P
135262,102,08/21/2025,P
135758,101,08/21/2025,P
135769,101,08/21/2025,P
135812,102,08/21/2025,T
135821,102,08/21/2025,P
135901,101,08/21/2025,P
135923,101,08/21/2025,P
136336,102,08/21/2025,P
136474,101,08/21/2025,P
136533,101,08/21/2025,P
136558,102,08/21/2025,P
136962,101,08/21/2025,P
137523,102,08/21/2025,P
137717,102,08/21/2025,P
137842,102,08/21/2025,P
138052,102,08/21/2025,P
138385,101,08/21/2025,P
138406,102,08/21/2025,P
138438,102,08/21/2025,P
138530,101,08/21/2025,P
139142,101,08/21/2025,P
139199,101,08/21/2025,P
139332,102,08/21/2025,P
100014,101,08/22/2025,P
100166,102,08/22/2025,P
100336,101,08/22/2025,P
100607,102,08/22/2025,P
100752,102,08/22/2025,P
100926,101,08/22/2025,P
101621,101,08/22/2025,P
101663,101,08/22/2025,P
101676,101,08/22/2025,P
101690,102,08/22/2025,P
102169,102,08/22/2025,E
102203,101,08/22/2025,P
102926,102,08/22/2025,P
103203,101,08/22/2025,P
103366,101,08/22/2025,P
104812,101,08/22/2025,P
105001,102,08/22/2025,P
105290,102,08/22/2025,P
105443,101,08/22/2025,P
105533,101,08/22/2025,P
105876,102,08/22/2025,P
105943,101,08/22/2025,P
106040,102,08/22/2025,P
106334,101,08/22/2025,P
106425,102,08/22/2025,A
106447,101,08/22/2025,P
106722,101,08/22/2025,P
106726,102,08/22/2025,P
106955,102,08/22/2025,P
107257,102,08/22/2025,P
107631,101,08/22/2025,P
107806,101,08/22/2025,P
107917,101,08/22/2025,P
107954,101,08/22/2025,A
107996,102,08/22/2025,P
108454,101,08/22/2025,p
108599,101,08/22/2025,P
108838,102,08/22/2025,T
108870,101,08/22/2025,P
109233,102,08/22/2025,P
109333,101,08/22/2025,S
109734,101,08/22/2025,P
109820,101,08/22/2025,A
110142,102,08/22/2025,P
110493,102,08/22/2025,P
111996,102,08/22/2025,P
112752,101,08/22/2025,P
112890,102,08/22/2025,P
113028,101,08/22/2025,P
113096,101,08/22/2025,P
113273,102,08/22/2025,p
113777,102,08/22/2025,E
114609,101,08/22/2025,P
114633,102,08/22/2025,P
114714,101,08/22/2025,P
115002,101,08/22/2025,P
116242,102,08/22/2025,P
116449,101,08/22/2025,P
116483,101,08/22/2025,P
116950,102,08/22/2025,P
116962,101,08/22/2025,P
117046,101,08/22/2025,P
117598,102,08/22/2025,T
117631,101,08/22/2025,P
118824,101,08/22/2025,P
118848,101,08/22/2025,P
119009,101,08/22/2025,P
119050,102,08/22/2025,P
119292,102,08/22/2025,P
119901,101,08/22/2025,P
120054,101,08/22/2025,P
120160,101,08/22/2025,P
120250,101,08/22/2025,P
120593,102,08/22/2025,P
120752,101,08/22/2025,P
120937,102,08/22/2025,p
121367,102,08/22/2025,P
121480,101,08/22/2025,P
122308,101,08/22/2025,P
122742,101,08/22/2025,P
122784,102,08/22/2025,P
123160,102,08/22/2025,P
123412,101,08/22/2025,P
123588,101,08/22/2025,P
123825,101,08/22/2025,P
124172,101,08/22/2025,P
124641,101,08/22/2025,P
124664,101,08/22/2025,P
125516,102,08/22/2025,P
125585,102,08/22/2025,P
126032,101,08/22/2025,P
126093,102,08/22/2025,P
126134,101,08/22/2025,T
126342,101,08/22/2025,P
126350,102,08/22/2025,P
126955,101,08/22/2025,P
127003,102,08/22/2025,p
127379,101,08/22/2025,A
127522,102,08/22/2025,P
127565,102,08/22/2025,P
127670,102,08/22/2025,P
127881,102,08/22/2025,P
127903,102,08/22/2025,T
128141,102,08/22/2025,P
128381,102,08/22/2025,P
128734,101,08/22/2025,P
128907,101,08/22/2025,P
129451,102,08/22/2025,P
129468,102,08/22/2025,P
129500,101,08/22/2025,P
129571,102,08/22/2025,E
129682,101,08/22/2025,P
129936,101,08/22/2025,P
129979,102,08/22/2025,P
129992,101,08/22/2025,P
130030,101,08/22/2025,P
130582,101,08/22/2025,P
130762,101,08/22/2025,P
130804,102,08/22/2025,P
130997,102,08/22/2025,P
131196,102,08/22/2025,P
131384,102,08/22/2025,E
131401,101,08/22/2025,P
131404,102,08/22/2025,P
131595,102,08/22/2025,P
131822,101,08/22/2025,P
132081,102,08/22/2025,P
132131,101,08/22/2025,P
132171,102,08/22/2025,P
132180,102,08/22/2025,P
132242,101,08/22/2025,P
132581,102,08/22/2025,P
132608,101,08/22/2025,P
132664,102,08/22/2025,T
132666,101,08/22/2025,P
132892,101,08/22/2025,P
132932,102,08/22/2025,A
133077,102,08/22/2025,P
133184,101,08/22/2025,P
133272,102,08/22/2025,P
133448,102,08/22/2025,P
133506,101,08/22/2025,P
133542,102,08/22/2025,T
133616,102,08/22/2025,P
133658,101,08/22/2025,P
133762,101,08/22/2025,A
133946,101,08/22/2025,P
134080,101,08/22/2025,P
134268,102,08/22/2025,P
134289,102,08/22/2025,P
134383,101,08/22/2025,P
135262,102,08/22/2025,P
135758,101,08/22/2025,P
135769,101,08/22/2025,P
135812,102,08/22/2025,P
135821,102,08/22/2025,P
135901,101,08/22/2025,T
135923,101,08/22/2025,P
136336,102,08/22/2025,P
136474,101,08/22/2025,P
136533,101,08/22/2025,P
136558,102,08/22/2025,P
136962,101,08/22/2025,P
137523,102,08/22/2025,P
137717,102,08/22/2025,P
137842,102,08/22/2025,P
138052,102,08/22/2025,P
138385,101,08/22/2025,P
138406,102,08/22/2025,P
138438,102,08/22/2025,P
138530,101,08/22/2025,P
139142,101,08/22/2025,P
139199,101,08/22/2025,P
139332,102,08/22/2025,P
100014,101,08/25/2025,P
100166,102,08/25/2025,P
100336,101,08/25/2025,P
100607,102,08/25/2025,P
100752,102,08/25/2025,P
100926,101,08/25/2025,P
101621,101,08/25/2025,P
101663,101,08/25/2025,P
101676,101,08/25/2025,P
101690,102,08/25/2025,P
102169,102,08/25/2025,P
102203,101,08/25/2025,P
102926,102,08/25/2025,P
103203,101,08/25/2025,P
103366,101,08/25/2025,P
104812,101,08/25/2025,P
105001,102,08/25/2025,P
105290,102,08/25/2025,T
105443,101,08/25/2025,P
105533,101,08/25/2025,P
105876,102,08/25/2025,P
105943,101,08/25/2025,P
106040,102,08/25/2025,T
106334,101,08/25/2025,P
106425,102,08/25/2025,P
106447,101,08/25/2025,E
106722,101,08/25/2025,A
106726,102,08/25/2025,P
106955,102,08/25/2025,P
107257,102,08/25/2025,P
107631,101,08/25/2025,P
107806,101,08/25/2025,P
107917,101,08/25/2025,P
107954,101,08/25/2025,P
107996,102,08/25/2025,P
108454,101,08/25/2025,P
108599,101,08/25/2025,P
108838,102,08/25/2025,P
108870,101,08/25/2025,P
109233,102,08/25/2025,P
109333,101,08/25/2025,P
109734,101,08/25/2025,P
109820,101,08/25/2025,P
110142,102,08/25/2025,t
110493,102,08/25/2025,P
111996,102,08/25/2025,S
112752,101,08/25/2025,E
112890,102,08/25/2025,P
113028,101,08/25/2025,P
113096,101,08/25/2025,P
113273,102,08/25/2025,P
113777,102,08/25/2025,P
114609,101,08/25/2025,P
114633,102,08/25/2025,E
114714,101,08/25/2025,P
115002,101,08/25/2025,T
116242,102,08/25/2025,P
116449,101,08/25/2025,P
116483,101,08/25/2025,P
116950,102,08/25/2025,P
116962,101,08/25/2025,A
117046,101,08/25/2025,P
117598,102,08/25/2025,P
117631,101,08/25/2025,P
118824,101,08/25/2025,P
118848,101,08/25/2025,P
119009,101,08/25/2025,P
119050,102,08/25/2025,P
119292,102,08/25/2025,P
119901,101,08/25/2025,P
120054,101,08/25/2025,P
120160,101,08/25/2025,P
120250,101,08/25/2025,P
120593,102,08/25/2025,P
120752,101,08/25/2025,P
120937,102,08/25/2025,P
121367,102,08/25/2025,P
121480,101,08/25/2025,E
122308,101,08/25/2025,S
122742,101,08/25/2025,P
122784,102,08/25/2025,P
123160,102,08/25/2025,P
123412,101,08/25/2025,P
123588,101,08/25/2025,P
123825,101,08/25/2025,T
124172,101,08/25/2025,P
124641,101,08/25/2025,P
124664,101,08/25/2025,P
125516,102,08/25/2025,P
125585,102,08/25/2025,P
126032,101,08/25/2025,P
126093,102,08/25/2025,P
126134,101,08/25/2025,P
126342,101,08/25/2025,P
126350,102,08/25/2025,P
126955,101,08/25/2025,P
127003,102,08/25/2025,P
127379,101,08/25/2025,P
127522,102,08/25/2025,P
127565,102,08/25/2025,P
127670,102,08/25/2025,P
127881,102,08/25/2025,P
127903,102,08/25/2025,P
128141,102,08/25/2025,P
128381,102,08/25/2025,P
128734,101,08/25/2025,P
128907,101,08/25/2025,P
129451,102,08/25/2025,P
129468,102,08/25/2025,P
129500,101,08/25/2025,A
129571,102,08/25/2025,P
129682,101,08/25/2025,P
129936,101,08/25/2025,P
129979,102,08/25/2025,P
129992,101,08/25/2025,P
130030,101,08/25/2025,P
130582,101,08/25/2025,T
130762,101,08/25/2025,P
130804,102,08/25/2025,P
130997,102,08/25/2025,P
131196,102,08/25/2025,P
131384,102,08/25/2025,P
131401,101,08/25/2025,P
131404,102,08/25/2025,P
131595,102,08/25/2025,P
131822,101,08/25/2025,T
132081,102,08/25/2025,T
132131,101,08/25/2025,P
132171,102,08/25/2025,P
132180,102,08/25/2025,P
132242,101,08/25/2025,A
132581,102,08/25/2025,P
132608,101,08/25/2025,P
132664,102,08/25/2025,P
132666,101,08/25/2025,P
132892,101,08/25/2025,P
132932,102,08/25/2025,P
133077,102,08/25/2025,P
133184,101,08/25/2025,P
133272,102,08/25/2025,P
133448,102,08/25/2025,P
133506,101,08/25/2025,P
133542,102,08/25/2025,P
133616,102,08/25/2025,P
133658,101,08/25/2025,P
133762,101,08/25/2025,P
133946,101,08/25/2025,P
134080,101,08/25/2025,P
134268,102,08/25/2025,P
134289,102,08/25/2025,P
134383,101,08/25/2025,P
135262,102,08/25/2025,P
135758,101,08/25/2025,P
135769,101,08/25/2025,P
135812,102,08/25/2025,A
135821,102,08/25/2025,P
135901,101,08/25/2025,P
135923,101,08/25/2025,P
136336,102,08/25/2025,P
136474,101,08/25/2025,P
136533,101,08/25/2025,P
136558,102,08/25/2025,P
136962,101,08/25/2025,P
137523,102,08/25/2025,P
137717,102,08/25/2025,P
137842,102,08/25/2025,P
138052,102,08/25/2025,P
138385,101,08/25/2025,P
138406,102,08/25/2025,P
138438,102,08/25/2025,P
138530,101,08/25/2025,P
139142,101,08/25/2025,P
139199,101,08/25/2025,A
139332,102,08/25/2025,P
100014,101,08/26/2025,P
100166,102,08/26/2025,T
100336,101,08/26/2025,P
100607,102,08/26/2025,P
100752,102,08/26/2025,P
100926,101,08/26/2025,P
101621,101,08/26/2025,P
101663,101,08/26/2025,P
101676,101,08/26/2025,P
101690,102,08/26/2025,P
102169,102,08/26/2025,P
102203,101,08/26/2025,P
102926,102,08/26/2025,P
103203,101,08/26/2025,P
103366,101,08/26/2025,P
104812,101,08/26/2025,A
105001,102,08/26/2025,P
105290,102,08/26/2025,P
105443,101,08/26/2025,T
105533,101,08/26/2025,P
105876,102,08/26/2025,T
105943,101,08/26/2025,P
106040,102,08/26/2025,P
106334,101,08/26/2025,P
106425,102,08/26/2025,P
106447,101,08/26/2025,P
106722,101,08/26/2025,P
106726,102,08/26/2025,P
106955,102,08/26/2025,P
107257,102,08/26/2025,P
107631,101,08/26/2025,P
107806,101,08/26/2025,P
107917,101,08/26/2025,P
107954,101,08/26/2025,P
107996,102,08/26/2025,P
108454,101,08/26/2025,P
108599,101,08/26/2025,P
108838,102,08/26/2025,P
108870,101,08/26/2025,P
109233,102,08/26/2025,P
109333,101,08/26/2025,P
109734,101,08/26/2025,P
109820,101,08/26/2025,P
110142,102,08/26/2025,P
110493,102,08/26/2025,P
111996,102,08/26/2025,P
112752,101,08/26/2025,P
112890,102,08/26/2025,P
113028,101,08/26/2025,P
113096,101,08/26/2025,P
113273,102,08/26/2025,P
113777,102,08/26/2025,P
114609,101,08/26/2025,P
114633,102,08/26/2025,P
114714,101,08/26/2025,P
115002,101,08/26/2025,P
116242,102,08/26/2025,P
116449,101,08/26/2025,P
116483,101,08/26/2025,P
116950,102,08/26/2025,P
116962,101,08/26/2025,P
117046,101,08/26/2025,P
117598,102,08/26/2025,P
117631,101,08/26/2025,E
118824,101,08/26/2025,P
118848,101,08/26/2025,P
119009,101,08/26/2025,P
119050,102,08/26/2025,P
119292,102,08/26/2025,P
119901,101,08/26/2025,P
120054,101,08/26/2025,P
120160,101,08/26/2025,P
120250,101,08/26/2025,A
120593,102,08/26/2025,T
120752,101,08/26/2025,T
120937,102,08/26/2025,P
121367,102,08/26/2025,P
121480,101,08/26/2025,A
122308,101,08/26/2025,T
122742,101,08/26/2025,P
122784,102,08/26/2025,P
123160,102,08/26/2025,P
123412,101,08/26/2025,P
123588,101,08/26/2025,P
123825,101,08/26/2025,P
124172,101,08/26/2025,P
124641,101,08/26/2025,P
124664,101,08/26/2025,P
125516,102,08/26/2025,P
125585,102,08/26/2025,A
126032,101,08/26/2025,P
126093,102,08/26/2025,P
126134,101,08/26/2025,P
126342,101,08/26/2025,T
126350,102,08/26/2025,P
126955,101,08/26/2025,A
127003,102,08/26/2025,P
127379,101,08/26/2025,P
127522,102,08/26/2025,p
127565,102,08/26/2025,P
127670,102,08/26/2025,P
127881,102,08/26/2025,P
127903,102,08/26/2025,E
128141,102,08/26/2025,P
128381,102,08/26/2025,P
128734,101,08/26/2025,P
128907,101,08/26/2025,P
129451,102,08/26/2025,P
129468,102,08/26/2025,P
129500,101,08/26/2025,P
129571,102,08/26/2025,P
129682,101,08/26/2025,P
129936,101,08/26/2025,P
129979,102,08/26/2025,T
129992,101,08/26/2025,P
130030,101,08/26/2025,P
130582,101,08/26/2025,T
130762,101,08/26/2025,P
130804,102,08/26/2025,P
130997,102,08/26/2025,P
131196,102,08/26/2025,P
131384,102,08/26/2025,P
131401,101,08/26/2025,E
131404,102,08/26/2025,P
131595,102,08/26/2025,P
131822,101,08/26/2025,P
132081,102,08/26/2025,P
132131,101,08/26/2025,P
132171,102,08/26/2025,P
132180,102,08/26/2025,P
132242,101,08/26/2025,P
132581,102,08/26/2025,P
132608,101,08/26/2025,P
132664,102,08/26/2025,P
132666,101,08/26/2025,P
132892,101,08/26/2025,P
132932,102,08/26/2025,P
133077,102,08/26/2025,P
133184,101,08/26/2025,P
133272,102,08/26/2025,P
133448,102,08/26/2025,P
133506,101,08/26/2025,P
133542,102,08/26/2025,p
133616,102,08/26/2025,P
133658,101,08/26/2025,P
133762,101,08/26/2025,E
133946,101,08/26/2025,P
134080,101,08/26/2025,P
134268,102,08/26/2025,P
134289,102,08/26/2025,P
134383,101,08/26/2025,P
135262,102,08/26/2025,P
135758,101,08/26/2025,P
135769,101,08/26/2025,P
135812,102,08/26/2025,P
135821,102,08/26/2025,P
135901,101,08/26/2025,P
135923,101,08/26/2025,P
136336,102,08/26/2025,P
136474,101,08/26/2025,E
136533,101,08/26/2025,P
136558,102,08/26/2025,P
136962,101,08/26/2025,P
137523,102,08/26/2025,P
137717,102,08/26/2025,P
137842,102,08/26/2025,P
138052,102,08/26/2025,P
138385,101,08/26/2025,P
138406,102,08/26/2025,P
138438,102,08/26/2025,P
138530,101,08/26/2025,P
139142,101,08/26/2025,P
139199,101,08/26/2025,P
139332,102,08/26/2025,T
100014,101,08/27/2025,T
100166,102,08/27/2025,P
100336,101,08/27/2025,T
100607,102,08/27/2025,P
100752,102,08/27/2025,P
100926,101,08/27/2025,P
101621,101,08/27/2025,P
101663,101,08/27/2025,E
101676,101,08/27/2025,P
101690,102,08/27/2025,P
102169,102,08/27/2025,E
102203,101,08/27/2025,P
102926,102,08/27/2025,P
103203,101,08/27/2025,P
103366,101,08/27/2025,P
104812,101,08/27/2025,P
105001,102,08/27/2025,P
105290,102,08/27/2025,P
105443,101,08/27/2025,P
105533,101,08/27/2025,T
105876,102,08/27/2025,P
105943,101,08/27/2025,P
106040,102,08/27/2025,P
106334,101,08/27/2025,P
106425,102,08/27/2025,P
106447,101,08/27/2025,P
106722,101,08/27/2025,E
106726,102,08/27/2025,P
106955,102,08/27/2025,P
107257,102,08/27/2025,P
107631,101,08/27/2025,P
107806,101,08/27/2025,T
107917,101,08/27/2025,P
107954,101,08/27/2025,P
107996,102,08/27/2025,P
108454,101,08/27/2025,P
108599,101,08/27/2025,P
108838,102,08/27/2025,P
108870,101,08/27/2025,P
109233,102,08/27/2025,P
109333,101,08/27/2025,P
109734,101,08/27/2025,P
109820,101,08/27/2025,P
110142,102,08/27/2025,P
110493,102,08/27/2025,P
111996,102,08/27/2025,P
112752,101,08/27/2025,P
112890,102,08/27/2025,P
113028,101,08/27/2025,P
113096,101,08/27/2025,T
113273,102,08/27/2025,P
113777,102,08/27/2025,P
114609,101,08/27/2025,P
114633,102,08/27/2025,P
114714,101,08/27/2025,P
115002,101,08/27/2025,P
116242,102,08/27/2025,P
116449,101,08/27/2025,P
116483,101,08/27/2025,P
116950,102,08/27/2025,P
116962,101,08/27/2025,P
117046,101,08/27/2025,P
117598,102,08/27/2025,P
117631,101,08/27/2025,P
118824,101,08/27/2025,P
118848,101,08/27/2025,P
119009,101,08/27/2025,E
119050,102,08/27/2025,P
119292,102,08/27/2025,T
119901,101,08/27/2025,P
120054,101,08/27/2025,P
120160,101,08/27/2025,P
120250,101,08/27/2025,P
120593,102,08/27/2025,P
120752,101,08/27/2025,P
120937,102,08/27/2025,P
121367,102,08/27/2025,P
121480,101,08/27/2025,P
122308,101,08/27/2025,P
122742,101,08/27/2025,P
122784,102,08/27/2025,P
123160,102,08/27/2025,P
123412,101,08/27/2025,P
123588,101,08/27/2025,P
123825,101,08/27/2025,P
124172,101,08/27/2025,P
124641,101,08/27/2025,P
124664,101,08/27/2025,T
125516,102,08/27/2025,P
125585,102,08/27/2025,P
126032,101,08/27/2025,P
126093,102,08/27/2025,P
126134,101,08/27/2025,A
126342,101,08/27/2025,P
126350,102,08/27/2025,P
126955,101,08/27/2025,A
127003,102,08/27/2025,P
127379,101,08/27/2025,P
127522,102,08/27/2025,P
127565,102,08/27/2025,P
127670,102,08/27/2025,P
127881,102,08/27/2025,P
127903,102,08/27/2025,P
128141,102,08/27/2025,E
128381,102,08/27/2025,P
128734,101,08/27/2025,P
128907,101,08/27/2025,p
129451,102,08/27/2025,P
129468,102,08/27/2025,P
129500,101,08/27/2025,P
129571,102,08/27/2025,P
129682,101,08/27/2025,P
129936,101,08/27/2025,P
129979,102,08/27/2025,P
129992,101,08/27/2025,P
130030,101,08/27/2025,P
130582,101,08/27/2025,P
130762,101,08/27/2025,P
130804,102,08/27/2025,P
130997,102,08/27/2025,P
131196,102,08/27/2025,P
131384,102,08/27/2025,P
131401,101,08/27/2025,P
131404,102,08/27/2025,P
131595,102,08/27/2025,P
131822,101,08/27/2025,P
132081,102,08/27/2025,P
132131,101,08/27/2025,P
132171,102,08/27/2025,A
132180,102,08/27/2025,P
132242,101,08/27/2025,A
132581,102,08/27/2025,P
132608,101,08/27/2025,P
132664,102,08/27/2025,P
132666,101,08/27/2025,P
132892,101,08/27/2025,P
132932,102,08/27/2025,P
133077,102,08/27/2025,P
133184,101,08/27/2025,P
133272,102,08/27/2025,P
133448,102,08/27/2025,P
133506,101,08/27/2025,P
133542,102,08/27/2025,P
133616,102,08/27/2025,P
133658,101,08/27/2025,P
133762,101,08/27/2025,P
133946,101,08/27/2025,P
134080,101,08/27/2025,P
134268,102,08/27/2025,p
134289,102,08/27/2025,E
134383,101,08/27/2025,P
135262,102,08/27/2025,P
135758,101,08/27/2025,A
135769,101,08/27/2025,P
135812,102,08/27/2025,P
135821,102,08/27/2025,P
135901,101,08/27/2025,P
135923,101,08/27/2025,P
136336,102,08/27/2025,P
136474,101,08/27/2025,P
136533,101,08/27/2025,P
136558,102,08/27/2025,P
136962,101,08/27/2025,P
137523,102,08/27/2025,P
137717,102,08/27/2025,P
137842,102,08/27/2025,P
138052,102,08/27/2025,T
138385,101,08/27/2025,P
138406,102,08/27/2025,P
138438,102,08/27/2025,P
138530,101,08/27/2025,P
139142,101,08/27/2025,P
139199,101,08/27/2025,P
139332,102,08/27/2025,P
100014,101,08/28/2025,P
100166,102,08/28/2025,P
100336,101,08/28/2025,P
100607,102,08/28/2025,P
100752,102,08/28/2025,P
100926,101,08/28/2025,P
101621,101,08/28/2025,P
101663,101,08/28/2025,P
101676,101,08/28/2025,P
101690,102,08/28/2025,T
102169,102,08/28/2025,P
102203,101,08/28/2025,P
102926,102,08/28/2025,P
103203,101,08/28/2025,P
103366,101,08/28/2025,P
104812,101,08/28/2025,P
105001,102,08/28/2025,P
105290,102,08/28/2025,P
105443,101,08/28/2025,P
105533,101,08/28/2025,P
105876,102,08/28/2025,P
105943,101,08/28/2025,P
106040,102,08/28/2025,P
106334,101,08/28/2025,P
106425,102,08/28/2025,P
106447,101,08/28/2025,P
106722,101,08/28/2025,P
106726,102,08/28/2025,P
106955,102,08/28/2025,P
107257,102,08/28/2025,P
107631,101,08/28/2025,P
107806,101,08/28/2025,E
107917,101,08/28/2025,P
107954,101,08/28/2025,P
107996,102,08/28/2025,P
108454,101,08/28/2025,P
108599,101,08/28/2025,P
108838,102,08/28/2025,P
108870,101,08/28/2025,P
109233,102,08/28/2025,P
109333,101,08/28/2025,A
109734,101,08/28/2025,P
109820,101,08/28/2025,P
110142,102,08/28/2025,P
110493,102,08/28/2025,P
111996,102,08/28/2025,A
112752,101,08/28/2025,E
112890,102,08/28/2025,P
113028,101,08/28/2025,T
113096,101,08/28/2025,A
113273,102,08/28/2025,P
113777,102,08/28/2025,P
114609,101,08/28/2025,P
114633,102,08/28/2025,P
114714,101,08/28/2025,P
115002,101,08/28/2025,P
116242,102,08/28/2025,P
116449,101,08/28/2025,P
116483,101,08/28/2025,P
116950,102,08/28/2025,P
116962,101,08/28/2025,P
117046,101,08/28/2025,P
117598,102,08/28/2025,P
117631,101,08/28/2025,P
118824,101,08/28/2025,P
118848,101,08/28/2025,T
119009,101,08/28/2025,P
119050,102,08/28/2025,P
119292,102,08/28/2025,P
119901,101,08/28/2025,P
120054,101,08/28/2025,P
120160,101,08/28/2025,P
120250,101,08/28/2025,P
120593,102,08/28/2025,P
120752,101,08/28/2025,T
120937,102,08/28/2025,P
121367,102,08/28/2025,P
121480,101,08/28/2025,E
122308,101,08/28/2025,P
122742,101,08/28/2025,P
122784,102,08/28/2025,P
123160,102,08/28/2025,P
123412,101,08/28/2025,P
123588,101,08/28/2025,P
123825,101,08/28/2025,P
124172,101,08/28/2025,P
124641,101,08/28/2025,P
124664,101,08/28/2025,P
125516,102,08/28/2025,P
125585,102,08/28/2025,P
126032,101,08/28/2025,P
126093,102,08/28/2025,A
126134,101,08/28/2025,P
126342,101,08/28/2025,P
126350,102,08/28/2025,P
126955,101,08/28/2025,P
127003,102,08/28/2025,A
127379,101,08/28/2025,P
127522,102,08/28/2025,P
127565,102,08/28/2025,P
127670,102,08/28/2025,P
127881,102,08/28/2025,P
127903,102,08/28/2025,P
128141,102,08/28/2025,P
128381,102,08/28/2025,P
128734,101,08/28/2025,P
128907,101,08/28/2025,P
129451,102,08/28/2025,P
129468,102,08/28/2025,P
129500,101,08/28/2025,p
129571,102,08/28/2025,P
129682,101,08/28/2025,P
129936,101,08/28/2025,P
129979,102,08/28/2025,P
129992,101,08/28/2025,P
130030,101,08/28/2025,P
130582,101,08/28/2025,P
130762,101,08/28/2025,P
130804,102,08/28/2025,P
130997,102,08/28/2025,P
131196,102,08/28/2025,P
131384,102,08/28/2025,P
131401,101,08/28/2025,P
131404,102,08/28/2025,P
131595,102,08/28/2025,P
131822,101,08/28/2025,P
132081,102,08/28/2025,P
132131,101,08/28/2025,P
132171,102,08/28/2025,P
132180,102,08/28/2025,P
132242,101,08/28/2025,P
132581,102,08/28/2025,P
132608,101,08/28/2025,P
132664,102,08/28/2025,P
132666,101,08/28/2025,P
132892,101,08/28/2025,P
132932,102,08/28/2025,P
133077,102,08/28/2025,P
133184,101,08/28/2025,P
133272,102,08/28/2025,P
133448,102,08/28/2025,P
133506,101,08/28/2025,P
133542,102,08/28/2025,P
133616,102,08/28/2025,P
133658,101,08/28/2025,P
133762,101,08/28/2025,A
133946,101,08/28/2025,P
134080,101,08/28/2025,P
134268,102,08/28/2025,P
134289,102,08/28/2025,P
134383,101,08/28/2025,P
135262,102,08/28/2025,P
135758,101,08/28/2025,P
135769,101,08/28/2025,P
135812,102,08/28/2025,P
135821,102,08/28/2025,P
135901,101,08/28/2025,P
135923,101,08/28/2025,P
136336,102,08/28/2025,P
136474,101,08/28/2025,P
136533,101,08/28/2025,P
136558,102,08/28/2025,P
136962,101,08/28/2025,P
137523,102,08/28/2025,P
137717,102,08/28/2025,P
137842,102,08/28/2025,P
138052,102,08/28/2025,P
138385,101,08/28/2025,A
138406,102,08/28/2025,P
138438,102,08/28/2025,P
138530,101,08/28/2025,P
139142,101,08/28/2025,P
139199,101,08/28/2025,P
139332,102,08/28/2025,P
100014,101,08/29/2025,P
100166,102,08/29/2025,T
100336,101,08/29/2025,P
100607,102,08/29/2025,P
100752,102,08/29/2025,P
100926,101,08/29/2025,T
101621,101,08/29/2025,P
101663,101,08/29/2025,A
101676,101,08/29/2025,P
101690,102,08/29/2025,P
102169,102,08/29/2025,P
102203,101,08/29/2025,P
102926,102,08/29/2025,P
103203,101,08/29/2025,P
103366,101,08/29/2025,E
104812,101,08/29/2025,A
105001,102,08/29/2025,P
105290,102,08/29/2025,P
105443,101,08/29/2025,P
105533,101,08/29/2025,P
105876,102,08/29/2025,P
105943,101,08/29/2025,P
106040,102,08/29/2025,P
106334,101,08/29/2025,P
106425,102,08/29/2025,P
106447,101,08/29/2025,P
106722,101,08/29/2025,E
106726,102,08/29/2025,P
106955,102,08/29/2025,P
107257,102,08/29/2025,P
107631,101,08/29/2025,P
107806,101,08/29/2025,P
107917,101,08/29/2025,P
107954,101,08/29/2025,P
107996,102,08/29/2025,P
108454,101,08/29/2025,P
108599,101,08/29/2025,P
108838,102,08/29/2025,P
108870,101,08/29/2025,P
109233,102,08/29/2025,T
109333,101,08/29/2025,p
109734,101,08/29/2025,P
109820,101,08/29/2025,P
110142,102,08/29/2025,P
110493,102,08/29/2025,P
111996,102,08/29/2025,P
112752,101,08/29/2025,P
112890,102,08/29/2025,P
113028,101,08/29/2025,P
113096,101,08/29/2025,P
113273,102,08/29/2025,P
113777,102,08/29/2025,P
114609,101,08/29/2025,P
114633,102,08/29/2025,P
114714,101,08/29/2025,P
115002,101,08/29/2025,p
116242,102,08/29/2025,P
116449,101,08/29/2025,P
116483,101,08/29/2025,P
116950,102,08/29/2025,T
116962,101,08/29/2025,P
117046,101,08/29/2025,P
117598,102,08/29/2025,P
117631,101,08/29/2025,P
118824,101,08/29/2025,P
118848,101,08/29/2025,P
119009,101,08/29/2025,P
119050,102,08/29/2025,P
119292,102,08/29/2025,P
119901,101,08/29/2025,P
120054,101,08/29/2025,P
120160,101,08/29/2025,A
120250,101,08/29/2025,P
120593,102,08/29/2025,P
120752,101,08/29/2025,P
120937,102,08/29/2025,P
121367,102,08/29/2025,T
121480,101,08/29/2025,p
122308,101,08/29/2025,A
122742,101,08/29/2025,P
122784,102,08/29/2025,P
123160,102,08/29/2025,P
123412,101,08/29/2025,E
123588,101,08/29/2025,P
123825,101,08/29/2025,P
124172,101,08/29/2025,P
124641,101,08/29/2025,P
124664,101,08/29/2025,P
125516,102,08/29/2025,P
125585,102,08/29/2025,P
126032,101,08/29/2025,P
126093,102,08/29/2025,P
126134,101,08/29/2025,P
126342,101,08/29/2025,P
126350,102,08/29/2025,P
126955,101,08/29/2025,P
127003,102,08/29/2025,P
127379,101,08/29/2025,P
127522,102,08/29/2025,P
127565,102,08/29/2025,P
127670,102,08/29/2025,P
127881,102,08/29/2025,P
127903,102,08/29/2025,P
128141,102,08/29/2025,P
128381,102,08/29/2025,p
128734,101,08/29/2025,T
128907,101,08/29/2025,P
129451,102,08/29/2025,P
129468,102,08/29/2025,P
129500,101,08/29/2025,P
129571,102,08/29/2025,P
129682,101,08/29/2025,P
129936,101,08/29/2025,P
129979,102,08/29/2025,P
129992,101,08/29/2025,P
130030,101,08/29/2025,P
130582,101,08/29/2025,P
130762,101,08/29/2025,P
130804,102,08/29/2025,P
130997,102,08/29/2025,P
131196,102,08/29/2025,P
131384,102,08/29/2025,P
131401,101,08/29/2025,P
131404,102,08/29/2025,P
131595,102,08/29/2025,P
131822,101,08/29/2025,P
132081,102,08/29/2025,P
132131,101,08/29/2025,P
132171,102,08/29/2025,P
132180,102,08/29/2025,P
132242,101,08/29/2025,P
132581,102,08/29/2025,P
132608,101,08/29/2025,P
132664,102,08/29/2025,P
132666,101,08/29/2025,P
132892,101,08/29/2025,P
132932,102,08/29/2025,P
133077,102,08/29/2025,P
133184,101,08/29/2025,P
133272,102,08/29/2025,P
133448,102,08/29/2025,P
133506,101,08/29/2025,P
133542,102,08/29/2025,P
133616,102,08/29/2025,P
133658,101,08/29/2025,P
133762,101,08/29/2025,P
133946,101,08/29/2025,P
134080,101,08/29/2025,P
134268,102,08/29/2025,P
134289,102,08/29/2025,P
134383,101,08/29/2025,P
135262,102,08/29/2025,P
135758,101,08/29/2025,P
135769,101,08/29/2025,A
135812,102,08/29/2025,A
135821,102,08/29/2025,P
135901,101,08/29/2025,A
135923,101,08/29/2025,P
136336,102,08/29/2025,P
136474,101,08/29/2025,P
136533,101,08/29/2025,P
136558,102,08/29/2025,P
136962,101,08/29/2025,T
137523,102,08/29/2025,P
137717,102,08/29/2025,P
137842,102,08/29/2025,P
138052,102,08/29/2025,P
138385,101,08/29/2025,P
138406,102,08/29/2025,P
138438,102,08/29/2025,P
138530,101,08/29/2025,P
139142,101,08/29/2025,P
139199,101,08/29/2025,E
139332,102,08/29/2025,P
100014,101,09/02/2025,P
100166,102,09/02/2025,P
100336,101,09/02/2025,P
100607,102,09/02/2025,P
100752,102,09/02/2025,P
100926,101,09/02/2025,P
101621,101,09/02/2025,P
101663,101,09/02/2025,T
101676,101,09/02/2025,P
101690,102,09/02/2025,P
102169,102,09/02/2025,P
102203,101,09/02/2025,P
102926,102,09/02/2025,P
103203,101,09/02/2025,P
103366,101,09/02/2025,P
104812,101,09/02/2025,A
105001,102,09/02/2025,P
105290,102,09/02/2025,P
105443,101,09/02/2025,P
105533,101,09/02/2025,P
105876,102,09/02/2025,P
105943,101,09/02/2025,P
106040,102,09/02/2025,P
106334,101,09/02/2025,P
106425,102,09/02/2025,P
106447,101,09/02/2025,P
106722,101,09/02/2025,A
106726,102,09/02/2025,P
106955,102,09/02/2025,P
107257,102,09/02/2025,P
107631,101,09/02/2025,P
107806,101,09/02/2025,P
107917,101,09/02/2025,E
107954,101,09/02/2025,P
107996,102,09/02/2025,P
108454,101,09/02/2025,P
108599,101,09/02/2025,P
108838,102,09/02/2025,P
108870,101,09/02/2025,P
109233,102,09/02/2025,T
109333,101,09/02/2025,T
109734,101,09/02/2025,P
109820,101,09/02/2025,P
110142,102,09/02/2025,P
110493,102,09/02/2025,P
111996,102,09/02/2025,P
112752,101,09/02/2025,P
112890,102,09/02/2025,P
113028,101,09/02/2025,P
113096,101,09/02/2025,P
113273,102,09/02/2025,P
113777,102,09/02/2025,P
114609,101,09/02/2025,P
114633,102,09/02/2025,P
114714,101,09/02/2025,P
115002,101,09/02/2025,P
116242,102,09/02/2025,P
116449,101,09/02/2025,P
116483,101,09/02/2025,P
116950,102,09/02/2025,P
116962,101,09/02/2025,P
117046,101,09/02/2025,P
117598,102,09/02/2025,P
117631,101,09/02/2025,P
118824,101,09/02/2025,P
118848,101,09/02/2025,P
119009,101,09/02/2025,P
119050,102,09/02/2025,P
119292,102,09/02/2025,P
119901,101,09/02/2025,P
120054,101,09/02/2025,P
120160,101,09/02/2025,A
120250,101,09/02/2025,T
120593,102,09/02/2025,P
120752,101,09/02/2025,p
120937,102,09/02/2025,P
121367,102,09/02/2025,P
121480,101,09/02/2025,E
122308,101,09/02/2025,P
122742,101,09/02/2025,P
122784,102,09/02/2025,P
123160,102,09/02/2025,P
123412,101,09/02/2025,P
123588,101,09/02/2025,P
123825,101,09/02/2025,P
124172,101,09/02/2025,P
124641,101,09/02/2025,P
124664,101,09/02/2025,P
125516,102,09/02/2025,P
125585,102,09/02/2025,P
126032,101,09/02/2025,P
126093,102,09/02/2025,P
126134,101,09/02/2025,A
126342,101,09/02/2025,E
126350,102,09/02/2025,P
126955,101,09/02/2025,P
127003,102,09/02/2025,A
127379,101,09/02/2025,P
127522,102,09/02/2025,P
127565,102,09/02/2025,P
127670,102,09/02/2025,P
127881,102,09/02/2025,P
127903,102,09/02/2025,P
128141,102,09/02/2025,P
128381,102,09/02/2025,P
128734,101,09/02/2025,T
128907,101,09/02/2025,P
129451,102,09/02/2025,P
129468,102,09/02/2025,P
129500,101,09/02/2025,P
129571,102,09/02/2025,P
129682,101,09/02/2025,P
129936,101,09/02/2025,P
129979,102,09/02/2025,P
129992,101,09/02/2025,P
130030,101,09/02/2025,P
130582,101,09/02/2025,P
130762,101,09/02/2025,P
130804,102,09/02/2025,P
130997,102,09/02/2025,P
131196,102,09/02/2025,P
131384,102,09/02/2025,P
131401,101,09/02/2025,P
131404,102,09/02/2025,P
131595,102,09/02/2025,P
131822,101,09/02/2025,P
132081,102,09/02/2025,P
132131,101,09/02/2025,P
132171,102,09/02/2025,E
132180,102,09/02/2025,P
132242,101,09/02/2025,P
132581,102,09/02/2025,P
132608,101,09/02/2025,P
132664,102,09/02/2025,P
132666,101,09/02/2025,P
132892,101,09/02/2025,P
132932,102,09/02/2025,P
133077,102,09/02/2025,P
133184,101,09/02/2025,P
133272,102,09/02/2025,P
133448,102,09/02/2025,P
133506,101,09/02/2025,P
133542,102,09/02/2025,P
133616,102,09/02/2025,P
133658,101,09/02/2025,P
133762,101,09/02/2025,P
133946,101,09/02/2025,P
134080,101,09/02/2025,P
134268,102,09/02/2025,P
134289,102,09/02/2025,T
134383,101,09/02/2025,P
135262,102,09/02/2025,P
135758,101,09/02/2025,T
135769,101,09/02/2025,P
135812,102,09/02/2025,P
135821,102,09/02/2025,P
135901,101,09/02/2025,P
135923,101,09/02/2025,P
136336,102,09/02/2025,T
136474,101,09/02/2025,P
136533,101,09/02/2025,P
136558,102,09/02/2025,T
136962,101,09/02/2025,P
137523,102,09/02/2025,P
137717,102,09/02/2025,P
137842,102,09/02/2025,P
138052,102,09/02/2025,P
138385,101,09/02/2025,P
138406,102,09/02/2025,T
138438,102,09/02/2025,P
138530,101,09/02/2025,P
139142,101,09/02/2025,P
139199,101,09/02/2025,P
139332,102,09/02/2025,P
100014,101,09/03/2025,P
100166,102,09/03/2025,P
100336,101,09/03/2025,T
100607,102,09/03/2025,P
100752,102,09/03/2025,P
100926,101,09/03/2025,E
101621,101,09/03/2025,P
101663,101,09/03/2025,P
101676,101,09/03/2025,T
101690,102,09/03/2025,P
102169,102,09/03/2025,E
102203,101,09/03/2025,P
102926,102,09/03/2025,P
103203,101,09/03/2025,P
103366,101,09/03/2025,P
104812,101,09/03/2025,P
105001,102,09/03/2025,P
105290,102,09/03/2025,P
105443,101,09/03/2025,T
105533,101,09/03/2025,A
105876,102,09/03/2025,P
105943,101,09/03/2025,P
106040,102,09/03/2025,P
106334,101,09/03/2025,P
106425,102,09/03/2025,p
106447,101,09/03/2025,P
106722,101,09/03/2025,P
106726,102,09/03/2025,P
106955,102,09/03/2025,P
107257,102,09/03/2025,P
107631,101,09/03/2025,T
107806,101,09/03/2025,P
107917,101,09/03/2025,P
107954,101,09/03/2025,P
107996,102,09/03/2025,P
108454,101,09/03/2025,P
108599,101,09/03/2025,P
108838,102,09/03/2025,P
108870,101,09/03/2025,P
109233,102,09/03/2025,P
109333,101,09/03/2025,P
109734,101,09/03/2025,P
109820,101,09/03/2025,P
110142,102,09/03/2025,P
110493,102,09/03/2025,P
111996,102,09/03/2025,P
112752,101,09/03/2025,P
112890,102,09/03/2025,P
113028,101,09/03/2025,P
113096,101,09/03/2025,P
113273,102,09/03/2025,P
113777,102,09/03/2025,P
114609,101,09/03/2025,P
114633,102,09/03/2025,P
114714,101,09/03/2025,P
115002,101,09/03/2025,P
116242,102,09/03/2025,P
116449,101,09/03/2025,P
116483,101,09/03/2025,P
116950,102,09/03/2025,P
116962,101,09/03/2025,P
117046,101,09/03/2025,P
117598,102,09/03/2025,A
117631,101,09/03/2025,P
118824,101,09/03/2025,P
118848,101,09/03/2025,P
119009,101,09/03/2025,P
119050,102,09/03/2025,P
119292,102,09/03/2025,P
119901,101,09/03/2025,P
120054,101,09/03/2025,P
120160,101,09/03/2025,P
120250,101,09/03/2025,P
120593,102,09/03/2025,P
120752,101,09/03/2025,P
120937,102,09/03/2025,P
121367,102,09/03/2025,P
121480,101,09/03/2025,P
122308,101,09/03/2025,P
122742,101,09/03/2025,P
122784,102,09/03/2025,A
123160,102,09/03/2025,P
123412,101,09/03/2025,P
123588,101,09/03/2025,P
123825,101,09/03/2025,P
124172,101,09/03/2025,S
124641,101,09/03/2025,P
124664,101,09/03/2025,T
125516,102,09/03/2025,P
125585,102,09/03/2025,P
126032,101,09/03/2025,T
126093,102,09/03/2025,P
126134,101,09/03/2025,P
126342,101,09/03/2025,P
126350,102,09/03/2025,P
126955,101,09/03/2025,A
127003,102,09/03/2025,P
127379,101,09/03/2025,P
127522,102,09/03/2025,P
127565,102,09/03/2025,P
127670,102,09/03/2025,P
127881,102,09/03/2025,P
127903,102,09/03/2025,P
128141,102,09/03/2025,P
128381,102,09/03/2025,P
128734,101,09/03/2025,P
128907,101,09/03/2025,P
129451,102,09/03/2025,P
129468,102,09/03/2025,P
129500,101,09/03/2025,P
129571,102,09/03/2025,P
129682,101,09/03/2025,P
129936,101,09/03/2025,P
129979,102,09/03/2025,P
129992,101,09/03/2025,P
130030,101,09/03/2025,P
130582,101,09/03/2025,P
130762,101,09/03/2025,P
130804,102,09/03/2025,P
130997,102,09/03/2025,E
131196,102,09/03/2025,P
131384,102,09/03/2025,E
131401,101,09/03/2025,T
131404,102,09/03/2025,P
131595,102,09/03/2025,P
131822,101,09/03/2025,P
132081,102,09/03/2025,P
132131,101,09/03/2025,T
132171,102,09/03/2025,P
132180,102,09/03/2025,P
132242,101,09/03/2025,P
132581,102,09/03/2025,P
132608,101,09/03/2025,p
132664,102,09/03/2025,P
132666,101,09/03/2025,P
132892,101,09/03/2025,P
132932,102,09/03/2025,P
133077,102,09/03/2025,P
133184,101,09/03/2025,P
133272,102,09/03/2025,P
133448,102,09/03/2025,P
133506,101,09/03/2025,P
133542,102,09/03/2025,P
133616,102,09/03/2025,P
133658,101,09/03/2025,P
133762,101,09/03/2025,P
133946,101,09/03/2025,P
134080,101,09/03/2025,P
134268,102,09/03/2025,P
134289,102,09/03/2025,P
134383,101,09/03/2025,P
135262,102,09/03/2025,T
135758,101,09/03/2025,P
135769,101,09/03/2025,P
135812,102,09/03/2025,P
135821,102,09/03/2025,P
135901,101,09/03/2025,P
135923,101,09/03/2025,P
136336,102,09/03/2025,P
136474,101,09/03/2025,P
136533,101,09/03/2025,P
136558,102,09/03/2025,P
136962,101,09/03/2025,T
137523,102,09/03/2025,P
137717,102,09/03/2025,P
137842,102,09/03/2025,P
138052,102,09/03/2025,P
138385,101,09/03/2025,P
138406,102,09/03/2025,P
138438,102,09/03/2025,P
138530,101,09/03/2025,P
139142,101,09/03/2025,P
139199,101,09/03/2025,P
139332,102,09/03/2025,P
100014,101,09/04/2025,P
100166,102,09/04/2025,P
100336,101,09/04/2025,P
100607,102,09/04/2025,P
100752,102,09/04/2025,P
100926,101,09/04/2025,P
101621,101,09/04/2025,P
101663,101,09/04/2025,E
101676,101,09/04/2025,P
101690,102,09/04/2025,P
102169,102,09/04/2025,P
102203,101,09/04/2025,P
102926,102,09/04/2025,T
103203,101,09/04/2025,P
103366,101,09/04/2025,P
104213,102,09/04/2025,T
104812,101,09/04/2025,A
105001,102,09/04/2025,P
105290,102,09/04/2025,P
105443,101,09/04/2025,P
105533,101,09/04/2025,P
105876,102,09/04/2025,T
105943,101,09/04/2025,P
106040,102,09/04/2025,P
106334,101,09/04/2025,P
106425,102,09/04/2025,P
106447,101,09/04/2025,P
106722,101,09/04/2025,P
106726,102,09/04/2025,P
106955,102,09/04/2025,P
107257,102,09/04/2025,p
107631,101,09/04/2025,P
107806,101,09/04/2025,P
107917,101,09/04/2025,P
107954,101,09/04/2025,P
107996,102,09/04/2025,P
108454,101,09/04/2025,P
108599,101,09/04/2025,P
108838,102,09/04/2025,P
108870,101,09/04/2025,P
109233,102,09/04/2025,P
109333,101,09/04/2025,P
109734,101,09/04/2025,P
109820,101,09/04/2025,P
110142,102,09/04/2025,P
110493,102,09/04/2025,P
111996,102,09/04/2025,P
112752,101,09/04/2025,p
112890,102,09/04/2025,p
113028,101,09/04/2025,P
113096,101,09/04/2025,S
113273,102,09/04/2025,P
113777,102,09/04/2025,P
114609,101,09/04/2025,P
114633,102,09/04/2025,P
114714,101,09/04/2025,P
115002,101,09/04/2025,P
116242,102,09/04/2025,P
116449,101,09/04/2025,P
116483,101,09/04/2025,P
116950,102,09/04/2025,P
116962,101,09/04/2025,P
117046,101,09/04/2025,P
117598,102,09/04/2025,P
117631,101,09/04/2025,P
118824,101,09/04/2025,P
118848,101,09/04/2025,P
119009,101,09/04/2025,P
119050,102,09/04/2025,P
119292,102,09/04/2025,P
119901,101,09/04/2025,P
120054,101,09/04/2025,P
120160,101,09/04/2025,T
120250,101,09/04/2025,P
120593,102,09/04/2025,P
120752,101,09/04/2025,P
120937,102,09/04/2025,P
121367,102,09/04/2025,P
121480,101,09/04/2025,P
122308,101,09/04/2025,A
122742,101,09/04/2025,P
122784,102,09/04/2025,P
123160,102,09/04/2025,P
123412,101,09/04/2025,P
123588,101,09/04/2025,P
123825,101,09/04/2025,P
124172,101,09/04/2025,P
124641,101,09/04/2025,T
124664,101,09/04/2025,P
125516,102,09/04/2025,P
125585,102,09/04/2025,P
126032,101,09/04/2025,P
126093,102,09/04/2025,P
126134,101,09/04/2025,P
126342,101,09/04/2025,P
126350,102,09/04/2025,P
126955,101,09/04/2025,P
127003,102,09/04/2025,P
127379,101,09/04/2025,P
127522,102,09/04/2025,P
127565,102,09/04/2025,T
127670,102,09/04/2025,P
127881,102,09/04/2025,P
127903,102,09/04/2025,P
128141,102,09/04/2025,P
128381,102,09/04/2025,P
128734,101,09/04/2025,P
128907,101,09/04/2025,P
129451,102,09/04/2025,P
129468,102,09/04/2025,P
129500,101,09/04/2025,P
129571,102,09/04/2025,P
129682,101,09/04/2025,P
129936,101,09/04/2025,P
129979,102,09/04/2025,P
129992,101,09/04/2025,P
130030,101,09/04/2025,P
130582,101,09/04/2025,P
130762,101,09/04/2025,P
130804,102,09/04/2025,P
130997,102,09/04/2025,P
131196,102,09/04/2025,P
131384,102,09/04/2025,P
131401,101,09/04/2025,P
131404,102,09/04/2025,T
131595,102,09/04/2025,P
131822,101,09/04/2025,P
132081,102,09/04/2025,P
132131,101,09/04/2025,P
132171,102,09/04/2025,P
132180,102,09/04/2025,P
132242,101,09/04/2025,P
132581,102,09/04/2025,P
132608,101,09/04/2025,P
132664,102,09/04/2025,P
132666,101,09/04/2025,P
132892,101,09/04/2025,P
132932,102,09/04/2025,S
133077,102,09/04/2025,P
133184,101,09/04/2025,P
133272,102,09/04/2025,P
133448,102,09/04/2025,P
133506,101,09/04/2025,P
133542,102,09/04/2025,P
133616,102,09/04/2025,A
133658,101,09/04/2025,P
133762,101,09/04/2025,P
133946,101,09/04/2025,P
134080,101,09/04/2025,P
134268,102,09/04/2025,P
134289,102,09/04/2025,P
134383,101,09/04/2025,P
135262,102,09/04/2025,T
135758,101,09/04/2025,P
135769,101,09/04/2025,P
135812,102,09/04/2025,P
135821,102,09/04/2025,P
135901,101,09/04/2025,P
135923,101,09/04/2025,P
136336,102,09/04/2025,P
136474,101,09/04/2025,P
136533,101,09/04/2025,P
136558,102,09/04/2025,P
136962,101,09/04/2025,P
137523,102,09/04/2025,P
137717,102,09/04/2025,P
137842,102,09/04/2025,P
138052,102,09/04/2025,P
138385,101,09/04/2025,P
138406,102,09/04/2025,P
138438,102,09/04/2025,P
138530,101,09/04/2025,P
139142,101,09/04/2025,P
139199,101,09/04/2025,E
139332,102,09/04/2025,P
100014,101,09/05/2025,P
100166,102,09/05/2025,P
100336,101,09/05/2025,P
100607,102,09/05/2025,P
100752,102,09/05/2025,P
100926,101,09/05/2025,p
101621,101,09/05/2025,P
101663,101,09/05/2025,P
101676,101,09/05/2025,P
101690,102,09/05/2025,P
102169,102,09/05/2025,P
102203,101,09/05/2025,P
102926,102,09/05/2025,P
103203,101,09/05/2025,P
103366,101,09/05/2025,P
104213,102,09/05/2025,A
104812,101,09/05/2025,P
105001,102,09/05/2025,P
105290,102,09/05/2025,P
105443,101,09/05/2025,P
105533,101,09/05/2025,P
105876,102,09/05/2025,P
105943,101,09/05/2025,P
106040,102,09/05/2025,P
106334,101,09/05/2025,P
106425,102,09/05/2025,P
106447,101,09/05/2025,P
106722,101,09/05/2025,P
106726,102,09/05/2025,P
106955,102,09/05/2025,P
107257,102,09/05/2025,P
107631,101,09/05/2025,P
107806,101,09/05/2025,P
107917,101,09/05/2025,P
107954,101,09/05/2025,P
107996,102,09/05/2025,P
108454,101,09/05/2025,P
108599,101,09/05/2025,P
108838,102,09/05/2025,P
108870,101,09/05/2025,P
109233,102,09/05/2025,P
109333,101,09/05/2025,E
109734,101,09/05/2025,P
109820,101,09/05/2025,P
110142,102,09/05/2025,P
110493,102,09/05/2025,P
111996,102,09/05/2025,P
112752,101,09/05/2025,P
112890,102,09/05/2025,P
113028,101,09/05/2025,P
113096,101,09/05/2025,P
113273,102,09/05/2025,P
113777,102,09/05/2025,P
114609,101,09/05/2025,P
114633,102,09/05/2025,P
114714,101,09/05/2025,P
115002,101,09/05/2025,P
116242,102,09/05/2025,P
116449,101,09/05/2025,P
116483,101,09/05/2025,P
116950,102,09/05/2025,P
116962,101,09/05/2025,P
117046,101,09/05/2025,P
117598,102,09/05/2025,P
117631,101,09/05/2025,P
118824,101,09/05/2025,P
118848,101,09/05/2025,P
119009,101,09/05/2025,P
119050,102,09/05/2025,P
119292,102,09/05/2025,P
119901,101,09/05/2025,P
120054,101,09/05/2025,P
120160,101,09/05/2025,P
120250,101,09/05/2025,P
120593,102,09/05/2025,P
120752,101,09/05/2025,P
120937,102,09/05/2025,P
121367,102,09/05/2025,P
121480,101,09/05/2025,P
122308,101,09/05/2025,E
122742,101,09/05/2025,P
122784,102,09/05/2025,P
123160,102,09/05/2025,P
123412,101,09/05/2025,E
123588,101,09/05/2025,P
123825,101,09/05/2025,P
124172,101,09/05/2025,P
124641,101,09/05/2025,P
124664,101,09/05/2025,P
125516,102,09/05/2025,P
125585,102,09/05/2025,P
126032,101,09/05/2025,P
126093,102,09/05/2025,A
126134,101,09/05/2025,E
126342,101,09/05/2025,T
126350,102,09/05/2025,P
126955,101,09/05/2025,P
127003,102,09/05/2025,P
127379,101,09/05/2025,P
127522,102,09/05/2025,P
127565,102,09/05/2025,P
127670,102,09/05/2025,P
127881,102,09/05/2025,P
127903,102,09/05/2025,A
128141,102,09/05/2025,P
128381,102,09/05/2025,P
128734,101,09/05/2025,P
128907,101,09/05/2025,P
129451,102,09/05/2025,P
129468,102,09/05/2025,P
129500,101,09/05/2025,P
129571,102,09/05/2025,P
129682,101,09/05/2025,P
129936,101,09/05/2025,P
129979,102,09/05/2025,P
129992,101,09/05/2025,P
130030,101,09/05/2025,P
130582,101,09/05/2025,P
130762,101,09/05/2025,P
130804,102,09/05/2025,P
130997,102,09/05/2025,P
131196,102,09/05/2025,P
131384,102,09/05/2025,P
131401,101,09/05/2025,P
131404,102,09/05/2025,P
131595,102,09/05/2025,P
131822,101,09/05/2025,P
132081,102,09/05/2025,P
132131,101,09/05/2025,P
132171,102,09/05/2025,P
132180,102,09/05/2025,P
132242,101,09/05/2025,P
132581,102,09/05/2025,P
132608,101,09/05/2025,P
132664,102,09/05/2025,P
132666,101,09/05/2025,P
132892,101,09/05/2025,P
132932,102,09/05/2025,P
133077,102,09/05/2025,P
133184,101,09/05/2025,P
133272,102,09/05/2025,P
133448,102,09/05/2025,P
133506,101,09/05/2025,T
133542,102,09/05/2025,P
133616,102,09/05/2025,P
133658,101,09/05/2025,A
133762,101,09/05/2025,A
133946,101,09/05/2025,P
134080,101,09/05/2025,P
134268,102,09/05/2025,P
134289,102,09/05/2025,P
134383,101,09/05/2025,p
135262,102,09/05/2025,P
135758,101,09/05/2025,P
135769,101,09/05/2025,P
135812,102,09/05/2025,T
135821,102,09/05/2025,P
135901,101,09/05/2025,P
135923,101,09/05/2025,P
136336,102,09/05/2025,P
136474,101,09/05/2025,P
136533,101,09/05/2025,P
136558,102,09/05/2025,P
136962,101,09/05/2025,P
137523,102,09/05/2025,P
137717,102,09/05/2025,P
137842,102,09/05/2025,P
138052,102,09/05/2025,T
138385,101,09/05/2025,P
138406,102,09/05/2025,P
138438,102,09/05/2025,P
138530,101,09/05/2025,P
139142,101,09/05/2025,P
139199,101,09/05/2025,P
139332,102,09/05/2025,P
100014,101,09/08/2025,P
100166,102,09/08/2025,P
100336,101,09/08/2025,P
100607,102,09/08/2025,P
100752,102,09/08/2025,P
100926,101,09/08/2025,P
101621,101,09/08/2025,P
101663,101,09/08/2025,P
101676,101,09/08/2025,P
101690,102,09/08/2025,P
102169,102,09/08/2025,P
102203,101,09/08/2025,P
102926,102,09/08/2025,P
103203,101,09/08/2025,P
103366,101,09/08/2025,P
104213,102,09/08/2025,P
104812,101,09/08/2025,A
105001,102,09/08/2025,P
105290,102,09/08/2025,P
105443,101,09/08/2025,P
105533,101,09/08/2025,P
105876,102,09/08/2025,P
105943,101,09/08/2025,P
106040,102,09/08/2025,P
106334,101,09/08/2025,P
106425,102,09/08/2025,P
106447,101,09/08/2025,P
106722,101,09/08/2025,P
106726,102,09/08/2025,P
106955,102,09/08/2025,P
107257,102,09/08/2025,P
107631,101,09/08/2025,P
107806,101,09/08/2025,P
107917,101,09/08/2025,P
107954,101,09/08/2025,P
107996,102,09/08/2025,P
108454,101,09/08/2025,P
108599,101,09/08/2025,P
108838,102,09/08/2025,P
108870,101,09/08/2025,P
109233,102,09/08/2025,T
109333,101,09/08/2025,P
109734,101,09/08/2025,S
109820,101,09/08/2025,P
110142,102,09/08/2025,P
110493,102,09/08/2025,P
111996,102,09/08/2025,P
112752,101,09/08/2025,P
112890,102,09/08/2025,P
113028,101,09/08/2025,P
113096,101,09/08/2025,P
113273,102,09/08/2025,P
113777,102,09/08/2025,P
114609,101,09/08/2025,P
114633,102,09/08/2025,P
114714,101,09/08/2025,P
115002,101,09/08/2025,A
116242,102,09/08/2025,P
116449,101,09/08/2025,T
116483,101,09/08/2025,P
116950,102,09/08/2025,P
116962,101,09/08/2025,P
117046,101,09/08/2025,P
117598,102,09/08/2025,P
117631,101,09/08/2025,P
118824,101,09/08/2025,P
118848,101,09/08/2025,P
119009,101,09/08/2025,P
119050,102,09/08/2025,P
119292,102,09/08/2025,P
119901,101,09/08/2025,P
120054,101,09/08/2025,T
120160,101,09/08/2025,P
120250,101,09/08/2025,P
120593,102,09/08/2025,P
120752,101,09/08/2025,P
120937,102,09/08/2025,P
121367,102,09/08/2025,P
121480,101,09/08/2025,P
122308,101,09/08/2025,S
122742,101,09/08/2025,P
122784,102,09/08/2025,P
123160,102,09/08/2025,P
123412,101,09/08/2025,P
123588,101,09/08/2025,P
123825,101,09/08/2025,P
124172,101,09/08/2025,t
124641,101,09/08/2025,P
124664,101,09/08/2025,T
125516,102,09/08/2025,P
125585,102,09/08/2025,P
126032,101,09/08/2025,A
126093,102,09/08/2025,P
126134,101,09/08/2025,P
126342,101,09/08/2025,P
126350,102,09/08/2025,P
126955,101,09/08/2025,P
127003,102,09/08/2025,P
127379,101,09/08/2025,P
127522,102,09/08/2025,P
127565,102,09/08/2025,P
127670,102,09/08/2025,P
127881,102,09/08/2025,T
127903,102,09/08/2025,P
128141,102,09/08/2025,P
128381,102,09/08/2025,P
128734,101,09/08/2025,P
128907,101,09/08/2025,P
129451,102,09/08/2025,P
129468,102,09/08/2025,P
129500,101,09/08/2025,P
129571,102,09/08/2025,P
129682,101,09/08/2025,P
129936,101,09/08/2025,p
129979,102,09/08/2025,P
129992,101,09/08/2025,P
130030,101,09/08/2025,P
130582,101,09/08/2025,P
130762,101,09/08/2025,P
130804,102,09/08/2025,P
130997,102,09/08/2025,P
131196,102,09/08/2025,P
131384,102,09/08/2025,P
131401,101,09/08/2025,P
131404,102,09/08/2025,P
131595,102,09/08/2025,P
131822,101,09/08/2025,P
132081,102,09/08/2025,P
132131,101,09/08/2025,P
132171,102,09/08/2025,P
132180,102,09/08/2025,P
132242,101,09/08/2025,E
132581,102,09/08/2025,P
132608,101,09/08/2025,P
132664,102,09/08/2025,P
132666,101,09/08/2025,P
132892,101,09/08/2025,P
132932,102,09/08/2025,P
133077,102,09/08/2025,P
133184,101,09/08/2025,P
133272,102,09/08/2025,P
133448,102,09/08/2025,T
133506,101,09/08/2025,P
133542,102,09/08/2025,P
133616,102,09/08/2025,P
133658,101,09/08/2025,A
133762,101,09/08/2025,S
133946,101,09/08/2025,P
134080,101,09/08/2025,P
134268,102,09/08/2025,P
134289,102,09/08/2025,P
134383,101,09/08/2025,P
135262,102,09/08/2025,P
135758,101,09/08/2025,P
135769,101,09/08/2025,P
135812,102,09/08/2025,P
135821,102,09/08/2025,P
135901,101,09/08/2025,P
135923,101,09/08/2025,P
136336,102,09/08/2025,P
136474,101,09/08/2025,P
136533,101,09/08/2025,P
136558,102,09/08/2025,P
136686,102,09/08/2025,P
136962,101,09/08/2025,T
137523,102,09/08/2025,P
137717,102,09/08/2025,P
137842,102,09/08/2025,P
138052,102,09/08/2025,P
138385,101,09/08/2025,P
138406,102,09/08/2025,P
138438,102,09/08/2025,P
138530,101,09/08/2025,P
139142,101,09/08/2025,P
139199,101,09/08/2025,P
139332,102,09/08/2025,P
100014,101,09/09/2025,P
100166,102,09/09/2025,P
100336,101,09/09/2025,P
100607,102,09/09/2025,P
100752,102,09/09/2025,T
100926,101,09/09/2025,P
101621,101,09/09/2025,P
101663,101,09/09/2025,P
101676,101,09/09/2025,P
101690,102,09/09/2025,P
102169,102,09/09/2025,P
102203,101,09/09/2025,P
102926,102,09/09/2025,P
103203,101,09/09/2025,P
103366,101,09/09/2025,P
104213,102,09/09/2025,P
104812,101,09/09/2025,P
105001,102,09/09/2025,P
105290,102,09/09/2025,P
105443,101,09/09/2025,P
105533,101,09/09/2025,P
105876,102,09/09/2025,P
105943,101,09/09/2025,P
106040,102,09/09/2025,P
106334,101,09/09/2025,P
106425,102,09/09/2025,P
106447,101,09/09/2025,E
106722,101,09/09/2025,P
106726,102,09/09/2025,P
106955,102,09/09/2025,P
107257,102,09/09/2025,P
107631,101,09/09/2025,P
107806,101,09/09/2025,P
107917,101,09/09/2025,P
107954,101,09/09/2025,P
107996,102,09/09/2025,P
108454,101,09/09/2025,P
108599,101,09/09/2025,P
108838,102,09/09/2025,P
108870,101,09/09/2025,P
109233,102,09/09/2025,P
109333,101,09/09/2025,E
109734,101,09/09/2025,E
109820,101,09/09/2025,A
110142,102,09/09/2025,P
110493,102,09/09/2025,P
111996,102,09/09/2025,A
112752,101,09/09/2025,P
112890,102,09/09/2025,P
113028,101,09/09/2025,P
113096,101,09/09/2025,P
113273,102,09/09/2025,P
113777,102,09/09/2025,A
114609,101,09/09/2025,E
114633,102,09/09/2025,P
114714,101,09/09/2025,P
115002,101,09/09/2025,P
116242,102,09/09/2025,P
116449,101,09/09/2025,P
116483,101,09/09/2025,P
116950,102,09/09/2025,T
116962,101,09/09/2025,P
117046,101,09/09/2025,T
117598,102,09/09/2025,P
117631,101,09/09/2025,P
118824,101,09/09/2025,P
118848,101,09/09/2025,P
119009,101,09/09/2025,P
119050,102,09/09/2025,P
119292,102,09/09/2025,P
119901,101,09/09/2025,E
120054,101,09/09/2025,P
120160,101,09/09/2025,P
120250,101,09/09/2025,P
120593,102,09/09/2025,E
120752,101,09/09/2025,P
120937,102,09/09/2025,P
121367,102,09/09/2025,P
121480,101,09/09/2025,E
122308,101,09/09/2025,E
122742,101,09/09/2025,P
122784,102,09/09/2025,P
123160,102,09/09/2025,P
123412,101,09/09/2025,P
123588,101,09/09/2025,P
123825,101,09/09/2025,P
124172,101,09/09/2025,P
124641,101,09/09/2025,P
124664,101,09/09/2025,P
125516,102,09/09/2025,P
125585,102,09/09/2025,P
126032,101,09/09/2025,P
126093,102,09/09/2025,P
126134,101,09/09/2025,P
126342,101,09/09/2025,P
126350,102,09/09/2025,P
126955,101,09/09/2025,P
127003,102,09/09/2025,P
127379,101,09/09/2025,P
127522,102,09/09/2025,P
127565,102,09/09/2025,P
127670,102,09/09/2025,P
127881,102,09/09/2025,P
127903,102,09/09/2025,P
128141,102,09/09/2025,P
128381,102,09/09/2025,P
128734,101,09/09/2025,P
128907,101,09/09/2025,p
129451,102,09/09/2025,P
129468,102,09/09/2025,P
129500,101,09/09/2025,P
129571,102,09/09/2025,P
129682,101,09/09/2025,P
129936,101,09/09/2025,P
129979,102,09/09/2025,P
129992,101,09/09/2025,P
130030,101,09/09/2025,P
130582,101,09/09/2025,P
130762,101,09/09/2025,P
130804,102,09/09/2025,P
130997,102,09/09/2025,P
131196,102,09/09/2025,P
131384,102,09/09/2025,P
131401,101,09/09/2025,P
131404,102,09/09/2025,P
131595,102,09/09/2025,p
131822,101,09/09/2025,P
132081,102,09/09/2025,P
132131,101,09/09/2025,T
132171,102,09/09/2025,P
132180,102,09/09/2025,P
132242,101,09/09/2025,P
132581,102,09/09/2025,P
132608,101,09/09/2025,P
132664,102,09/09/2025,P
132666,101,09/09/2025,P
132892,101,09/09/2025,P
132932,102,09/09/2025,P
133077,102,09/09/2025,P
133184,101,09/09/2025,P
133272,102,09/09/2025,P
133448,102,09/09/2025,P
133506,101,09/09/2025,P
133542,102,09/09/2025,P
133616,102,09/09/2025,P
133658,101,09/09/2025,P
133762,101,09/09/2025,P
133946,101,09/09/2025,P
134080,101,09/09/2025,P
134268,102,09/09/2025,P
134289,102,09/09/2025,P
134383,101,09/09/2025,P
135262,102,09/09/2025,P
135758,101,09/09/2025,P
135769,101,09/09/2025,P
135812,102,09/09/2025,P
135821,102,09/09/2025,P
135901,101,09/09/2025,P
135923,101,09/09/2025,P
136336,102,09/09/2025,P
136474,101,09/09/2025,P
136533,101,09/09/2025,P
136558,102,09/09/2025,A
136686,102,09/09/2025,P
136962,101,09/09/2025,P
137523,102,09/09/2025,P
137717,102,09/09/2025,p
137842,102,09/09/2025,P
138052,102,09/09/2025,P
138385,101,09/09/2025,P
138406,102,09/09/2025,P
138438,102,09/09/2025,P
138530,101,09/09/2025,A
139142,101,09/09/2025,P
139199,101,09/09/2025,P
139332,102,09/09/2025,P
100014,101,09/10/2025,P
100166,102,09/10/2025,P
100336,101,09/10/2025,E
100607,102,09/10/2025,P
100752,102,09/10/2025,P
100926,101,09/10/2025,P
101621,101,09/10/2025,P
101663,101,09/10/2025,P
101676,101,09/10/2025,P
101690,102,09/10/2025,P
102169,102,09/10/2025,P
102203,101,09/10/2025,P
102926,102,09/10/2025,P
103203,101,09/10/2025,P
103366,101,09/10/2025,P
104213,102,09/10/2025,P
104812,101,09/10/2025,P
105001,102,09/10/2025,P
105290,102,09/10/2025,P
105443,101,09/10/2025,P
105533,101,09/10/2025,P
105876,102,09/10/2025,P
105943,101,09/10/2025,P
106040,102,09/10/2025,P
106334,101,09/10/2025,P
106425,102,09/10/2025,P
106447,101,09/10/2025,P
106722,101,09/10/2025,P
106726,102,09/10/2025,P
106955,102,09/10/2025,P
107257,102,09/10/2025,P
107631,101,09/10/2025,P
107806,101,09/10/2025,P
107917,101,09/10/2025,P
107954,101,09/10/2025,P
107996,102,09/10/2025,P
108454,101,09/10/2025,P
108599,101,09/10/2025,P
108838,102,09/10/2025,P
108870,101,09/10/2025,P
109233,102,09/10/2025,P
109333,101,09/10/2025,P
109734,101,09/10/2025,P
109820,101,09/10/2025,P
110142,102,09/10/2025,P
110493,102,09/10/2025,A
111996,102,09/10/2025,P
112752,101,09/10/2025,E
112890,102,09/10/2025,P
113028,101,09/10/2025,P
113096,101,09/10/2025,P
113273,102,09/10/2025,P
113777,102,09/10/2025,P
114609,101,09/10/2025,P
114633,102,09/10/2025,P
114714,101,09/10/2025,P
115002,101,09/10/2025,P
116242,102,09/10/2025,P
116449,101,09/10/2025,P
116483,101,09/10/2025,P
116950,102,09/10/2025,P
116962,101,09/10/2025,P
117046,101,09/10/2025,P
117598,102,09/10/2025,P
117631,101,09/10/2025,P
118824,101,09/10/2025,P
118848,101,09/10/2025,P
119009,101,09/10/2025,P
119050,102,09/10/2025,P
119292,102,09/10/2025,P
119901,101,09/10/2025,P
120054,101,09/10/2025,P
120160,101,09/10/2025,P
120250,101,09/10/2025,P
120593,102,09/10/2025,P
120752,101,09/10/2025,P
120937,102,09/10/2025,P
121367,102,09/10/2025,P
121480,101,09/10/2025,P
122308,101,09/10/2025,P
122742,101,09/10/2025,E
122784,102,09/10/2025,P
123160,102,09/10/2025,P
123412,101,09/10/2025,P
123588,101,09/10/2025,P
123825,101,09/10/2025,P
124172,101,09/10/2025,P
124641,101,09/10/2025,E
124664,101,09/10/2025,T
125516,102,09/10/2025,P
125585,102,09/10/2025,P
126032,101,09/10/2025,P
126093,102,09/10/2025,P
126134,101,09/10/2025,P
126342,101,09/10/2025,P
126350,102,09/10/2025,A
126955,101,09/10/2025,P
127003,102,09/10/2025,P
127379,101,09/10/2025,P
127522,102,09/10/2025,P
127565,102,09/10/2025,P
127670,102,09/10/2025,P
127881,102,09/10/2025,P
127903,102,09/10/2025,P
128141,102,09/10/2025,P
128381,102,09/10/2025,P
128734,101,09/10/2025,P
128907,101,09/10/2025,P
129451,102,09/10/2025,P
129468,102,09/10/2025,P
129500,101,09/10/2025,P
129571,102,09/10/2025,P
129682,101,09/10/2025,P
129936,101,09/10/2025,P
129979,102,09/10/2025,P
129992,101,09/10/2025,P
130030,101,09/10/2025,P
130582,101,09/10/2025,P
130762,101,09/10/2025,P
130804,102,09/10/2025,P
130997,102,09/10/2025,P
131196,102,09/10/2025,P
131384,102,09/10/2025,P
131401,101,09/10/2025,P
131404,102,09/10/2025,P
131595,102,09/10/2025,T
131822,101,09/10/2025,P
132081,102,09/10/2025,P
132131,101,09/10/2025,P
132171,102,09/10/2025,P
132180,102,09/10/2025,P
132242,101,09/10/2025,P
132581,102,09/10/2025,P
132608,101,09/10/2025,P
132664,102,09/10/2025,E
132666,101,09/10/2025,P
132892,101,09/10/2025,P
132932,102,09/10/2025,P
133077,102,09/10/2025,P
133184,101,09/10/2025,P
133272,102,09/10/2025,P
133448,102,09/10/2025,P
133506,101,09/10/2025,A
133542,102,09/10/2025,P
133616,102,09/10/2025,T
133658,101,09/10/2025,P
133762,101,09/10/2025,P
133946,101,09/10/2025,P
134080,101,09/10/2025,P
134268,102,09/10/2025,P
134289,102,09/10/2025,P
134383,101,09/10/2025,P
135262,102,09/10/2025,P
135758,101,09/10/2025,P
135769,101,09/10/2025,P
135812,102,09/10/2025,P
135821,102,09/10/2025,P
135901,101,09/10/2025,P
135923,101,09/10/2025,P
136336,102,09/10/2025,P
136474,101,09/10/2025,P
136533,101,09/10/2025,P
136558,102,09/10/2025,P
136686,102,09/10/2025,P
136962,101,09/10/2025,P
137523,102,09/10/2025,P
137717,102,09/10/2025,P
137842,102,09/10/2025,P
138052,102,09/10/2025,A
138385,101,09/10/2025,P
138406,102,09/10/2025,P
138438,102,09/10/2025,P
138530,101,09/10/2025,P
139142,101,09/10/2025,P
139199,101,09/10/2025,P
139332,102,09/10/2025,P
100014,101,09/11/2025,P
100166,102,09/11/2025,P
100336,101,09/11/2025,P
100607,102,09/11/2025,P
100752,102,09/11/2025,P
100926,101,09/11/2025,P
101621,101,09/11/2025,P
101663,101,09/11/2025,P
101676,101,09/11/2025,P
101690,102,09/11/2025,P
102169,102,09/11/2025,P
102203,101,09/11/2025,P
102926,102,09/11/2025,P
103203,101,09/11/2025,P
103366,101,09/11/2025,P
104213,102,09/11/2025,P
104812,101,09/11/2025,P
105001,102,09/11/2025,P
105290,102,09/11/2025,P
105443,101,09/11/2025,P
105533,101,09/11/2025,P
105876,102,09/11/2025,P
105943,101,09/11/2025,p
106040,102,09/11/2025,P
106334,101,09/11/2025,P
106425,102,09/11/2025,P
106447,101,09/11/2025,P
106722,101,09/11/2025,P
106726,102,09/11/2025,P
106955,102,09/11/2025,P
107257,102,09/11/2025,P
107631,101,09/11/2025,P
107806,101,09/11/2025,P
107917,101,09/11/2025,P
107954,101,09/11/2025,P
107996,102,09/11/2025,T
108454,101,09/11/2025,P
108599,101,09/11/2025,P
108838,102,09/11/2025,P
108870,101,09/11/2025,P
109233,102,09/11/2025,P
109333,101,09/11/2025,P
109734,101,09/11/2025,P
109820,101,09/11/2025,P
110142,102,09/11/2025,P
110493,102,09/11/2025,P
111996,102,09/11/2025,P
112752,101,09/11/2025,P
112890,102,09/11/2025,P
113028,101,09/11/2025,P
113096,101,09/11/2025,A
113273,102,09/11/2025,P
113777,102,09/11/2025,P
114609,101,09/11/2025,P
114633,102,09/11/2025,P
114714,101,09/11/2025,P
115002,101,09/11/2025,E
116242,102,09/11/2025,P
116449,101,09/11/2025,P
116483,101,09/11/2025,T
116950,102,09/11/2025,P
116962,101,09/11/2025,P
117046,101,09/11/2025,P
117598,102,09/11/2025,P
117631,101,09/11/2025,P
118824,101,09/11/2025,P
118848,101,09/11/2025,P
119009,101,09/11/2025,P
119050,102,09/11/2025,P
119292,102,09/11/2025,S
119901,101,09/11/2025,P
120054,101,09/11/2025,P
120160,101,09/11/2025,P
120250,101,09/11/2025,P
120593,102,09/11/2025,P
120752,101,09/11/2025,P
120937,102,09/11/2025,P
121367,102,09/11/2025,P
121480,101,09/11/2025,P
122308,101,09/11/2025,P
122742,101,09/11/2025,P
122784,102,09/11/2025,P
123160,102,09/11/2025,P
123412,101,09/11/2025,P
123588,101,09/11/2025,P
123825,101,09/11/2025,P
124172,101,09/11/2025,P
124641,101,09/11/2025,P
124664,101,09/11/2025,P
125516,102,09/11/2025,P
125585,102,09/11/2025,P
126032,101,09/11/2025,P
126093,102,09/11/2025,P
126134,101,09/11/2025,P
126342,101,09/11/2025,P
126350,102,09/11/2025,P
126955,101,09/11/2025,P
127003,102,09/11/2025,P
127379,101,09/11/2025,P
127522,102,09/11/2025,A
127565,102,09/11/2025,P
127670,102,09/11/2025,P
127881,102,09/11/2025,P
127903,102,09/11/2025,P
128141,102,09/11/2025,P
128381,102,09/11/2025,P
128734,101,09/11/2025,P
128907,101,09/11/2025,P
129451,102,09/11/2025,P
129468,102,09/11/2025,P
129500,101,09/11/2025,P
129571,102,09/11/2025,P
129682,101,09/11/2025,P
129936,101,09/11/2025,P
129979,102,09/11/2025,p
129992,101,09/11/2025,P
130030,101,09/11/2025,P
130582,101,09/11/2025,P
130762,101,09/11/2025,P
130804,102,09/11/2025,P
130997,102,09/11/2025,T
131196,102,09/11/2025,P
131384,102,09/11/2025,P
131401,101,09/11/2025,P
131404,102,09/11/2025,T
131595,102,09/11/2025,P
131822,101,09/11/2025,P
132081,102,09/11/2025,P
132131,101,09/11/2025,P
132171,102,09/11/2025,P
132180,102,09/11/2025,P
132242,101,09/11/2025,P
132581,102,09/11/2025,P
132608,101,09/11/2025,P
132664,102,09/11/2025,P
132666,101,09/11/2025,P
132892,101,09/11/2025,P
132932,102,09/11/2025,E
133077,102,09/11/2025,P
133184,101,09/11/2025,P
133272,102,09/11/2025,P
133448,102,09/11/2025,P
133506,101,09/11/2025,P
133542,102,09/11/2025,P
133616,102,09/11/2025,P
133658,101,09/11/2025,P
133762,101,09/11/2025,P
133946,101,09/11/2025,P
134080,101,09/11/2025,P
134268,102,09/11/2025,P
134289,102,09/11/2025,P
134383,101,09/11/2025,P
135262,102,09/11/2025,P
135758,101,09/11/2025,T
135769,101,09/11/2025,P
135812,102,09/11/2025,P
135821,102,09/11/2025,P
135901,101,09/11/2025,A
135923,101,09/11/2025,P
136336,102,09/11/2025,P
136474,101,09/11/2025,E
136533,101,09/11/2025,P
136558,102,09/11/2025,P
136686,102,09/11/2025,P
136962,101,09/11/2025,P
137523,102,09/11/2025,P
137717,102,09/11/2025,P
137842,102,09/11/2025,P
138052,102,09/11/2025,P
138385,101,09/11/2025,P
138406,102,09/11/2025,P
138438,102,09/11/2025,P
138530,101,09/11/2025,P
139142,101,09/11/2025,P
139199,101,09/11/2025,P
139332,102,09/11/2025,T
100014,101,09/12/2025,P
100166,102,09/12/2025,P
100336,101,09/12/2025,P
100607,102,09/12/2025,P
100752,102,09/12/2025,P
100926,101,09/12/2025,P
101621,101,09/12/2025,P
101663,101,09/12/2025,P
101676,101,09/12/2025,P
101690,102,09/12/2025,P
102169,102,09/12/2025,P
102203,101,09/12/2025,P
102926,102,09/12/2025,P
103203,101,09/12/2025,P
103366,101,09/12/2025,P
104213,102,09/12/2025,T
104812,101,09/12/2025,A
105001,102,09/12/2025,P
105290,102,09/12/2025,P
105443,101,09/12/2025,P
105533,101,09/12/2025,P
105876,102,09/12/2025,P
105943,101,09/12/2025,P
106040,102,09/12/2025,P
106334,101,09/12/2025,P
106425,102,09/12/2025,P
106447,101,09/12/2025,A
106722,101,09/12/2025,T
106726,102,09/12/2025,P
106955,102,09/12/2025,P
107257,102,09/12/2025,P
107631,101,09/12/2025,T
107806,101,09/12/2025,P
107917,101,09/12/2025,P
107954,101,09/12/2025,P
107996,102,09/12/2025,P
108454,101,09/12/2025,P
108599,101,09/12/2025,P
108838,102,09/12/2025,P
108870,101,09/12/2025,A
109233,102,09/12/2025,P
109333,101,09/12/2025,P
109734,101,09/12/2025,E
109820,101,09/12/2025,P
110142,102,09/12/2025,P
110493,102,09/12/2025,P
111996,102,09/12/2025,P
112752,101,09/12/2025,A
112890,102,09/12/2025,P
113028,101,09/12/2025,P
113096,101,09/12/2025,E
113273,102,09/12/2025,P
113777,102,09/12/2025,P
114609,101,09/12/2025,P
114633,102,09/12/2025,P
114714,101,09/12/2025,P
115002,101,09/12/2025,P
116242,102,09/12/2025,P
116449,101,09/12/2025,P
116483,101,09/12/2025,S
116950,102,09/12/2025,P
116962,101,09/12/2025,P
117046,101,09/12/2025,P
117598,102,09/12/2025,P
117631,101,09/12/2025,P
118824,101,09/12/2025,P
118848,101,09/12/2025,P
119009,101,09/12/2025,P
119050,102,09/12/2025,P
119292,102,09/12/2025,P
119901,101,09/12/2025,P
120054,101,09/12/2025,P
120160,101,09/12/2025,P
120250,101,09/12/2025,P
120593,102,09/12/2025,P
120752,101,09/12/2025,T
120937,102,09/12/2025,P
121367,102,09/12/2025,P
121480,101,09/12/2025,P
122308,101,09/12/2025,E
122742,101,09/12/2025,E
122784,102,09/12/2025,P
123160,102,09/12/2025,P
123412,101,09/12/2025,P
123588,101,09/12/2025,P
123825,101,09/12/2025,P
124172,101,09/12/2025,P
124641,101,09/12/2025,P
124664,101,09/12/2025,P
125516,102,09/12/2025,P
125585,102,09/12/2025,P
126032,101,09/12/2025,P
126093,102,09/12/2025,P
126134,101,09/12/2025,P
126342,101,09/12/2025,P
126350,102,09/12/2025,P
126955,101,09/12/2025,P
127003,102,09/12/2025,P
127379,101,09/12/2025,P
127522,102,09/12/2025,P
127565,102,09/12/2025,T
127670,102,09/12/2025,P
127881,102,09/12/2025,P
127903,102,09/12/2025,P
128141,102,09/12/2025,P
128381,102,09/12/2025,P
128734,101,09/12/2025,P
128907,101,09/12/2025,P
129451,102,09/12/2025,P
129468,102,09/12/2025,P
129500,101,09/12/2025,P
129571,102,09/12/2025,P
129682,101,09/12/2025,P
129936,101,09/12/2025,P
129979,102,09/12/2025,P
129992,101,09/12/2025,P
130030,101,09/12/2025,P
130582,101,09/12/2025,P
130762,101,09/12/2025,P
130804,102,09/12/2025,P
130997,102,09/12/2025,P
131196,102,09/12/2025,P
131384,102,09/12/2025,E
131401,101,09/12/2025,P
131404,102,09/12/2025,P
131595,102,09/12/2025,P
131822,101,09/12/2025,P
132081,102,09/12/2025,P
132131,101,09/12/2025,P
132171,102,09/12/2025,P
132180,102,09/12/2025,P
132242,101,09/12/2025,E
132581,102,09/12/2025,P
132608,101,09/12/2025,P
132664,102,09/12/2025,P
132666,101,09/12/2025,P
132892,101,09/12/2025,P
132932,102,09/12/2025,E
133077,102,09/12/2025,P
133184,101,09/12/2025,P
133272,102,09/12/2025,P
133448,102,09/12/2025,A
133506,101,09/12/2025,P
133542,102,09/12/2025,P
133616,102,09/12/2025,P
133658,101,09/12/2025,P
133762,101,09/12/2025,P
133946,101,09/12/2025,P
134080,101,09/12/2025,P
134268,102,09/12/2025,P
134289,102,09/12/2025,P
134383,101,09/12/2025,A
135262,102,09/12/2025,P
135758,101,09/12/2025,P
135769,101,09/12/2025,P
135812,102,09/12/2025,P
135821,102,09/12/2025,P
135901,101,09/12/2025,P
135923,101,09/12/2025,P
136336,102,09/12/2025,P
136474,101,09/12/2025,P
136533,101,09/12/2025,P
136558,102,09/12/2025,P
136686,102,09/12/2025,P
136962,101,09/12/2025,P
137523,102,09/12/2025,P
137717,102,09/12/2025,P
137842,102,09/12/2025,P
138052,102,09/12/2025,P
138385,101,09/12/2025,P
138406,102,09/12/2025,T
138438,102,09/12/2025,P
138530,101,09/12/2025,P
139142,101,09/12/2025,P
139199,101,09/12/2025,P
139332,102,09/12/2025,P
100014,101,09/15/2025,A
100166,102,09/15/2025,P
100336,101,09/15/2025,P
100607,102,09/15/2025,P
100752,102,09/15/2025,P
100926,101,09/15/2025,P
101621,101,09/15/2025,P
101663,101,09/15/2025,P
101676,101,09/15/2025,P
101690,102,09/15/2025,P
102169,102,09/15/2025,P
102203,101,09/15/2025,P
102926,102,09/15/2025,P
103203,101,09/15/2025,P
103366,101,09/15/2025,P
104213,102,09/15/2025,P
104812,101,09/15/2025,P
105001,102,09/15/2025,P
105290,102,09/15/2025,P
105443,101,09/15/2025,P
105533,101,09/15/2025,P
105876,102,09/15/2025,P
105943,101,09/15/2025,P
106040,102,09/15/2025,P
106334,101,09/15/2025,P
106425,102,09/15/2025,P
106447,101,09/15/2025,P
106722,101,09/15/2025,P
106726,102,09/15/2025,P
106955,102,09/15/2025,P
107257,102,09/15/2025,P
107631,101,09/15/2025,P
107806,101,09/15/2025,P
107917,101,09/15/2025,A
107954,101,09/15/2025,E
107996,102,09/15/2025,P
108454,101,09/15/2025,P
108599,101,09/15/2025,T
108838,102,09/15/2025,P
108870,101,09/15/2025,P
109233,102,09/15/2025,P
109333,101,09/15/2025,P
109734,101,09/15/2025,P
109820,101,09/15/2025,P
110142,102,09/15/2025,P
110493,102,09/15/2025,P
111996,102,09/15/2025,T
112752,101,09/15/2025,P
112890,102,09/15/2025,P
113028,101,09/15/2025,P
113096,101,09/15/2025,P
113273,102,09/15/2025,P
113777,102,09/15/2025,P
114609,101,09/15/2025,P
114633,102,09/15/2025,P
114714,101,09/15/2025,p
115002,101,09/15/2025,P
116242,102,09/15/2025,P
116449,101,09/15/2025,P
116483,101,09/15/2025,P
116950,102,09/15/2025,P
116962,101,09/15/2025,P
117046,101,09/15/2025,P
117598,102,09/15/2025,P
117631,101,09/15/2025,P
118824,101,09/15/2025,P
118848,101,09/15/2025,P
119009,101,09/15/2025,A
119050,102,09/15/2025,P
119292,102,09/15/2025,P
119901,101,09/15/2025,P
120054,101,09/15/2025,P
120160,101,09/15/2025,E
120250,101,09/15/2025,P
120593,102,09/15/2025,P
120752,101,09/15/2025,P
120937,102,09/15/2025,P
121367,102,09/15/2025,P
121480,101,09/15/2025,P
122308,101,09/15/2025,S
122742,101,09/15/2025,P
122784,102,09/15/2025,P
123160,102,09/15/2025,P
123412,101,09/15/2025,P
123588,101,09/15/2025,P
123825,101,09/15/2025,P
124172,101,09/15/2025,P
124641,101,09/15/2025,P
124664,101,09/15/2025,P
125516,102,09/15/2025,P
125585,102,09/15/2025,P
126032,101,09/15/2025,T
126093,102,09/15/2025,P
126134,101,09/15/2025,P
126342,101,09/15/2025,P
126350,102,09/15/2025,T
126955,101,09/15/2025,P
127003,102,09/15/2025,P
127379,101,09/15/2025,P
127522,102,09/15/2025,T
127565,102,09/15/2025,P
127670,102,09/15/2025,P
127881,102,09/15/2025,P
127903,102,09/15/2025,E
128141,102,09/15/2025,P
128381,102,09/15/2025,P
128734,101,09/15/2025,P
128907,101,09/15/2025,P
129451,102,09/15/2025,P
129468,102,09/15/2025,P
129500,101,09/15/2025,P
129571,102,09/15/2025,P
129682,101,09/15/2025,P
129936,101,09/15/2025,T
129979,102,09/15/2025,P
129992,101,09/15/2025,P
130030,101,09/15/2025,P
130582,101,09/15/2025,P
130762,101,09/15/2025,P
130804,102,09/15/2025,P
130997,102,09/15/2025,P
131196,102,09/15/2025,P
131384,102,09/15/2025,P
131401,101,09/15/2025,P
131404,102,09/15/2025,P
131595,102,09/15/2025,P
131822,101,09/15/2025,P
132081,102,09/15/2025,P
132131,101,09/15/2025,T
132171,102,09/15/2025,P
132180,102,09/15/2025,P
132242,101,09/15/2025,P
132581,102,09/15/2025,P
132608,101,09/15/2025,P
132664,102,09/15/2025,T
132666,101,09/15/2025,P
132892,101,09/15/2025,P
132932,102,09/15/2025,P
133077,102,09/15/2025,P
133184,101,09/15/2025,P
133272,102,09/15/2025,P
133448,102,09/15/2025,P
133506,101,09/15/2025,P
133542,102,09/15/2025,P
133616,102,09/15/2025,P
133658,101,09/15/2025,P
133762,101,09/15/2025,P
133946,101,09/15/2025,P
134080,101,09/15/2025,P
134268,102,09/15/2025,P
134289,102,09/15/2025,P
134383,101,09/15/2025,A
135262,102,09/15/2025,P
135758,101,09/15/2025,P
135769,101,09/15/2025,P
135812,102,09/15/2025,P
135821,102,09/15/2025,P
135901,101,09/15/2025,P
135923,101,09/15/2025,P
136336,102,09/15/2025,P
136474,101,09/15/2025,P
136533,101,09/15/2025,P
136558,102,09/15/2025,P
136686,102,09/15/2025,P
136962,101,09/15/2025,P
137523,102,09/15/2025,P
137717,102,09/15/2025,P
137842,102,09/15/2025,P
138052,102,09/15/2025,A
138385,101,09/15/2025,P
138406,102,09/15/2025,P
138438,102,09/15/2025,P
138530,101,09/15/2025,E
139142,101,09/15/2025,P
139199,101,09/15/2025,P
139332,102,09/15/2025,P
100014,101,09/16/2025,P
100166,102,09/16/2025,T
100336,101,09/16/2025,P
100607,102,09/16/2025,P
100752,102,09/16/2025,P
100926,101,09/16/2025,E
101621,101,09/16/2025,A
101663,101,09/16/2025,E
101676,101,09/16/2025,P
101690,102,09/16/2025,P
102169,102,09/16/2025,P
102203,101,09/16/2025,P
102926,102,09/16/2025,P
103203,101,09/16/2025,P
103366,101,09/16/2025,P
104213,102,09/16/2025,P
104812,101,09/16/2025,A
105001,102,09/16/2025,P
105290,102,09/16/2025,P
105443,101,09/16/2025,P
105533,101,09/16/2025,P
105876,102,09/16/2025,P
105943,101,09/16/2025,P
106040,102,09/16/2025,P
106334,101,09/16/2025,P
106425,102,09/16/2025,P
106447,101,09/16/2025,P
106722,101,09/16/2025,P
106726,102,09/16/2025,P
106955,102,09/16/2025,P
107257,102,09/16/2025,P
107631,101,09/16/2025,P
107806,101,09/16/2025,P
107917,101,09/16/2025,P
107954,101,09/16/2025,P
107996,102,09/16/2025,P
108454,101,09/16/2025,P
108599,101,09/16/2025,P
108838,102,09/16/2025,P
108870,101,09/16/2025,P
109233,102,09/16/2025,P
109333,101,09/16/2025,P
109734,101,09/16/2025,P
109820,101,09/16/2025,P
110142,102,09/16/2025,P
110493,102,09/16/2025,P
111996,102,09/16/2025,P
112752,101,09/16/2025,P
112890,102,09/16/2025,P
113028,101,09/16/2025,P
113096,101,09/16/2025,P
113273,102,09/16/2025,P
113777,102,09/16/2025,P
114609,101,09/16/2025,P
114633,102,09/16/2025,P
114714,101,09/16/2025,P
115002,101,09/16/2025,P
116242,102,09/16/2025,P
116449,101,09/16/2025,P
116483,101,09/16/2025,P
116950,102,09/16/2025,T
116962,101,09/16/2025,P
117046,101,09/16/2025,P
117598,102,09/16/2025,P
117631,101,09/16/2025,P
118824,101,09/16/2025,A
118848,101,09/16/2025,P
119009,101,09/16/2025,E
119050,102,09/16/2025,P
119144,102,09/16/2025,P
119292,102,09/16/2025,P
119901,101,09/16/2025,P
120054,101,09/16/2025,P
120160,101,09/16/2025,P
120250,101,09/16/2025,P
120593,102,09/16/2025,P
120752,101,09/16/2025,P
120937,102,09/16/2025,P
121367,102,09/16/2025,P
121480,101,09/16/2025,P
122308,101,09/16/2025,A
122742,101,09/16/2025,P
122784,102,09/16/2025,P
123160,102,09/16/2025,P
123412,101,09/16/2025,P
123588,101,09/16/2025,P
123825,101,09/16/2025,P
124172,101,09/16/2025,A
124641,101,09/16/2025,P
124664,101,09/16/2025,P
125516,102,09/16/2025,S
125585,102,09/16/2025,P
126032,101,09/16/2025,P
126093,102,09/16/2025,P
126134,101,09/16/2025,P
126342,101,09/16/2025,P
126350,102,09/16/2025,P
126955,101,09/16/2025,P
127003,102,09/16/2025,P
127379,101,09/16/2025,E
127522,102,09/16/2025,A
127565,102,09/16/2025,P
127670,102,09/16/2025,P
127881,102,09/16/2025,P
127903,102,09/16/2025,E
128141,102,09/16/2025,P
128381,102,09/16/2025,P
128734,101,09/16/2025,P
128907,101,09/16/2025,P
129451,102,09/16/2025,P
129468,102,09/16/2025,P
129500,101,09/16/2025,P
129571,102,09/16/2025,P
129682,101,09/16/2025,P
129936,101,09/16/2025,T
129979,102,09/16/2025,P
129992,101,09/16/2025,P
130030,101,09/16/2025,P
130582,101,09/16/2025,P
130762,101,09/16/2025,P
130804,102,09/16/2025,P
130997,102,09/16/2025,P
131196,102,09/16/2025,E
131384,102,09/16/2025,P
131401,101,09/16/2025,P
131404,102,09/16/2025,P
131595,102,09/16/2025,P
131822,101,09/16/2025,P
132081,102,09/16/2025,P
132131,101,09/16/2025,P
132171,102,09/16/2025,P
132180,102,09/16/2025,P
132242,101,09/16/2025,P
132581,102,09/16/2025,P
132608,101,09/16/2025,P
132664,102,09/16/2025,E
132666,101,09/16/2025,P
132892,101,09/16/2025,P
132932,102,09/16/2025,P
133077,102,09/16/2025,P
133184,101,09/16/2025,P
133272,102,09/16/2025,P
133448,102,09/16/2025,P
133506,101,09/16/2025,P
133542,102,09/16/2025,P
133616,102,09/16/2025,P
133658,101,09/16/2025,P
133762,101,09/16/2025,P
133946,101,09/16/2025,P
134080,101,09/16/2025,P
134268,102,09/16/2025,P
134289,102,09/16/2025,P
134383,101,09/16/2025,P
135262,102,09/16/2025,P
135758,101,09/16/2025,P
135769,101,09/16/2025,P
135812,102,09/16/2025,P
135821,102,09/16/2025,P
135901,101,09/16/2025,P
135923,101,09/16/2025,P
136336,102,09/16/2025,P
136474,101,09/16/2025,P
136533,101,09/16/2025,P
136558,102,09/16/2025,P
136686,102,09/16/2025,P
136962,101,09/16/2025,P
137523,102,09/16/2025,p
137717,102,09/16/2025,P
137842,102,09/16/2025,P
138052,102,09/16/2025,P
138385,101,09/16/2025,P
138406,102,09/16/2025,P
138438,102,09/16/2025,P
138530,101,09/16/2025,A
139142,101,09/16/2025,P
139199,101,09/16/2025,P
139332,102,09/16/2025,T
100014,101,09/17/2025,P
100166,102,09/17/2025,P
100336,101,09/17/2025,P
100607,102,09/17/2025,P
100752,102,09/17/2025,P
100926,101,09/17/2025,T
101621,101,09/17/2025,P
101663,101,09/17/2025,P
101676,101,09/17/2025,P
101690,102,09/17/2025,P
102169,102,09/17/2025,P
102203,101,09/17/2025,P
102926,102,09/17/2025,A
103203,101,09/17/2025,P
103366,101,09/17/2025,P
104213,102,09/17/2025,P
104812,101,09/17/2025,P
105001,102,09/17/2025,T
105290,102,09/17/2025,P
105443,101,09/17/2025,P
105533,101,09/17/2025,P
105876,102,09/17/2025,P
105943,101,09/17/2025,P
106040,102,09/17/2025,P
106334,101,09/17/2025,P
106425,102,09/17/2025,P
106447,101,09/17/2025,P
106722,101,09/17/2025,P
106726,102,09/17/2025,P
106955,102,09/17/2025,P
107257,102,09/17/2025,P
107631,101,09/17/2025,T
107806,101,09/17/2025,P
107917,101,09/17/2025,P
107954,101,09/17/2025,P
107996,102,09/17/2025,P
108454,101,09/17/2025,P
108599,101,09/17/2025,P
108838,102,09/17/2025,P
108870,101,09/17/2025,P
109233,102,09/17/2025,P
109333,101,09/17/2025,P
109734,101,09/17/2025,P
109820,101,09/17/2025,P
110142,102,09/17/2025,P
110493,102,09/17/2025,P
111996,102,09/17/2025,P
112752,101,09/17/2025,P
112890,102,09/17/2025,P
113028,101,09/17/2025,P
113096,101,09/17/2025,P
113273,102,09/17/2025,P
113777,102,09/17/2025,P
114609,101,09/17/2025,P
114633,102,09/17/2025,P
114714,101,09/17/2025,P
115002,101,09/17/2025,P
116242,102,09/17/2025,P
116449,101,09/17/2025,P
116483,101,09/17/2025,P
116950,102,09/17/2025,P
116962,101,09/17/2025,P
117046,101,09/17/2025,P
117598,102,09/17/2025,P
117631,101,09/17/2025,P
118824,101,09/17/2025,P
118848,101,09/17/2025,P
119009,101,09/17/2025,P
119050,102,09/17/2025,P
119144,102,09/17/2025,T
119292,102,09/17/2025,P
119901,101,09/17/2025,P
120054,101,09/17/2025,P
120160,101,09/17/2025,P
120250,101,09/17/2025,P
120593,102,09/17/2025,P
120752,101,09/17/2025,P
120937,102,09/17/2025,P
121367,102,09/17/2025,P
121480,101,09/17/2025,P
122308,101,09/17/2025,P
122742,101,09/17/2025,P
122784,102,09/17/2025,P
123160,102,09/17/2025,P
123412,101,09/17/2025,p
123588,101,09/17/2025,P
123825,101,09/17/2025,P
124172,101,09/17/2025,P
124641,101,09/17/2025,P
124664,101,09/17/2025,P
125516,102,09/17/2025,P
125585,102,09/17/2025,P
126032,101,09/17/2025,P
126093,102,09/17/2025,P
126134,101,09/17/2025,P
126342,101,09/17/2025,P
126350,102,09/17/2025,P
126955,101,09/17/2025,P
127003,102,09/17/2025,P
127379,101,09/17/2025,P
127522,102,09/17/2025,P
127565,102,09/17/2025,P
127670,102,09/17/2025,P
127881,102,09/17/2025,P
127903,102,09/17/2025,P
128141,102,09/17/2025,T
128381,102,09/17/2025,E
128734,101,09/17/2025,P
128907,101,09/17/2025,P
129451,102,09/17/2025,S
129468,102,09/17/2025,P
129500,101,09/17/2025,P
129571,102,09/17/2025,P
129682,101,09/17/2025,P
129936,101,09/17/2025,P
129979,102,09/17/2025,P
129992,101,09/17/2025,P
130030,101,09/17/2025,P
130582,101,09/17/2025,P
130762,101,09/17/2025,P
130804,102,09/17/2025,P
130997,102,09/17/2025,P
131196,102,09/17/2025,P
131384,102,09/17/2025,P
131401,101,09/17/2025,P
131404,102,09/17/2025,P
131595,102,09/17/2025,T
131822,101,09/17/2025,P
132081,102,09/17/2025,P
132131,101,09/17/2025,P
132171,102,09/17/2025,P
132180,102,09/17/2025,P
132242,101,09/17/2025,P
132581,102,09/17/2025,P
132608,101,09/17/2025,P
132664,102,09/17/2025,P
132666,101,09/17/2025,P
132892,101,09/17/2025,P
132932,102,09/17/2025,P
133077,102,09/17/2025,P
133184,101,09/17/2025,P
133272,102,09/17/2025,P
133448,102,09/17/2025,P
133506,101,09/17/2025,P
133542,102,09/17/2025,P
133616,102,09/17/2025,P
133658,101,09/17/2025,P
133762,101,09/17/2025,A
133946,101,09/17/2025,P
134080,101,09/17/2025,P
134268,102,09/17/2025,P
134289,102,09/17/2025,P
134383,101,09/17/2025,P
135262,102,09/17/2025,P
135758,101,09/17/2025,P
135769,101,09/17/2025,P
135812,102,09/17/2025,P
135821,102,09/17/2025,P
135901,101,09/17/2025,P
135923,101,09/17/2025,P
136336,102,09/17/2025,P
136474,101,09/17/2025,P
136533,101,09/17/2025,P
136558,102,09/17/2025,P
136686,102,09/17/2025,P
136962,101,09/17/2025,P
137523,102,09/17/2025,P
137717,102,09/17/2025,P
137842,102,09/17/2025,P
138052,102,09/17/2025,T
138385,101,09/17/2025,P
138406,102,09/17/2025,P
138438,102,09/17/2025,P
138530,101,09/17/2025,P
139142,101,09/17/2025,P
139199,101,09/17/2025,P
139332,102,09/17/2025,P
100014,101,09/18/2025,P
100166,102,09/18/2025,P
100336,101,09/18/2025,P
100607,102,09/18/2025,P
100752,102,09/18/2025,P
100926,101,09/18/2025,P
101621,101,09/18/2025,P
101663,101,09/18/2025,P
101676,101,09/18/2025,E
101690,102,09/18/2025,P
102169,102,09/18/2025,P
102203,101,09/18/2025,P
102926,102,09/18/2025,P
103203,101,09/18/2025,P
103366,101,09/18/2025,A
104213,102,09/18/2025,P
104812,101,09/18/2025,P
105001,102,09/18/2025,P
105290,102,09/18/2025,P
105443,101,09/18/2025,P
105533,101,09/18/2025,P
105876,102,09/18/2025,P
105943,101,09/18/2025,P
106040,102,09/18/2025,P
106334,101,09/18/2025,P
106425,102,09/18/2025,A
106447,101,09/18/2025,P
106722,101,09/18/2025,A
106726,102,09/18/2025,P
106955,102,09/18/2025,P
107257,102,09/18/2025,P
107631,101,09/18/2025,P
107806,101,09/18/2025,P
107917,101,09/18/2025,A
107954,101,09/18/2025,P
107996,102,09/18/2025,P
108454,101,09/18/2025,P
108599,101,09/18/2025,P
108838,102,09/18/2025,P
108870,101,09/18/2025,A
109233,102,09/18/2025,T
109333,101,09/18/2025,P
109734,101,09/18/2025,P
109820,101,09/18/2025,P
110142,102,09/18/2025,P
110493,102,09/18/2025,T
111996,102,09/18/2025,P
112752,101,09/18/2025,P
112890,102,09/18/2025,P
113028,101,09/18/2025,P
113096,101,09/18/2025,P
113273,102,09/18/2025,P
113777,102,09/18/2025,P
114609,101,09/18/2025,P
114633,102,09/18/2025,T
114714,101,09/18/2025,P
115002,101,09/18/2025,P
116242,102,09/18/2025,P
116449,101,09/18/2025,P
116483,101,09/18/2025,P
116950,102,09/18/2025,P
116962,101,09/18/2025,P
117046,101,09/18/2025,P
117598,102,09/18/2025,P
117631,101,09/18/2025,P
118824,101,09/18/2025,P
118848,101,09/18/2025,P
119009,101,09/18/2025,P
119050,102,09/18/2025,P
119144,102,09/18/2025,P
119292,102,09/18/2025,P
119901,101,09/18/2025,P
120054,101,09/18/2025,P
120160,101,09/18/2025,P
120250,101,09/18/2025,P
120593,102,09/18/2025,P
120752,101,09/18/2025,P
120937,102,09/18/2025,P
121367,102,09/18/2025,P
121480,101,09/18/2025,P
122308,101,09/18/2025,A
122742,101,09/18/2025,T
122784,102,09/18/2025,P
123160,102,09/18/2025,P
123372,101,09/18/2025,P
123412,101,09/18/2025,P
123588,101,09/18/2025,P
123825,101,09/18/2025,P
124172,101,09/18/2025,p
124641,101,09/18/2025,E
124664,101,09/18/2025,P
125516,102,09/18/2025,P
125585,102,09/18/2025,P
126032,101,09/18/2025,P
126093,102,09/18/2025,P
126134,101,09/18/2025,P
126342,101,09/18/2025,P
126350,102,09/18/2025,P
126955,101,09/18/2025,E
127003,102,09/18/2025,P
127379,101,09/18/2025,P
127522,102,09/18/2025,P
127565,102,09/18/2025,P
127670,102,09/18/2025,P
127881,102,09/18/2025,P
127903,102,09/18/2025,P
128141,102,09/18/2025,P
128381,102,09/18/2025,P
128734,101,09/18/2025,E
128907,101,09/18/2025,P
129451,102,09/18/2025,P
129468,102,09/18/2025,P
129500,101,09/18/2025,P
129571,102,09/18/2025,P
129682,101,09/18/2025,P
129936,101,09/18/2025,P
129979,102,09/18/2025,P
129992,101,09/18/2025,P
130030,101,09/18/2025,P
130582,101,09/18/2025,P
130762,101,09/18/2025,P
130804,102,09/18/2025,P
130997,102,09/18/2025,P
131196,102,09/18/2025,P
131384,102,09/18/2025,P
131401,101,09/18/2025,T
131404,102,09/18/2025,P
131595,102,09/18/2025,P
131822,101,09/18/2025,P
132081,102,09/18/2025,P
132131,101,09/18/2025,P
132171,102,09/18/2025,P
132180,102,09/18/2025,E
132242,101,09/18/2025,P
132581,102,09/18/2025,P
132608,101,09/18/2025,P
132664,102,09/18/2025,A
132666,101,09/18/2025,P
132892,101,09/18/2025,P
132932,102,09/18/2025,A
133077,102,09/18/2025,P
133184,101,09/18/2025,P
133272,102,09/18/2025,A
133448,102,09/18/2025,P
133506,101,09/18/2025,P
133542,102,09/18/2025,P
133616,102,09/18/2025,P
133658,101,09/18/2025,P
133762,101,09/18/2025,A
133946,101,09/18/2025,P
134080,101,09/18/2025,P
134268,102,09/18/2025,P
134289,102,09/18/2025,P
134383,101,09/18/2025,P
135262,102,09/18/2025,P
135758,101,09/18/2025,P
135769,101,09/18/2025,P
135812,102,09/18/2025,P
135821,102,09/18/2025,P
135901,101,09/18/2025,P
135923,101,09/18/2025,P
136336,102,09/18/2025,P
136474,101,09/18/2025,P
136533,101,09/18/2025,P
136558,102,09/18/2025,P
136686,102,09/18/2025,P
136962,101,09/18/2025,P
137523,102,09/18/2025,P
137717,102,09/18/2025,p
137842,102,09/18/2025,P
138052,102,09/18/2025,P
138385,101,09/18/2025,P
138406,102,09/18/2025,P
138438,102,09/18/2025,P
138530,101,09/18/2025,P
139142,101,09/18/2025,P
139199,101,09/18/2025,P
139332,102,09/18/2025,P
100014,101,09/19/2025,P
100166,102,09/19/2025,P
100336,101,09/19/2025,P
100607,102,09/19/2025,P
100752,102,09/19/2025,P
100926,101,09/19/2025,P
101621,101,09/19/2025,P
101663,101,09/19/2025,P
101676,101,09/19/2025,P
101690,102,09/19/2025,E
102169,102,09/19/2025,T
102203,101,09/19/2025,P
102926,102,09/19/2025,P
103203,101,09/19/2025,T
103366,101,09/19/2025,P
104213,102,09/19/2025,A
104812,101,09/19/2025,P
105001,102,09/19/2025,P
105290,102,09/19/2025,p
105443,101,09/19/2025,P
105533,101,09/19/2025,P
105876,102,09/19/2025,P
105943,101,09/19/2025,P
106040,102,09/19/2025,P
106334,101,09/19/2025,P
106425,102,09/19/2025,P
106447,101,09/19/2025,P
106722,101,09/19/2025,P
106726,102,09/19/2025,P
106955,102,09/19/2025,P
107257,102,09/19/2025,T
107631,101,09/19/2025,P
107806,101,09/19/2025,P
107917,101,09/19/2025,P
107954,101,09/19/2025,P
107996,102,09/19/2025,P
108454,101,09/19/2025,P
108599,101,09/19/2025,P
108838,102,09/19/2025,P
108870,101,09/19/2025,T
109233,102,09/19/2025,P
109333,101,09/19/2025,P
109734,101,09/19/2025,A
109820,101,09/19/2025,P
110142,102,09/19/2025,P
110493,102,09/19/2025,P
111996,102,09/19/2025,P
112752,101,09/19/2025,P
112890,102,09/19/2025,T
113028,101,09/19/2025,P
113096,101,09/19/2025,P
113273,102,09/19/2025,P
113777,102,09/19/2025,E
114609,101,09/19/2025,P
114633,102,09/19/2025,P
114714,101,09/19/2025,T
115002,101,09/19/2025,P
116242,102,09/19/2025,T
116449,101,09/19/2025,P
116483,101,09/19/2025,P
116950,102,09/19/2025,P
116962,101,09/19/2025,A
117046,101,09/19/2025,P
117598,102,09/19/2025,P
117631,101,09/19/2025,P
118824,101,09/19/2025,P
118848,101,09/19/2025,P
119009,101,09/19/2025,P
119050,102,09/19/2025,P
119144,102,09/19/2025,P
119292,102,09/19/2025,P
119901,101,09/19/2025,P
120054,101,09/19/2025,P
120160,101,09/19/2025,P
120250,101,09/19/2025,A
120541,102,09/19/2025,P
120593,102,09/19/2025,P
120752,101,09/19/2025,P
120937,102,09/19/2025,P
121367,102,09/19/2025,P
121480,101,09/19/2025,P
122308,101,09/19/2025,A
122742,101,09/19/2025,P
122784,102,09/19/2025,P
123160,102,09/19/2025,P
123372,101,09/19/2025,P
123412,101,09/19/2025,P
123588,101,09/19/2025,P
123825,101,09/19/2025,P
124172,101,09/19/2025,P
124641,101,09/19/2025,P
124664,101,09/19/2025,P
125516,102,09/19/2025,p
125585,102,09/19/2025,P
126032,101,09/19/2025,P
126093,102,09/19/2025,P
126134,101,09/19/2025,P
126342,101,09/19/2025,P
126350,102,09/19/2025,P
126955,101,09/19/2025,E
127003,102,09/19/2025,P
127379,101,09/19/2025,P
127522,102,09/19/2025,P
127565,102,09/19/2025,P
127670,102,09/19/2025,P
127881,102,09/19/2025,P
127903,102,09/19/2025,E
128141,102,09/19/2025,P
128381,102,09/19/2025,P
128734,101,09/19/2025,P
128907,101,09/19/2025,P
129451,102,09/19/2025,P
129468,102,09/19/2025,T
129500,101,09/19/2025,P
129571,102,09/19/2025,P
129682,101,09/19/2025,p
129936,101,09/19/2025,P
129979,102,09/19/2025,P
129992,101,09/19/2025,P
130030,101,09/19/2025,P
130582,101,09/19/2025,P
130762,101,09/19/2025,P
130804,102,09/19/2025,P
130997,102,09/19/2025,P
131196,102,09/19/2025,P
131384,102,09/19/2025,P
131401,101,09/19/2025,P
131404,102,09/19/2025,P
131595,102,09/19/2025,P
131822,101,09/19/2025,P
132081,102,09/19/2025,p
132131,101,09/19/2025,P
132171,102,09/19/2025,S
132180,102,09/19/2025,P
132242,101,09/19/2025,P
132581,102,09/19/2025,P
132608,101,09/19/2025,P
132664,102,09/19/2025,P
132666,101,09/19/2025,P
132892,101,09/19/2025,P
132932,102,09/19/2025,P
133077,102,09/19/2025,P
133184,101,09/19/2025,P
133272,102,09/19/2025,P
133448,102,09/19/2025,P
133506,101,09/19/2025,T
133542,102,09/19/2025,P
133616,102,09/19/2025,P
133658,101,09/19/2025,P
133762,101,09/19/2025,P
133946,101,09/19/2025,P
134080,101,09/19/2025,p
134268,102,09/19/2025,P
134289,102,09/19/2025,p
134383,101,09/19/2025,P
135262,102,09/19/2025,P
135758,101,09/19/2025,P
135769,101,09/19/2025,P
135812,102,09/19/2025,P
135821,102,09/19/2025,P
135901,101,09/19/2025,p
135923,101,09/19/2025,P
136336,102,09/19/2025,P
136474,101,09/19/2025,p
136533,101,09/19/2025,P
136558,102,09/19/2025,P
136686,102,09/19/2025,A
136962,101,09/19/2025,P
137523,102,09/19/2025,P
137717,102,09/19/2025,P
137842,102,09/19/2025,P
138052,102,09/19/2025,P
138385,101,09/19/2025,P
138406,102,09/19/2025,P
138438,102,09/19/2025,P
138530,101,09/19/2025,P
139142,101,09/19/2025,P
139199,101,09/19/2025,P
139332,102,09/19/2025,P
100014,101,09/22/2025,P
100166,102,09/22/2025,P
100336,101,09/22/2025,P
100607,102,09/22/2025,P
100752,102,09/22/2025,P
100926,101,09/22/2025,P
101621,101,09/22/2025,P
101663,101,09/22/2025,P
101676,101,09/22/2025,P
101690,102,09/22/2025,P
102169,102,09/22/2025,P
102203,101,09/22/2025,P
102926,102,09/22/2025,P
103203,101,09/22/2025,P
103366,101,09/22/2025,P
104213,102,09/22/2025,P
104812,101,09/22/2025,E
105001,102,09/22/2025,P
105290,102,09/22/2025,P
105443,101,09/22/2025,P
105533,101,09/22/2025,P
105876,102,09/22/2025,P
105943,101,09/22/2025,P
106040,102,09/22/2025,P
106334,101,09/22/2025,P
106425,102,09/22/2025,P
106447,101,09/22/2025,P
106722,101,09/22/2025,A
106726,102,09/22/2025,P
106955,102,09/22/2025,P
107257,102,09/22/2025,P
107631,101,09/22/2025,P
107806,101,09/22/2025,P
107917,101,09/22/2025,E
107954,101,09/22/2025,P
107996,102,09/22/2025,P
108454,101,09/22/2025,T
108599,101,09/22/2025,P
108838,102,09/22/2025,P
108870,101,09/22/2025,P
109233,102,09/22/2025,P
109333,101,09/22/2025,P
109734,101,09/22/2025,P
109820,101,09/22/2025,P
110142,102,09/22/2025,P
110493,102,09/22/2025,P
111996,102,09/22/2025,P
112752,101,09/22/2025,P
112890,102,09/22/2025,T
113028,101,09/22/2025,P
113096,101,09/22/2025,P
113273,102,09/22/2025,P
113777,102,09/22/2025,P
114609,101,09/22/2025,P
114633,102,09/22/2025,P
114714,101,09/22/2025,P
115002,101,09/22/2025,P
116242,102,09/22/2025,P
116449,101,09/22/2025,P
116483,101,09/22/2025,P
116950,102,09/22/2025,P
116962,101,09/22/2025,P
117046,101,09/22/2025,P
117598,102,09/22/2025,P
117631,101,09/22/2025,P
118824,101,09/22/2025,P
118848,101,09/22/2025,P
119009,101,09/22/2025,P
119050,102,09/22/2025,P
119144,102,09/22/2025,P
119292,102,09/22/2025,P
119901,101,09/22/2025,T
120054,101,09/22/2025,P
120160,101,09/22/2025,P
120250,101,09/22/2025,P
120541,102,09/22/2025,P
120593,102,09/22/2025,P
120752,101,09/22/2025,P
120937,102,09/22/2025,P
121367,102,09/22/2025,A
121480,101,09/22/2025,P
122308,101,09/22/2025,P
122742,101,09/22/2025,P
122784,102,09/22/2025,P
123160,102,09/22/2025,P
123372,101,09/22/2025,P
123412,101,09/22/2025,P
123588,101,09/22/2025,P
123825,101,09/22/2025,P
124172,101,09/22/2025,P
124641,101,09/22/2025,P
124664,101,09/22/2025,P
125516,102,09/22/2025,P
125585,102,09/22/2025,P
126032,101,09/22/2025,P
126093,102,09/22/2025,P
126134,101,09/22/2025,P
126342,101,09/22/2025,P
126350,102,09/22/2025,P
126955,101,09/22/2025,P
127003,102,09/22/2025,P
127379,101,09/22/2025,P
127522,102,09/22/2025,P
127565,102,09/22/2025,P
127670,102,09/22/2025,P
127881,102,09/22/2025,P
127903,102,09/22/2025,A
128141,102,09/22/2025,P
128381,102,09/22/2025,P
128734,101,09/22/2025,P
128907,101,09/22/2025,P
129451,102,09/22/2025,P
129468,102,09/22/2025,E
129500,101,09/22/2025,P
129571,102,09/22/2025,P
129682,101,09/22/2025,P
129936,101,09/22/2025,A
129979,102,09/22/2025,P
129992,101,09/22/2025,P
130030,101,09/22/2025,P
130582,101,09/22/2025,P
130762,101,09/22/2025,P
130804,102,09/22/2025,P
130997,102,09/22/2025,P
131196,102,09/22/2025,P
131384,102,09/22/2025,P
131401,101,09/22/2025,P
131404,102,09/22/2025,P
131595,102,09/22/2025,P
131822,101,09/22/2025,P
132081,102,09/22/2025,P
132131,101,09/22/2025,A
132171,102,09/22/2025,P
132180,102,09/22/2025,P
132242,101,09/22/2025,P
132581,102,09/22/2025,P
132608,101,09/22/2025,P
132664,102,09/22/2025,P
132666,101,09/22/2025,P
132892,101,09/22/2025,P
132932,102,09/22/2025,P
133077,102,09/22/2025,P
133184,101,09/22/2025,P
133272,102,09/22/2025,P
133448,102,09/22/2025,P
133506,101,09/22/2025,P
133542,102,09/22/2025,P
133616,102,09/22/2025,P
133658,101,09/22/2025,P
133762,101,09/22/2025,P
133946,101,09/22/2025,P
134080,101,09/22/2025,p
134268,102,09/22/2025,P
134289,102,09/22/2025,A
134383,101,09/22/2025,P
135262,102,09/22/2025,P
135758,101,09/22/2025,S
135769,101,09/22/2025,P
135812,102,09/22/2025,P
135821,102,09/22/2025,P
135901,101,09/22/2025,P
135923,101,09/22/2025,P
136336,102,09/22/2025,P
136474,101,09/22/2025,P
136533,101,09/22/2025,P
136558,102,09/22/2025,P
136686,102,09/22/2025,P
136962,101,09/22/2025,P
137523,102,09/22/2025,P
137717,102,09/22/2025,P
137842,102,09/22/2025,P
138052,102,09/22/2025,P
138385,101,09/22/2025,P
138406,102,09/22/2025,P
138438,102,09/22/2025,P
138530,101,09/22/2025,P
139142,101,09/22/2025,P
139199,101,09/22/2025,P
139332,102,09/22/2025,P
100014,101,09/23/2025,P
100166,102,09/23/2025,P
100336,101,09/23/2025,P
100607,102,09/23/2025,P
100752,102,09/23/2025,P
100926,101,09/23/2025,P
101621,101,09/23/2025,P
101663,101,09/23/2025,P
101676,101,09/23/2025,P
101690,102,09/23/2025,P
102169,102,09/23/2025,P
102203,101,09/23/2025,P
102926,102,09/23/2025,P
103203,101,09/23/2025,T
103366,101,09/23/2025,A
104213,102,09/23/2025,P
104812,101,09/23/2025,P
105001,102,09/23/2025,P
105290,102,09/23/2025,P
105443,101,09/23/2025,P
105533,101,09/23/2025,P
105876,102,09/23/2025,P
105943,101,09/23/2025,P
106040,102,09/23/2025,P
106334,101,09/23/2025,P
106425,102,09/23/2025,P
106447,101,09/23/2025,P
106722,101,09/23/2025,P
106726,102,09/23/2025,P
106955,102,09/23/2025,P
107257,102,09/23/2025,A
107631,101,09/23/2025,P
107806,101,09/23/2025,A
107917,101,09/23/2025,P
107954,101,09/23/2025,P
107996,102,09/23/2025,P
108454,101,09/23/2025,P
108599,101,09/23/2025,P
108838,102,09/23/2025,P
108870,101,09/23/2025,P
109233,102,09/23/2025,P
109333,101,09/23/2025,P
109734,101,09/23/2025,E
109820,101,09/23/2025,P
110142,102,09/23/2025,P
110493,102,09/23/2025,P
111996,102,09/23/2025,P
112752,101,09/23/2025,P
112890,102,09/23/2025,P
113028,101,09/23/2025,P
113096,101,09/23/2025,P
113273,102,09/23/2025,P
113777,102,09/23/2025,P
114609,101,09/23/2025,P
114633,102,09/23/2025,P
114714,101,09/23/2025,P
115002,101,09/23/2025,P
116242,102,09/23/2025,P
116449,101,09/23/2025,P
116483,101,09/23/2025,P
116950,102,09/23/2025,P
116962,101,09/23/2025,P
117046,101,09/23/2025,T
117598,102,09/23/2025,P
117631,101,09/23/2025,T
118824,101,09/23/2025,T
118848,101,09/23/2025,P
119009,101,09/23/2025,A
119050,102,09/23/2025,P
119144,102,09/23/2025,P
119292,102,09/23/2025,P
119901,101,09/23/2025,P
120054,101,09/23/2025,P
120160,101,09/23/2025,P
120250,101,09/23/2025,P
120541,102,09/23/2025,P
120593,102,09/23/2025,P
120752,101,09/23/2025,P
120937,102,09/23/2025,P
121367,102,09/23/2025,P
121480,101,09/23/2025,P
122308,101,09/23/2025,A
122742,101,09/23/2025,P
122784,102,09/23/2025,P
123160,102,09/23/2025,P
123372,101,09/23/2025,E
123412,101,09/23/2025,P
123588,101,09/23/2025,P
123825,101,09/23/2025,P
124172,101,09/23/2025,P
124641,101,09/23/2025,P
124664,101,09/23/2025,P
125516,102,09/23/2025,p
125585,102,09/23/2025,P
126032,101,09/23/2025,A
126093,102,09/23/2025,P
126134,101,09/23/2025,P
126342,101,09/23/2025,P
126350,102,09/23/2025,P
126955,101,09/23/2025,P
127003,102,09/23/2025,E
127379,101,09/23/2025,P
127522,102,09/23/2025,P
127565,102,09/23/2025,P
127670,102,09/23/2025,P
127881,102,09/23/2025,P
127903,102,09/23/2025,P
128141,102,09/23/2025,P
128381,102,09/23/2025,P
128734,101,09/23/2025,T
128907,101,09/23/2025,P
129451,102,09/23/2025,P
129468,102,09/23/2025,P
129500,101,09/23/2025,P
129571,102,09/23/2025,P
129682,101,09/23/2025,P
129936,101,09/23/2025,P
129979,102,09/23/2025,P
129992,101,09/23/2025,P
130030,101,09/23/2025,P
130582,101,09/23/2025,T
130762,101,09/23/2025,P
130804,102,09/23/2025,P
130997,102,09/23/2025,P
131196,102,09/23/2025,P
131384,102,09/23/2025,E
131401,101,09/23/2025,T
131404,102,09/23/2025,P
131595,102,09/23/2025,P
131822,101,09/23/2025,P
132081,102,09/23/2025,P
132131,101,09/23/2025,P
132171,102,09/23/2025,P
132180,102,09/23/2025,T
132242,101,09/23/2025,P
132581,102,09/23/2025,T
132608,101,09/23/2025,P
132664,102,09/23/2025,P
132666,101,09/23/2025,P
132892,101,09/23/2025,P
132932,102,09/23/2025,A
133077,102,09/23/2025,P
133184,101,09/23/2025,P
133272,102,09/23/2025,P
133448,102,09/23/2025,P
133506,101,09/23/2025,T
133542,102,09/23/2025,P
133616,102,09/23/2025,E
133658,101,09/23/2025,P
133762,101,09/23/2025,P
133946,101,09/23/2025,P
134080,101,09/23/2025,P
134268,102,09/23/2025,P
134289,102,09/23/2025,P
134383,101,09/23/2025,P
135262,102,09/23/2025,P
135758,101,09/23/2025,P
135769,101,09/23/2025,P
135812,102,09/23/2025,P
135821,102,09/23/2025,P
135901,101,09/23/2025,P
135923,101,09/23/2025,P
136336,102,09/23/2025,P
136474,101,09/23/2025,P
136533,101,09/23/2025,P
136558,102,09/23/2025,P
136686,102,09/23/2025,A
136962,101,09/23/2025,P
137523,102,09/23/2025,P
137717,102,09/23/2025,P
137842,102,09/23/2025,P
138052,102,09/23/2025,A
138385,101,09/23/2025,P
138406,102,09/23/2025,P
138438,102,09/23/2025,P
138530,101,09/23/2025,P
139142,101,09/23/2025,P
139199,101,09/23/2025,P
139204,102,09/23/2025,P
139332,102,09/23/2025,P
100014,101,09/24/2025,P
100166,102,09/24/2025,P
100336,101,09/24/2025,P
100607,102,09/24/2025,P
100752,102,09/24/2025,P
100926,101,09/24/2025,P
101621,101,09/24/2025,P
101663,101,09/24/2025,P
101676,101,09/24/2025,P
101690,102,09/24/2025,P
102169,102,09/24/2025,P
102203,101,09/24/2025,P
102926,102,09/24/2025,P
103203,101,09/24/2025,P
103366,101,09/24/2025,p
104213,102,09/24/2025,P
104812,101,09/24/2025,P
105001,102,09/24/2025,P
105290,102,09/24/2025,P
105443,101,09/24/2025,P
105533,101,09/24/2025,P
105876,102,09/24/2025,P
105943,101,09/24/2025,P
106040,102,09/24/2025,P
106334,101,09/24/2025,P
106425,102,09/24/2025,P
106447,101,09/24/2025,P
106722,101,09/24/2025,P
106726,102,09/24/2025,A
106955,102,09/24/2025,P
107257,102,09/24/2025,P
107631,101,09/24/2025,P
107806,101,09/24/2025,P
107917,101,09/24/2025,P
107954,101,09/24/2025,P
107996,102,09/24/2025,P
108454,101,09/24/2025,P
108599,101,09/24/2025,P
108838,102,09/24/2025,P
108870,101,09/24/2025,E
109233,102,09/24/2025,P
109333,101,09/24/2025,P
109734,101,09/24/2025,E
109820,101,09/24/2025,p
110142,102,09/24/2025,A
110493,102,09/24/2025,P
111996,102,09/24/2025,P
112752,101,09/24/2025,P
112890,102,09/24/2025,A
113028,101,09/24/2025,P
113096,101,09/24/2025,S
113273,102,09/24/2025,P
113777,102,09/24/2025,P
114609,101,09/24/2025,P
114633,102,09/24/2025,E
114714,101,09/24/2025,P
115002,101,09/24/2025,P
116242,102,09/24/2025,P
116449,101,09/24/2025,P
116483,101,09/24/2025,P
116950,102,09/24/2025,T
116962,101,09/24/2025,P
117046,101,09/24/2025,P
117598,102,09/24/2025,P
117631,101,09/24/2025,P
118824,101,09/24/2025,P
118848,101,09/24/2025,P
119009,101,09/24/2025,P
119050,102,09/24/2025,P
119144,102,09/24/2025,P
119292,102,09/24/2025,P
119901,101,09/24/2025,T
120054,101,09/24/2025,T
120160,101,09/24/2025,P
120250,101,09/24/2025,P
120541,102,09/24/2025,P
120593,102,09/24/2025,P
120752,101,09/24/2025,P
120937,102,09/24/2025,P
121367,102,09/24/2025,P
121480,101,09/24/2025,A
122308,101,09/24/2025,P
122742,101,09/24/2025,P
122784,102,09/24/2025,P
123160,102,09/24/2025,P
123372,101,09/24/2025,P
123412,101,09/24/2025,P
123588,101,09/24/2025,P
123825,101,09/24/2025,P
124172,101,09/24/2025,P
124641,101,09/24/2025,P
124664,101,09/24/2025,A
125516,102,09/24/2025,P
125585,102,09/24/2025,P
126032,101,09/24/2025,E
126093,102,09/24/2025,P
126134,101,09/24/2025,A
126342,101,09/24/2025,P
126350,102,09/24/2025,P
126955,101,09/24/2025,P
127003,102,09/24/2025,P
127379,101,09/24/2025,P
127522,102,09/24/2025,P
127565,102,09/24/2025,P
127670,102,09/24/2025,P
127881,102,09/24/2025,P
127903,102,09/24/2025,P
128141,102,09/24/2025,P
128381,102,09/24/2025,P
128734,101,09/24/2025,P
128907,101,09/24/2025,P
129451,102,09/24/2025,P
129468,102,09/24/2025,P
129500,101,09/24/2025,P
129571,102,09/24/2025,P
129682,101,09/24/2025,P
129936,101,09/24/2025,P
129979,102,09/24/2025,P
129992,101,09/24/2025,P
130030,101,09/24/2025,P
130582,101,09/24/2025,P
130762,101,09/24/2025,P
130804,102,09/24/2025,P
130997,102,09/24/2025,P
131196,102,09/24/2025,P
131384,102,09/24/2025,P
131401,101,09/24/2025,P
131404,102,09/24/2025,P
131595,102,09/24/2025,P
131822,101,09/24/2025,P
132081,102,09/24/2025,P
132131,101,09/24/2025,P
132171,102,09/24/2025,P
132180,102,09/24/2025,P
132242,101,09/24/2025,P
132581,102,09/24/2025,P
132608,101,09/24/2025,P
132664,102,09/24/2025,P
132666,101,09/24/2025,P
132892,101,09/24/2025,P
132932,102,09/24/2025,P
133077,102,09/24/2025,P
133184,101,09/24/2025,P
133272,102,09/24/2025,P
133448,102,09/24/2025,P
133506,101,09/24/2025,P
133542,102,09/24/2025,P
133616,102,09/24/2025,P
133658,101,09/24/2025,P
133762,101,09/24/2025,P
133946,101,09/24/2025,P
134080,101,09/24/2025,P
134268,102,09/24/2025,P
134289,102,09/24/2025,P
134383,101,09/24/2025,P
135262,102,09/24/2025,P
135758,101,09/24/2025,P
135769,101,09/24/2025,P
135812,102,09/24/2025,P
135821,102,09/24/2025,p
135901,101,09/24/2025,P
135923,101,09/24/2025,E
136336,102,09/24/2025,P
136474,101,09/24/2025,P
136533,101,09/24/2025,p
136558,102,09/24/2025,P
136686,102,09/24/2025,P
136962,101,09/24/2025,P
137523,102,09/24/2025,P
137717,102,09/24/2025,P
137842,102,09/24/2025,P
138052,102,09/24/2025,P
138385,101,09/24/2025,P
138406,102,09/24/2025,P
138438,102,09/24/2025,T
138530,101,09/24/2025,E
139142,101,09/24/2025,P
139199,101,09/24/2025,P
139204,102,09/24/2025,P
139332,102,09/24/2025,T
100014,101,09/25/2025,P
100166,102,09/25/2025,P
100336,101,09/25/2025,P
100607,102,09/25/2025,P
100752,102,09/25/2025,T
100926,101,09/25/2025,P
101621,101,09/25/2025,P
101663,101,09/25/2025,P
101676,101,09/25/2025,P
101690,102,09/25/2025,P
102169,102,09/25/2025,P
102203,101,09/25/2025,P
102926,102,09/25/2025,P
103203,101,09/25/2025,P
103366,101,09/25/2025,P
104213,102,09/25/2025,P
104812,101,09/25/2025,P
105001,102,09/25/2025,P
105290,102,09/25/2025,P
105443,101,09/25/2025,P
105533,101,09/25/2025,P
105876,102,09/25/2025,A
105943,101,09/25/2025,P
106040,102,09/25/2025,P
106334,101,09/25/2025,P
106425,102,09/25/2025,P
106447,101,09/25/2025,P
106722,101,09/25/2025,P
106726,102,09/25/2025,P
106955,102,09/25/2025,P
107257,102,09/25/2025,P
107631,101,09/25/2025,P
107806,101,09/25/2025,P
107917,101,09/25/2025,P
107954,101,09/25/2025,P
107996,102,09/25/2025,P
108454,101,09/25/2025,P
108599,101,09/25/2025,P
108838,102,09/25/2025,P
108870,101,09/25/2025,P
109233,102,09/25/2025,P
109333,101,09/25/2025,P
109734,101,09/25/2025,E
109820,101,09/25/2025,P
110142,102,09/25/2025,P
110493,102,09/25/2025,P
111996,102,09/25/2025,P
112752,101,09/25/2025,P
112890,102,09/25/2025,P
113028,101,09/25/2025,P
113096,101,09/25/2025,E
113273,102,09/25/2025,T
113777,102,09/25/2025,P
114609,101,09/25/2025,P
114633,102,09/25/2025,P
114714,101,09/25/2025,P
115002,101,09/25/2025,P
116242,102,09/25/2025,P
116449,101,09/25/2025,P
116483,101,09/25/2025,P
116950,102,09/25/2025,P
116962,101,09/25/2025,P
117046,101,09/25/2025,P
117598,102,09/25/2025,P
117631,101,09/25/2025,P
118824,101,09/25/2025,P
118848,101,09/25/2025,P
119009,101,09/25/2025,P
119050,102,09/25/2025,P
119144,102,09/25/2025,P
119292,102,09/25/2025,P
119901,101,09/25/2025,P
120054,101,09/25/2025,P
120160,101,09/25/2025,P
120250,101,09/25/2025,P
120541,102,09/25/2025,P
120593,102,09/25/2025,P
120752,101,09/25/2025,P
120937,102,09/25/2025,P
121367,102,09/25/2025,P
121480,101,09/25/2025,P
122308,101,09/25/2025,P
122742,101,09/25/2025,P
122784,102,09/25/2025,P
123160,102,09/25/2025,P
123372,101,09/25/2025,P
123412,101,09/25/2025,P
123588,101,09/25/2025,P
123825,101,09/25/2025,P
124172,101,09/25/2025,P
124641,101,09/25/2025,P
124664,101,09/25/2025,P
125516,102,09/25/2025,P
125585,102,09/25/2025,P
126032,101,09/25/2025,P
126093,102,09/25/2025,P
126134,101,09/25/2025,P
126342,101,09/25/2025,P
126350,102,09/25/2025,P
126955,101,09/25/2025,P
127003,102,09/25/2025,P
127379,101,09/25/2025,P
127522,102,09/25/2025,P
127565,102,09/25/2025,P
127670,102,09/25/2025,P
127881,102,09/25/2025,P
127903,102,09/25/2025,P
128141,102,09/25/2025,P
128381,102,09/25/2025,A
128734,101,09/25/2025,P
128907,101,09/25/2025,P
129451,102,09/25/2025,P
129468,102,09/25/2025,P
129500,101,09/25/2025,P
129571,102,09/25/2025,P
129682,101,09/25/2025,P
129936,101,09/25/2025,P
129979,102,09/25/2025,P
129992,101,09/25/2025,P
130030,101,09/25/2025,P
130582,101,09/25/2025,P
130762,101,09/25/2025,P
130804,102,09/25/2025,P
130997,102,09/25/2025,P
131196,102,09/25/2025,P
131384,102,09/25/2025,P
131401,101,09/25/2025,P
131404,102,09/25/2025,T
131595,102,09/25/2025,P
131822,101,09/25/2025,P
132081,102,09/25/2025,P
132131,101,09/25/2025,P
132171,102,09/25/2025,P
132180,102,09/25/2025,P
132242,101,09/25/2025,P
132581,102,09/25/2025,P
132608,101,09/25/2025,P
132664,102,09/25/2025,P
132666,101,09/25/2025,P
132892,101,09/25/2025,P
132932,102,09/25/2025,A
133077,102,09/25/2025,P
133184,101,09/25/2025,P
133272,102,09/25/2025,P
133448,102,09/25/2025,P
133506,101,09/25/2025,P
133542,102,09/25/2025,P
133616,102,09/25/2025,P
133658,101,09/25/2025,P
133762,101,09/25/2025,P
133946,101,09/25/2025,P
134080,101,09/25/2025,P
134268,102,09/25/2025,T
134289,102,09/25/2025,P
134383,101,09/25/2025,P
135262,102,09/25/2025,P
135758,101,09/25/2025,P
135769,101,09/25/2025,T
135812,102,09/25/2025,P
135821,102,09/25/2025,P
135901,101,09/25/2025,P
135923,101,09/25/2025,P
136336,102,09/25/2025,P
136474,101,09/25/2025,P
136533,101,09/25/2025,P
136558,102,09/25/2025,P
136686,102,09/25/2025,P
136962,101,09/25/2025,P
137523,102,09/25/2025,P
137717,102,09/25/2025,P
137842,102,09/25/2025,P
138052,102,09/25/2025,A
138385,101,09/25/2025,P
138406,102,09/25/2025,P
138438,102,09/25/2025,P
138530,101,09/25/2025,P
139142,101,09/25/2025,P
139199,101,09/25/2025,P
139204,102,09/25/2025,A
139332,102,09/25/2025,P
100014,101,09/26/2025,P
100166,102,09/26/2025,P
100336,101,09/26/2025,P
100607,102,09/26/2025,P
100752,102,09/26/2025,P
100926,101,09/26/2025,P
101621,101,09/26/2025,P
101663,101,09/26/2025,P
101676,101,09/26/2025,P
101690,102,09/26/2025,E
102169,102,09/26/2025,P
102203,101,09/26/2025,P
102926,102,09/26/2025,P
103203,101,09/26/2025,P
103366,101,09/26/2025,P
104213,102,09/26/2025,P
104812,101,09/26/2025,P
105001,102,09/26/2025,T
105290,102,09/26/2025,P
105443,101,09/26/2025,P
105533,101,09/26/2025,P
105876,102,09/26/2025,P
105943,101,09/26/2025,P
106040,102,09/26/2025,P
106334,101,09/26/2025,P
106425,102,09/26/2025,P
106447,101,09/26/2025,P
106722,101,09/26/2025,P
106726,102,09/26/2025,P
106955,102,09/26/2025,P
107257,102,09/26/2025,P
107631,101,09/26/2025,P
107806,101,09/26/2025,P
107917,101,09/26/2025,P
107954,101,09/26/2025,P
107996,102,09/26/2025,P
108454,101,09/26/2025,P
108599,101,09/26/2025,P
108838,102,09/26/2025,P
108870,101,09/26/2025,P
109233,102,09/26/2025,P
109333,101,09/26/2025,p
109734,101,09/26/2025,P
109820,101,09/26/2025,P
110142,102,09/26/2025,T
110493,102,09/26/2025,P
111996,102,09/26/2025,P
112752,101,09/26/2025,A
112890,102,09/26/2025,P
113028,101,09/26/2025,P
113096,101,09/26/2025,P
113273,102,09/26/2025,P
113777,102,09/26/2025,P
114609,101,09/26/2025,P
114633,102,09/26/2025,P
114714,101,09/26/2025,A
115002,101,09/26/2025,P
116242,102,09/26/2025,P
116449,101,09/26/2025,P
116483,101,09/26/2025,P
116950,102,09/26/2025,P
116962,101,09/26/2025,P
117046,101,09/26/2025,P
117598,102,09/26/2025,P
117631,101,09/26/2025,P
118824,101,09/26/2025,P
118848,101,09/26/2025,P
119009,101,09/26/2025,P
119050,102,09/26/2025,P
119144,102,09/26/2025,P
119292,102,09/26/2025,P
119901,101,09/26/2025,P
120054,101,09/26/2025,P
120160,101,09/26/2025,P
120250,101,09/26/2025,P
120541,102,09/26/2025,P
120593,102,09/26/2025,P
120752,101,09/26/2025,P
120937,102,09/26/2025,P
121367,102,09/26/2025,P
121480,101,09/26/2025,P
122308,101,09/26/2025,P
122742,101,09/26/2025,P
122784,102,09/26/2025,P
123160,102,09/26/2025,P
123372,101,09/26/2025,P
123412,101,09/26/2025,P
123588,101,09/26/2025,P
123825,101,09/26/2025,P
124172,101,09/26/2025,P
124641,101,09/26/2025,P
124664,101,09/26/2025,P
125516,102,09/26/2025,P
125585,102,09/26/2025,P
126032,101,09/26/2025,P
126093,102,09/26/2025,P
126134,101,09/26/2025,P
126342,101,09/26/2025,P
126350,102,09/26/2025,P
126955,101,09/26/2025,P
127003,102,09/26/2025,P
127379,101,09/26/2025,P
127522,102,09/26/2025,P
127565,102,09/26/2025,P
127670,102,09/26/2025,P
127881,102,09/26/2025,P
127903,102,09/26/2025,P
128141,102,09/26/2025,P
128381,102,09/26/2025,P
128734,101,09/26/2025,P
128907,101,09/26/2025,P
129451,102,09/26/2025,P
129468,102,09/26/2025,p
129500,101,09/26/2025,P
129571,102,09/26/2025,P
129682,101,09/26/2025,P
129936,101,09/26/2025,P
129979,102,09/26/2025,P
129992,101,09/26/2025,P
130030,101,09/26/2025,P
130582,101,09/26/2025,P
130762,101,09/26/2025,P
130804,102,09/26/2025,P
130997,102,09/26/2025,P
131196,102,09/26/2025,P
131384,102,09/26/2025,P
131401,101,09/26/2025,P
131404,102,09/26/2025,p
131595,102,09/26/2025,A
131822,101,09/26/2025,P
132081,102,09/26/2025,P
132131,101,09/26/2025,P
132171,102,09/26/2025,P
132180,102,09/26/2025,P
132242,101,09/26/2025,E
132581,102,09/26/2025,P
132608,101,09/26/2025,P
132664,102,09/26/2025,P
132666,101,09/26/2025,P
132892,101,09/26/2025,P
132932,102,09/26/2025,P
133077,102,09/26/2025,P
133184,101,09/26/2025,P
133272,102,09/26/2025,P
133448,102,09/26/2025,T
133506,101,09/26/2025,P
133542,102,09/26/2025,P
133616,102,09/26/2025,P
133658,101,09/26/2025,P
133762,101,09/26/2025,P
133946,101,09/26/2025,P
134080,101,09/26/2025,P
134268,102,09/26/2025,P
134289,102,09/26/2025,P
134383,101,09/26/2025,P
135262,102,09/26/2025,P
135758,101,09/26/2025,P
135769,101,09/26/2025,P
135812,102,09/26/2025,P
135821,102,09/26/2025,P
135901,101,09/26/2025,P
135923,101,09/26/2025,P
136336,102,09/26/2025,P
136474,101,09/26/2025,P
136533,101,09/26/2025,P
136558,102,09/26/2025,P
136686,102,09/26/2025,P
136962,101,09/26/2025,P
137523,102,09/26/2025,P
137717,102,09/26/2025,P
137842,102,09/26/2025,P
138052,102,09/26/2025,P
138385,101,09/26/2025,P
138406,102,09/26/2025,P
138438,102,09/26/2025,P
138530,101,09/26/2025,P
139142,101,09/26/2025,P
139199,101,09/26/2025,P
139204,102,09/26/2025,P
139332,102,09/26/2025,P
100014,101,09/29/2025,P
100166,102,09/29/2025,P
100336,101,09/29/2025,P
100607,102,09/29/2025,P
100752,102,09/29/2025,P
100926,101,09/29/2025,P
101621,101,09/29/2025,P
101663,101,09/29/2025,P
101676,101,09/29/2025,P
101690,102,09/29/2025,T
102169,102,09/29/2025,P
102203,101,09/29/2025,P
102926,102,09/29/2025,P
103203,101,09/29/2025,P
103366,101,09/29/2025,A
104213,102,09/29/2025,P
104812,101,09/29/2025,P
105001,102,09/29/2025,P
105290,102,09/29/2025,P
105443,101,09/29/2025,P
105533,101,09/29/2025,P
105876,102,09/29/2025,P
105943,101,09/29/2025,P
106040,102,09/29/2025,P
106334,101,09/29/2025,P
106425,102,09/29/2025,P
106447,101,09/29/2025,P
106722,101,09/29/2025,P
106726,102,09/29/2025,P
106955,102,09/29/2025,P
107257,102,09/29/2025,P
107631,101,09/29/2025,P
107806,101,09/29/2025,P
107917,101,09/29/2025,P
107954,101,09/29/2025,P
107996,102,09/29/2025,A
108454,101,09/29/2025,P
108599,101,09/29/2025,P
108838,102,09/29/2025,P
108870,101,09/29/2025,p
109233,102,09/29/2025,P
109333,101,09/29/2025,P
109734,101,09/29/2025,P
109820,101,09/29/2025,P
110142,102,09/29/2025,P
110493,102,09/29/2025,P
111996,102,09/29/2025,P
112752,101,09/29/2025,A
112890,102,09/29/2025,P
113028,101,09/29/2025,P
113096,101,09/29/2025,P
113273,102,09/29/2025,P
113777,102,09/29/2025,P
114609,101,09/29/2025,T
114633,102,09/29/2025,P
114714,101,09/29/2025,P
115002,101,09/29/2025,P
116242,102,09/29/2025,P
116449,101,09/29/2025,P
116483,101,09/29/2025,P
116950,102,09/29/2025,P
116962,101,09/29/2025,T
117046,101,09/29/2025,P
117598,102,09/29/2025,P
117631,101,09/29/2025,E
118824,101,09/29/2025,P
118848,101,09/29/2025,P
119009,101,09/29/2025,P
119050,102,09/29/2025,P
119144,102,09/29/2025,P
119292,102,09/29/2025,P
119901,101,09/29/2025,P
120054,101,09/29/2025,P
120160,101,09/29/2025,P
120250,101,09/29/2025,P
120541,102,09/29/2025,P
120593,102,09/29/2025,P
120752,101,09/29/2025,P
120937,102,09/29/2025,P
121367,102,09/29/2025,P
121480,101,09/29/2025,p
122308,101,09/29/2025,A
122742,101,09/29/2025,P
122784,102,09/29/2025,P
123160,102,09/29/2025,P
123372,101,09/29/2025,P
123412,101,09/29/2025,P
123588,101,09/29/2025,P
123825,101,09/29/2025,P
124172,101,09/29/2025,P
124641,101,09/29/2025,P
124664,101,09/29/2025,P
125516,102,09/29/2025,P
125585,102,09/29/2025,A
126032,101,09/29/2025,P
126093,102,09/29/2025,P
126134,101,09/29/2025,P
126342,101,09/29/2025,P
126350,102,09/29/2025,P
126955,101,09/29/2025,P
127003,102,09/29/2025,P
127379,101,09/29/2025,P
127522,102,09/29/2025,P
127565,102,09/29/2025,P
127670,102,09/29/2025,P
127881,102,09/29/2025,p
127903,102,09/29/2025,P
128141,102,09/29/2025,P
128381,102,09/29/2025,P
128734,101,09/29/2025,P
128907,101,09/29/2025,P
129451,102,09/29/2025,P
129468,102,09/29/2025,P
129500,101,09/29/2025,P
129571,102,09/29/2025,P
129682,101,09/29/2025,P
129936,101,09/29/2025,P
129979,102,09/29/2025,P
129992,101,09/29/2025,P
130030,101,09/29/2025,P
130582,101,09/29/2025,P
130762,101,09/29/2025,p
130804,102,09/29/2025,P
130997,102,09/29/2025,P
131196,102,09/29/2025,P
131384,102,09/29/2025,P
131401,101,09/29/2025,P
131404,102,09/29/2025,P
131595,102,09/29/2025,P
131822,101,09/29/2025,P
132081,102,09/29/2025,P
132131,101,09/29/2025,P
132171,102,09/29/2025,P
132180,102,09/29/2025,P
132242,101,09/29/2025,P
132581,102,09/29/2025,P
132608,101,09/29/2025,T
132664,102,09/29/2025,P
132666,101,09/29/2025,P
132892,101,09/29/2025,P
132932,102,09/29/2025,A
133077,102,09/29/2025,P
133184,101,09/29/2025,P
133272,102,09/29/2025,T
133448,102,09/29/2025,P
133506,101,09/29/2025,P
133542,102,09/29/2025,T
133616,102,09/29/2025,P
133658,101,09/29/2025,P
133762,101,09/29/2025,P
133946,101,09/29/2025,P
134080,101,09/29/2025,P
134268,102,09/29/2025,P
134289,102,09/29/2025,P
134383,101,09/29/2025,T
135262,102,09/29/2025,P
135758,101,09/29/2025,P
135769,101,09/29/2025,P
135812,102,09/29/2025,P
135821,102,09/29/2025,P
135901,101,09/29/2025,P
135923,101,09/29/2025,P
136336,102,09/29/2025,T
136474,101,09/29/2025,P
136533,101,09/29/2025,P
136558,102,09/29/2025,P
136686,102,09/29/2025,P
136962,101,09/29/2025,P
137523,102,09/29/2025,P
137717,102,09/29/2025,P
137842,102,09/29/2025,P
138052,102,09/29/2025,P
138385,101,09/29/2025,A
138406,102,09/29/2025,P
138438,102,09/29/2025,P
138530,101,09/29/2025,T
139142,101,09/29/2025,P
139199,101,09/29/2025,P
139204,102,09/29/2025,P
139332,102,09/29/2025,P
100014,101,09/30/2025,P
100166,102,09/30/2025,P
100336,101,09/30/2025,P
100607,102,09/30/2025,P
100752,102,09/30/2025,P
100926,101,09/30/2025,P
101621,101,09/30/2025,T
101663,101,09/30/2025,P
101676,101,09/30/2025,P
101690,102,09/30/2025,T
102169,102,09/30/2025,P
102203,101,09/30/2025,P
102926,102,09/30/2025,P
103203,101,09/30/2025,P
103366,101,09/30/2025,P
104213,102,09/30/2025,P
104812,101,09/30/2025,P
105001,102,09/30/2025,P
105290,102,09/30/2025,P
105443,101,09/30/2025,P
105533,101,09/30/2025,P
105876,102,09/30/2025,p
105943,101,09/30/2025,P
106040,102,09/30/2025,P
106334,101,09/30/2025,P
106425,102,09/30/2025,P
106447,101,09/30/2025,P
106722,101,09/30/2025,P
106726,102,09/30/2025,P
106955,102,09/30/2025,P
107257,102,09/30/2025,P
107631,101,09/30/2025,P
107806,101,09/30/2025,P
107917,101,09/30/2025,P
107954,101,09/30/2025,P
107996,102,09/30/2025,P
108454,101,09/30/2025,P
108599,101,09/30/2025,P
108838,102,09/30/2025,P
108870,101,09/30/2025,E
109233,102,09/30/2025,T
109333,101,09/30/2025,P
109734,101,09/30/2025,P
109820,101,09/30/2025,P
110142,102,09/30/2025,P
110493,102,09/30/2025,P
111996,102,09/30/2025,P
112752,101,09/30/2025,P
112890,102,09/30/2025,P
113028,101,09/30/2025,T
113096,101,09/30/2025,E
113273,102,09/30/2025,P
113777,102,09/30/2025,T
114609,101,09/30/2025,P
114633,102,09/30/2025,P
114714,101,09/30/2025,P
115002,101,09/30/2025,P
116242,102,09/30/2025,P
116449,101,09/30/2025,P
116483,101,09/30/2025,P
116950,102,09/30/2025,P
116962,101,09/30/2025,P
117046,101,09/30/2025,P
117598,102,09/30/2025,P
117631,101,09/30/2025,P
118824,101,09/30/2025,P
118848,101,09/30/2025,P
119009,101,09/30/2025,P
119050,102,09/30/2025,P
119144,102,09/30/2025,P
119292,102,09/30/2025,P
119901,101,09/30/2025,P
120054,101,09/30/2025,P
120160,101,09/30/2025,T
120250,101,09/30/2025,P
120541,102,09/30/2025,P
120593,102,09/30/2025,P
120752,101,09/30/2025,P
120937,102,09/30/2025,P
121367,102,09/30/2025,P
121480,101,09/30/2025,P
122308,101,09/30/2025,P
122742,101,09/30/2025,P
122784,102,09/30/2025,P
123160,102,09/30/2025,P
123372,101,09/30/2025,P
123412,101,09/30/2025,P
123588,101,09/30/2025,P
123825,101,09/30/2025,P
124172,101,09/30/2025,S
124641,101,09/30/2025,P
124664,101,09/30/2025,P
125516,102,09/30/2025,P
125585,102,09/30/2025,P
126032,101,09/30/2025,P
126093,102,09/30/2025,P
126134,101,09/30/2025,T
126342,101,09/30/2025,P
126350,102,09/30/2025,P
126955,101,09/30/2025,E
127003,102,09/30/2025,P
127379,101,09/30/2025,P
127522,102,09/30/2025,P
127565,102,09/30/2025,P
127670,102,09/30/2025,P
127881,102,09/30/2025,P
127903,102,09/30/2025,P
128141,102,09/30/2025,P
128381,102,09/30/2025,P
128734,101,09/30/2025,a
128907,101,09/30/2025,T
129451,102,09/30/2025,P
129468,102,09/30/2025,P
129500,101,09/30/2025,P
129571,102,09/30/2025,P
129682,101,09/30/2025,P
129936,101,09/30/2025,P
129979,102,09/30/2025,P
129992,101,09/30/2025,P
130030,101,09/30/2025,P
130582,101,09/30/2025,T
130762,101,09/30/2025,P
130804,102,09/30/2025,P
130997,102,09/30/2025,P
131196,102,09/30/2025,P
131384,102,09/30/2025,E
131401,101,09/30/2025,P
131404,102,09/30/2025,P
131595,102,09/30/2025,P
131822,101,09/30/2025,P
132081,102,09/30/2025,A
132131,101,09/30/2025,P
132171,102,09/30/2025,P
132180,102,09/30/2025,T
132242,101,09/30/2025,P
132581,102,09/30/2025,P
132608,101,09/30/2025,P
132664,102,09/30/2025,P
132666,101,09/30/2025,P
132892,101,09/30/2025,P
132932,102,09/30/2025,P
133077,102,09/30/2025,P
133184,101,09/30/2025,P
133272,102,09/30/2025,P
133448,102,09/30/2025,P
133506,101,09/30/2025,P
133542,102,09/30/2025,P
133616,102,09/30/2025,e
133658,101,09/30/2025,P
133762,101,09/30/2025,P
133946,101,09/30/2025,P
134080,101,09/30/2025,P
134268,102,09/30/2025,P
134289,102,09/30/2025,P
134383,101,09/30/2025,P
135262,102,09/30/2025,P
135758,101,09/30/2025,P
135769,101,09/30/2025,P
135812,102,09/30/2025,P
135821,102,09/30/2025,P
135901,101,09/30/2025,P
135923,101,09/30/2025,P
136336,102,09/30/2025,P
136474,101,09/30/2025,P
136533,101,09/30/2025,P
136558,102,09/30/2025,P
136686,102,09/30/2025,P
136962,101,09/30/2025,P
137523,102,09/30/2025,A
137717,102,09/30/2025,P
137842,102,09/30/2025,P
138052,102,09/30/2025,A
138385,101,09/30/2025,P
138406,102,09/30/2025,P
138438,102,09/30/2025,P
138530,101,09/30/2025,P
139142,101,09/30/2025,P
139199,101,09/30/2025,P
139204,102,09/30/2025,P
139332,102,09/30/2025,P
100014,101,10/01/2025,P
100166,102,10/01/2025,P
100336,101,10/01/2025,P
100607,102,10/01/2025,P
100752,102,10/01/2025,P
100926,101,10/01/2025,E
101621,101,10/01/2025,P
101663,101,10/01/2025,P
101676,101,10/01/2025,P
101690,102,10/01/2025,P
102169,102,10/01/2025,P
102203,101,10/01/2025,P
102926,102,10/01/2025,P
103203,101,10/01/2025,P
103366,101,10/01/2025,A
104213,102,10/01/2025,T
104812,101,10/01/2025,E
105001,102,10/01/2025,P
105290,102,10/01/2025,P
105443,101,10/01/2025,P
105533,101,10/01/2025,P
105876,102,10/01/2025,P
105943,101,10/01/2025,P
106040,102,10/01/2025,T
106334,101,10/01/2025,P
106425,102,10/01/2025,P
106447,101,10/01/2025,P
106722,101,10/01/2025,P
106726,102,10/01/2025,P
106955,102,10/01/2025,P
107257,102,10/01/2025,P
107631,101,10/01/2025,P
107806,101,10/01/2025,A
107917,101,10/01/2025,P
107954,101,10/01/2025,P
107996,102,10/01/2025,P
108454,101,10/01/2025,P
108599,101,10/01/2025,P
108838,102,10/01/2025,P
108870,101,10/01/2025,P
109233,102,10/01/2025,P
109333,101,10/01/2025,P
109734,101,10/01/2025,A
109820,101,10/01/2025,P
110142,102,10/01/2025,P
110493,102,10/01/2025,P
111996,102,10/01/2025,E
112752,101,10/01/2025,E
112890,102,10/01/2025,P
113028,101,10/01/2025,P
113096,101,10/01/2025,P
113273,102,10/01/2025,T
113777,102,10/01/2025,P
114609,101,10/01/2025,P
114633,102,10/01/2025,P
114714,101,10/01/2025,P
115002,101,10/01/2025,P
116242,102,10/01/2025,P
116449,101,10/01/2025,P
116483,101,10/01/2025,P
116950,102,10/01/2025,P
116962,101,10/01/2025,P
117046,101,10/01/2025,P
117598,102,10/01/2025,T
117631,101,10/01/2025,P
118824,101,10/01/2025,P
118848,101,10/01/2025,P
119009,101,10/01/2025,P
119050,102,10/01/2025,P
119144,102,10/01/2025,P
119292,102,10/01/2025,T
119901,101,10/01/2025,P
120054,101,10/01/2025,P
120160,101,10/01/2025,P
120250,101,10/01/2025,P
120541,102,10/01/2025,A
120593,102,10/01/2025,P
120752,101,10/01/2025,P
120937,102,10/01/2025,P
121367,102,10/01/2025,P
121480,101,10/01/2025,e
122308,101,10/01/2025,P
122742,101,10/01/2025,P
122784,102,10/01/2025,P
123160,102,10/01/2025,P
123372,101,10/01/2025,P
123412,101,10/01/2025,P
123588,101,10/01/2025,P
123825,101,10/01/2025,P
124172,101,10/01/2025,A
124641,101,10/01/2025,T
124664,101,10/01/2025,P
125516,102,10/01/2025,P
125585,102,10/01/2025,P
126032,101,10/01/2025,P
126093,102,10/01/2025,P
126134,101,10/01/2025,P
126342,101,10/01/2025,P
126350,102,10/01/2025,P
126955,101,10/01/2025,P
127003,102,10/01/2025,P
127379,101,10/01/2025,P
127522,102,10/01/2025,P
127565,102,10/01/2025,P
127670,102,10/01/2025,P
127881,102,10/01/2025,P
127903,102,10/01/2025,P
128141,102,10/01/2025,P
128381,102,10/01/2025,P
128734,101,10/01/2025,P
128907,101,10/01/2025,P
129451,102,10/01/2025,P
129468,102,10/01/2025,P
129500,101,10/01/2025,P
129571,102,10/01/2025,P
129682,101,10/01/2025,P
129936,101,10/01/2025,P
129979,102,10/01/2025,P
129992,101,10/01/2025,P
130030,101,10/01/2025,P
130582,101,10/01/2025,P
130762,101,10/01/2025,P
130804,102,10/01/2025,P
130997,102,10/01/2025,P
131196,102,10/01/2025,P
131384,102,10/01/2025,P
131401,101,10/01/2025,P
131404,102,10/01/2025,P
131595,102,10/01/2025,P
131822,101,10/01/2025,P
132081,102,10/01/2025,P
132131,101,10/01/2025,P
132171,102,10/01/2025,P
132180,102,10/01/2025,P
132242,101,10/01/2025,A
132581,102,10/01/2025,P
132608,101,10/01/2025,P
132664,102,10/01/2025,P
132666,101,10/01/2025,P
132892,101,10/01/2025,P
132932,102,10/01/2025,P
133077,102,10/01/2025,P
133184,101,10/01/2025,P
133272,102,10/01/2025,P
133448,102,10/01/2025,P
133506,101,10/01/2025,P
133542,102,10/01/2025,P
133616,102,10/01/2025,P
133658,101,10/01/2025,P
133762,101,10/01/2025,P
133946,101,10/01/2025,P
134080,101,10/01/2025,P
134268,102,10/01/2025,P
134289,102,10/01/2025,P
134383,101,10/01/2025,A
135262,102,10/01/2025,P
135758,101,10/01/2025,P
135769,101,10/01/2025,P
135812,102,10/01/2025,P
135821,102,10/01/2025,P
135901,101,10/01/2025,T
135923,101,10/01/2025,P
136336,102,10/01/2025,P
136474,101,10/01/2025,P
136533,101,10/01/2025,P
136558,102,10/01/2025,P
136686,102,10/01/2025,P
136962,101,10/01/2025,P
137523,102,10/01/2025,P
137717,102,10/01/2025,P
137842,102,10/01/2025,P
138052,102,10/01/2025,P
138385,101,10/01/2025,P
138406,102,10/01/2025,P
138438,102,10/01/2025,P
138530,101,10/01/2025,P
139142,101,10/01/2025,P
139199,101,10/01/2025,P
139204,102,10/01/2025,P
139332,102,10/01/2025,P
100014,101,10/02/2025,P
100166,102,10/02/2025,P
100336,101,10/02/2025,P
100607,102,10/02/2025,P
100752,102,10/02/2025,P
100926,101,10/02/2025,P
101621,101,10/02/2025,P
101663,101,10/02/2025,P
101676,101,10/02/2025,T
101690,102,10/02/2025,P
102169,102,10/02/2025,P
102203,101,10/02/2025,E
102926,102,10/02/2025,P
103203,101,10/02/2025,P
103366,101,10/02/2025,P
104213,102,10/02/2025,P
104812,101,10/02/2025,A
105001,102,10/02/2025,P
105290,102,10/02/2025,T
105443,101,10/02/2025,T
105533,101,10/02/2025,P
105876,102,10/02/2025,T
105943,101,10/02/2025,P
106040,102,10/02/2025,P
106334,101,10/02/2025,A
106425,102,10/02/2025,P
106447,101,10/02/2025,P
106722,101,10/02/2025,P
106726,102,10/02/2025,P
106955,102,10/02/2025,P
107257,102,10/02/2025,P
107631,101,10/02/2025,P
107806,101,10/02/2025,P
107917,101,10/02/2025,P
107954,101,10/02/2025,P
107996,102,10/02/2025,P
108454,101,10/02/2025,P
108599,101,10/02/2025,P
108838,102,10/02/2025,P
108870,101,10/02/2025,P
109233,102,10/02/2025,P
109333,101,10/02/2025,P
109734,101,10/02/2025,P
109820,101,10/02/2025,T
110142,102,10/02/2025,P
110493,102,10/02/2025,P
111996,102,10/02/2025,P
112752,101,10/02/2025,A
112890,102,10/02/2025,T
113028,101,10/02/2025,P
113096,101,10/02/2025,P
113273,102,10/02/2025,P
113777,102,10/02/2025,P
114609,101,10/02/2025,P
114633,102,10/02/2025,A
114714,101,10/02/2025,P
115002,101,10/02/2025,P
116242,102,10/02/2025,P
116449,101,10/02/2025,P
116483,101,10/02/2025,P
116950,102,10/02/2025,P
116962,101,10/02/2025,P
117046,101,10/02/2025,T
117598,102,10/02/2025,P
117631,101,10/02/2025,P
118824,101,10/02/2025,A
118848,101,10/02/2025,P
119009,101,10/02/2025,E
119050,102,10/02/2025,P
119144,102,10/02/2025,P
119292,102,10/02/2025,P
119901,101,10/02/2025,P
120054,101,10/02/2025,p
120160,101,10/02/2025,P
120250,101,10/02/2025,P
120541,102,10/02/2025,P
120593,102,10/02/2025,P
120752,101,10/02/2025,P
120937,102,10/02/2025,P
121367,102,10/02/2025,P
121480,101,10/02/2025,P
122308,101,10/02/2025,P
122742,101,10/02/2025,P
122784,102,10/02/2025,P
123160,102,10/02/2025,P
123372,101,10/02/2025,P
123412,101,10/02/2025,P
123588,101,10/02/2025,P
123825,101,10/02/2025,P
124172,101,10/02/2025,P
124641,101,10/02/2025,P
124664,101,10/02/2025,P
125516,102,10/02/2025,P
125585,102,10/02/2025,E
126032,101,10/02/2025,P
126093,102,10/02/2025,P
126134,101,10/02/2025,P
126342,101,10/02/2025,A
126350,102,10/02/2025,P
126955,101,10/02/2025,P
127003,102,10/02/2025,P
127379,101,10/02/2025,P
127522,102,10/02/2025,P
127565,102,10/02/2025,P
127670,102,10/02/2025,T
127881,102,10/02/2025,P
127903,102,10/02/2025,A
128141,102,10/02/2025,P
128381,102,10/02/2025,P
128734,101,10/02/2025,P
128907,101,10/02/2025,P
129451,102,10/02/2025,P
129468,102,10/02/2025,P
129500,101,10/02/2025,P
129571,102,10/02/2025,P
129682,101,10/02/2025,P
129936,101,10/02/2025,P
129979,102,10/02/2025,P
129992,101,10/02/2025,P
130030,101,10/02/2025,A
130582,101,10/02/2025,P
130762,101,10/02/2025,P
130804,102,10/02/2025,P
130997,102,10/02/2025,P
131196,102,10/02/2025,P
131384,102,10/02/2025,P
131401,101,10/02/2025,P
131404,102,10/02/2025,P
131595,102,10/02/2025,P
131822,101,10/02/2025,P
132081,102,10/02/2025,T
132131,101,10/02/2025,P
132171,102,10/02/2025,P
132180,102,10/02/2025,P
132242,101,10/02/2025,P
132581,102,10/02/2025,P
132608,101,10/02/2025,P
132664,102,10/02/2025,P
132666,101,10/02/2025,P
132892,101,10/02/2025,P
132932,102,10/02/2025,A
133077,102,10/02/2025,P
133184,101,10/02/2025,P
133272,102,10/02/2025,P
133448,102,10/02/2025,P
133506,101,10/02/2025,P
133542,102,10/02/2025,P
133616,102,10/02/2025,P
133658,101,10/02/2025,P
133762,101,10/02/2025,P
133946,101,10/02/2025,P
134080,101,10/02/2025,P
134268,102,10/02/2025,E
134289,102,10/02/2025,P
134383,101,10/02/2025,P
135262,102,10/02/2025,P
135758,101,10/02/2025,P
135769,101,10/02/2025,P
135812,102,10/02/2025,P
135821,102,10/02/2025,P
135901,101,10/02/2025,T
135923,101,10/02/2025,P
136336,102,10/02/2025,P
136474,101,10/02/2025,T
136533,101,10/02/2025,P
136558,102,10/02/2025,P
136686,102,10/02/2025,P
136962,101,10/02/2025,P
137523,102,10/02/2025,P
137717,102,10/02/2025,P
137842,102,10/02/2025,P
138052,102,10/02/2025,P
138385,101,10/02/2025,P
138406,102,10/02/2025,P
138438,102,10/02/2025,P
138530,101,10/02/2025,T
139142,101,10/02/2025,P
139199,101,10/02/2025,P
139204,102,10/02/2025,A
139332,102,10/02/2025,P
100014,101,10/03/2025,P
100166,102,10/03/2025,P
100336,101,10/03/2025,P
100607,102,10/03/2025,T
100752,102,10/03/2025,P
100926,101,10/03/2025,P
101621,101,10/03/2025,P
101663,101,10/03/2025,E
101676,101,10/03/2025,P
101690,102,10/03/2025,P
102169,102,10/03/2025,P
102203,101,10/03/2025,P
102926,102,10/03/2025,P
103203,101,10/03/2025,P
103366,101,10/03/2025,P
104213,102,10/03/2025,P
104812,101,10/03/2025,P
105001,102,10/03/2025,P
105290,102,10/03/2025,P
105443,101,10/03/2025,P
105533,101,10/03/2025,P
105876,102,10/03/2025,T
105943,101,10/03/2025,P
106040,102,10/03/2025,P
106334,101,10/03/2025,P
106425,102,10/03/2025,P
106447,101,10/03/2025,P
106722,101,10/03/2025,A
106726,102,10/03/2025,P
106955,102,10/03/2025,P
107257,102,10/03/2025,P
107631,101,10/03/2025,P
107806,101,10/03/2025,P
107917,101,10/03/2025,P
107954,101,10/03/2025,P
107996,102,10/03/2025,P
108454,101,10/03/2025,P
108599,101,10/03/2025,P
108838,102,10/03/2025,P
108870,101,10/03/2025,S
109233,102,10/03/2025,P
109333,101,10/03/2025,T
109734,101,10/03/2025,P
109820,101,10/03/2025,P
110142,102,10/03/2025,P
110493,102,10/03/2025,P
111996,102,10/03/2025,A
112752,101,10/03/2025,E
112890,102,10/03/2025,P
113028,101,10/03/2025,P
113096,101,10/03/2025,E
113273,102,10/03/2025,P
113777,102,10/03/2025,P
114609,101,10/03/2025,P
114633,102,10/03/2025,P
114714,101,10/03/2025,P
115002,101,10/03/2025,P
116242,102,10/03/2025,P
116449,101,10/03/2025,P
116483,101,10/03/2025,P
116950,102,10/03/2025,P
116962,101,10/03/2025,P
117046,101,10/03/2025,P
117598,102,10/03/2025,P
117631,101,10/03/2025,P
118824,101,10/03/2025,P
118848,101,10/03/2025,P
119009,101,10/03/2025,P
119050,102,10/03/2025,P
119144,102,10/03/2025,P
119292,102,10/03/2025,P
119901,101,10/03/2025,P
120054,101,10/03/2025,P
120160,101,10/03/2025,P
120250,101,10/03/2025,P
120541,102,10/03/2025,P
120593,102,10/03/2025,P
120752,101,10/03/2025,P
120937,102,10/03/2025,P
121367,102,10/03/2025,P
121480,101,10/03/2025,S
122308,101,10/03/2025,P
122742,101,10/03/2025,P
122784,102,10/03/2025,P
123160,102,10/03/2025,P
123372,101,10/03/2025,P
123412,101,10/03/2025,P
123588,101,10/03/2025,P
123825,101,10/03/2025,P
124172,101,10/03/2025,P
124641,101,10/03/2025,P
124664,101,10/03/2025,P
125516,102,10/03/2025,P
125585,102,10/03/2025,P
126032,101,10/03/2025,P
126093,102,10/03/2025,P
126134,101,10/03/2025,P
126342,101,10/03/2025,P
126350,102,10/03/2025,P
126955,101,10/03/2025,P
127003,102,10/03/2025,P
127379,101,10/03/2025,T
127522,102,10/03/2025,P
127565,102,10/03/2025,T
127670,102,10/03/2025,P
127881,102,10/03/2025,P
127903,102,10/03/2025,S
128141,102,10/03/2025,P
128381,102,10/03/2025,P
128734,101,10/03/2025,P
128907,101,10/03/2025,P
129451,102,10/03/2025,P
129468,102,10/03/2025,T
129500,101,10/03/2025,P
129571,102,10/03/2025,P
129682,101,10/03/2025,P
129936,101,10/03/2025,A
129979,102,10/03/2025,P
129992,101,10/03/2025,P
130030,101,10/03/2025,P
130582,101,10/03/2025,P
130762,101,10/03/2025,P
130804,102,10/03/2025,P
130997,102,10/03/2025,P
131196,102,10/03/2025,P
131384,102,10/03/2025,P
131401,101,10/03/2025,P
131404,102,10/03/2025,P
131595,102,10/03/2025,P
131822,101,10/03/2025,P
132081,102,10/03/2025,P
132131,101,10/03/2025,P
132171,102,10/03/2025,P
132180,102,10/03/2025,P
132242,101,10/03/2025,T
132581,102,10/03/2025,P
132608,101,10/03/2025,P
132664,102,10/03/2025,P
132666,101,10/03/2025,P
132892,101,10/03/2025,P
132932,102,10/03/2025,P
133077,102,10/03/2025,P
133184,101,10/03/2025,P
133272,102,10/03/2025,T
133448,102,10/03/2025,P
133506,101,10/03/2025,P
133542,102,10/03/2025,P
133616,102,10/03/2025,P
133658,101,10/03/2025,P
133762,101,10/03/2025,E
133946,101,10/03/2025,P
134080,101,10/03/2025,P
134268,102,10/03/2025,P
134289,102,10/03/2025,P
134383,101,10/03/2025,P
135262,102,10/03/2025,P
135758,101,10/03/2025,P
135769,101,10/03/2025,P
135812,102,10/03/2025,P
135821,102,10/03/2025,P
135901,101,10/03/2025,P
135923,101,10/03/2025,P
136336,102,10/03/2025,P
136474,101,10/03/2025,P
136533,101,10/03/2025,p
136558,102,10/03/2025,P
136686,102,10/03/2025,P
136962,101,10/03/2025,P
137523,102,10/03/2025,P
137717,102,10/03/2025,P
137842,102,10/03/2025,P
138052,102,10/03/2025,P
138385,101,10/03/2025,E
138406,102,10/03/2025,P
138438,102,10/03/2025,P
138530,101,10/03/2025,P
139142,101,10/03/2025,p
139199,101,10/03/2025,P
139204,102,10/03/2025,P
139332,102,10/03/2025,P
100014,101,10/06/2025,P
100166,102,10/06/2025,P
100336,101,10/06/2025,P
100607,102,10/06/2025,P
100752,102,10/06/2025,P
100926,101,10/06/2025,P
101621,101,10/06/2025,P
101663,101,10/06/2025,P
101676,101,10/06/2025,P
101690,102,10/06/2025,P
102169,102,10/06/2025,P
102203,101,10/06/2025,P
102926,102,10/06/2025,P
103203,101,10/06/2025,P
103366,101,10/06/2025,P
104213,102,10/06/2025,P
104812,101,10/06/2025,A
105001,102,10/06/2025,P
105290,102,10/06/2025,P
105443,101,10/06/2025,T
105533,101,10/06/2025,P
105876,102,10/06/2025,P
105943,101,10/06/2025,P
106040,102,10/06/2025,P
106334,101,10/06/2025,P
106425,102,10/06/2025,T
106447,101,10/06/2025,P
106722,101,10/06/2025,P
106726,102,10/06/2025,A
106955,102,10/06/2025,P
107257,102,10/06/2025,P
107631,101,10/06/2025,P
107806,101,10/06/2025,T
107917,101,10/06/2025,P
107954,101,10/06/2025,P
107996,102,10/06/2025,P
108454,101,10/06/2025,P
108599,101,10/06/2025,P
108838,102,10/06/2025,P
108870,101,10/06/2025,P
109233,102,10/06/2025,P
109333,101,10/06/2025,P
109734,101,10/06/2025,P
109820,101,10/06/2025,P
110142,102,10/06/2025,P
110493,102,10/06/2025,P
111996,102,10/06/2025,P
112752,101,10/06/2025,P
112890,102,10/06/2025,P
113028,101,10/06/2025,P
113096,101,10/06/2025,E
113273,102,10/06/2025,P
113777,102,10/06/2025,P
114609,101,10/06/2025,P
114633,102,10/06/2025,P
114714,101,10/06/2025,P
115002,101,10/06/2025,P
116242,102,10/06/2025,P
116449,101,10/06/2025,P
116483,101,10/06/2025,P
116950,102,10/06/2025,P
116962,101,10/06/2025,P
117046,101,10/06/2025,P
117598,102,10/06/2025,P
117631,101,10/06/2025,P
118824,101,10/06/2025,P
118848,101,10/06/2025,P
119009,101,10/06/2025,A
119050,102,10/06/2025,P
119144,102,10/06/2025,P
119292,102,10/06/2025,P
119901,101,10/06/2025,P
120054,101,10/06/2025,T
120160,101,10/06/2025,P
120250,101,10/06/2025,P
120541,102,10/06/2025,P
120593,102,10/06/2025,P
120752,101,10/06/2025,P
120937,102,10/06/2025,P
121367,102,10/06/2025,P
121480,101,10/06/2025,P
122308,101,10/06/2025,P
122742,101,10/06/2025,P
122784,102,10/06/2025,P
123160,102,10/06/2025,P
123372,101,10/06/2025,P
123412,101,10/06/2025,P
123588,101,10/06/2025,P
123825,101,10/06/2025,P
124172,101,10/06/2025,P
124641,101,10/06/2025,P
124664,101,10/06/2025,P
125516,102,10/06/2025,P
125585,102,10/06/2025,P
126032,101,10/06/2025,P
126093,102,10/06/2025,P
126134,101,10/06/2025,P
126342,101,10/06/2025,P
126350,102,10/06/2025,P
126955,101,10/06/2025,P
127003,102,10/06/2025,P
127379,101,10/06/2025,P
127522,102,10/06/2025,P
127565,102,10/06/2025,P
127670,102,10/06/2025,P
127881,102,10/06/2025,P
127903,102,10/06/2025,P
128141,102,10/06/2025,P
128381,102,10/06/2025,P
128734,101,10/06/2025,P
128907,101,10/06/2025,P
129451,102,10/06/2025,P
129468,102,10/06/2025,P
129500,101,10/06/2025,P
129571,102,10/06/2025,S
129682,101,10/06/2025,P
129936,101,10/06/2025,P
129979,102,10/06/2025,P
129992,101,10/06/2025,P
130030,101,10/06/2025,P
130582,101,10/06/2025,P
130762,101,10/06/2025,P
130804,102,10/06/2025,P
130997,102,10/06/2025,P
131196,102,10/06/2025,P
131384,102,10/06/2025,A
131401,101,10/06/2025,P
131404,102,10/06/2025,P
131595,102,10/06/2025,T
131822,101,10/06/2025,P
132081,102,10/06/2025,P
132131,101,10/06/2025,P
132171,102,10/06/2025,P
132180,102,10/06/2025,P
132242,101,10/06/2025,P
132581,102,10/06/2025,P
132608,101,10/06/2025,P
132664,102,10/06/2025,P
132666,101,10/06/2025,P
132892,101,10/06/2025,P
132932,102,10/06/2025,P
133077,102,10/06/2025,P
133184,101,10/06/2025,P
133272,102,10/06/2025,P
133448,102,10/06/2025,P
133506,101,10/06/2025,P
133542,102,10/06/2025,P
133616,102,10/06/2025,T
133658,101,10/06/2025,P
133762,101,10/06/2025,A
133946,101,10/06/2025,P
134080,101,10/06/2025,P
134268,102,10/06/2025,P
134289,102,10/06/2025,P
134383,101,10/06/2025,P
135262,102,10/06/2025,P
135758,101,10/06/2025,T
135769,101,10/06/2025,P
135812,102,10/06/2025,P
135821,102,10/06/2025,P
135901,101,10/06/2025,P
135923,101,10/06/2025,P
136336,102,10/06/2025,P
136474,101,10/06/2025,P
136533,101,10/06/2025,P
136558,102,10/06/2025,P
136686,102,10/06/2025,P
136962,101,10/06/2025,E
137523,102,10/06/2025,P
137717,102,10/06/2025,P
137842,102,10/06/2025,T
138052,102,10/06/2025,P
138385,101,10/06/2025,P
138406,102,10/06/2025,P
138438,102,10/06/2025,P
138530,101,10/06/2025,P
139142,101,10/06/2025,P
139199,101,10/06/2025,P
139204,102,10/06/2025,P
139332,102,10/06/2025,p
100014,101,10/07/2025,P
100166,102,10/07/2025,E
100336,101,10/07/2025,P
100607,102,10/07/2025,P
100752,102,10/07/2025,P
100926,101,10/07/2025,P
101621,101,10/07/2025,P
101663,101,10/07/2025,P
101676,101,10/07/2025,P
101690,102,10/07/2025,P
102169,102,10/07/2025,P
102203,101,10/07/2025,P
102926,102,10/07/2025,p
103203,101,10/07/2025,P
103366,101,10/07/2025,P
104213,102,10/07/2025,P
104812,101,10/07/2025,P
105001,102,10/07/2025,P
105290,102,10/07/2025,P
105443,101,10/07/2025,P
105533,101,10/07/2025,P
105876,102,10/07/2025,P
105943,101,10/07/2025,P
106040,102,10/07/2025,P
106334,101,10/07/2025,P
106425,102,10/07/2025,P
106447,101,10/07/2025,P
106722,101,10/07/2025,P
106726,102,10/07/2025,P
106955,102,10/07/2025,P
107257,102,10/07/2025,P
107631,101,10/07/2025,P
107806,101,10/07/2025,P
107917,101,10/07/2025,P
107954,101,10/07/2025,P
107996,102,10/07/2025,P
108454,101,10/07/2025,P
108599,101,10/07/2025,P
108838,102,10/07/2025,P
108870,101,10/07/2025,P
109233,102,10/07/2025,P
109333,101,10/07/2025,P
109734,101,10/07/2025,E
109820,101,10/07/2025,P
110142,102,10/07/2025,P
110493,102,10/07/2025,P
111996,102,10/07/2025,P
112752,101,10/07/2025,P
112890,102,10/07/2025,P
113028,101,10/07/2025,T
113096,101,10/07/2025,E
113273,102,10/07/2025,E
113777,102,10/07/2025,P
114609,101,10/07/2025,P
114633,102,10/07/2025,P
114714,101,10/07/2025,P
115002,101,10/07/2025,P
116242,102,10/07/2025,P
116449,101,10/07/2025,P
116483,101,10/07/2025,P
116950,102,10/07/2025,P
116962,101,10/07/2025,P
117046,101,10/07/2025,P
117598,102,10/07/2025,P
117631,101,10/07/2025,P
118824,101,10/07/2025,P
118848,101,10/07/2025,T
119009,101,10/07/2025,p
119050,102,10/07/2025,P
119144,102,10/07/2025,P
119292,102,10/07/2025,P
119901,101,10/07/2025,P
120054,101,10/07/2025,P
120160,101,10/07/2025,P
120250,101,10/07/2025,E
120541,102,10/07/2025,P
120593,102,10/07/2025,P
120752,101,10/07/2025,P
120937,102,10/07/2025,P
121367,102,10/07/2025,P
121480,101,10/07/2025,P
122308,101,10/07/2025,P
122742,101,10/07/2025,P
122784,102,10/07/2025,P
123160,102,10/07/2025,P
123372,101,10/07/2025,P
123412,101,10/07/2025,P
123588,101,10/07/2025,P
123825,101,10/07/2025,P
124172,101,10/07/2025,T
124641,101,10/07/2025,P
124664,101,10/07/2025,T
125516,102,10/07/2025,P
125585,102,10/07/2025,P
126032,101,10/07/2025,P
126093,102,10/07/2025,P
126134,101,10/07/2025,P
126342,101,10/07/2025,P
126350,102,10/07/2025,P
126955,101,10/07/2025,T
127003,102,10/07/2025,P
127379,101,10/07/2025,P
127522,102,10/07/2025,P
127565,102,10/07/2025,P
127670,102,10/07/2025,P
127881,102,10/07/2025,P
127903,102,10/07/2025,P
128141,102,10/07/2025,P
128381,102,10/07/2025,P
128734,101,10/07/2025,P
128907,101,10/07/2025,P
129451,102,10/07/2025,A
129468,102,10/07/2025,T
129500,101,10/07/2025,P
129571,102,10/07/2025,P
129682,101,10/07/2025,P
129936,101,10/07/2025,P
129979,102,10/07/2025,P
129992,101,10/07/2025,P
130030,101,10/07/2025,P
130582,101,10/07/2025,P
130762,101,10/07/2025,T
130804,102,10/07/2025,P
130997,102,10/07/2025,P
131196,102,10/07/2025,P
131384,102,10/07/2025,P
131401,101,10/07/2025,P
131404,102,10/07/2025,P
131595,102,10/07/2025,P
131822,101,10/07/2025,P
132081,102,10/07/2025,P
132131,101,10/07/2025,P
132171,102,10/07/2025,A
132180,102,10/07/2025,P
132242,101,10/07/2025,P
132581,102,10/07/2025,P
132608,101,10/07/2025,T
132664,102,10/07/2025,P
132666,101,10/07/2025,P
132892,101,10/07/2025,P
132932,102,10/07/2025,p
133077,102,10/07/2025,P
133184,101,10/07/2025,P
133272,102,10/07/2025,P
133448,102,10/07/2025,P
133506,101,10/07/2025,P
133542,102,10/07/2025,T
133616,102,10/07/2025,P
133658,101,10/07/2025,P
133762,101,10/07/2025,P
133946,101,10/07/2025,P
134080,101,10/07/2025,P
134268,102,10/07/2025,P
134289,102,10/07/2025,P
134383,101,10/07/2025,P
135262,102,10/07/2025,P
135758,101,10/07/2025,P
135769,101,10/07/2025,S
135812,102,10/07/2025,P
135821,102,10/07/2025,P
135901,101,10/07/2025,P
135923,101,10/07/2025,P
136336,102,10/07/2025,P
136474,101,10/07/2025,P
136533,101,10/07/2025,p
136558,102,10/07/2025,P
136686,102,10/07/2025,P
136962,101,10/07/2025,P
137523,102,10/07/2025,P
137717,102,10/07/2025,P
137842,102,10/07/2025,P
138052,102,10/07/2025,P
138385,101,10/07/2025,P
138406,102,10/07/2025,P
138438,102,10/07/2025,P
138530,101,10/07/2025,P
139142,101,10/07/2025,P
139199,101,10/07/2025,E
139204,102,10/07/2025,P
139332,102,10/07/2025,P
100014,101,10/08/2025,P
100166,102,10/08/2025,P
100336,101,10/08/2025,P
100607,102,10/08/2025,P
100752,102,10/08/2025,P
100926,101,10/08/2025,P
101621,101,10/08/2025,P
101663,101,10/08/2025,P
101676,101,10/08/2025,P
101690,102,10/08/2025,T
102169,102,10/08/2025,P
102203,101,10/08/2025,P
102926,102,10/08/2025,e
103203,101,10/08/2025,P
103366,101,10/08/2025,P
104213,102,10/08/2025,P
104812,101,10/08/2025,P
105001,102,10/08/2025,P
105290,102,10/08/2025,P
105443,101,10/08/2025,P
105533,101,10/08/2025,P
105876,102,10/08/2025,P
105943,101,10/08/2025,P
106040,102,10/08/2025,T
106334,101,10/08/2025,P
106425,102,10/08/2025,A
106447,101,10/08/2025,P
106722,101,10/08/2025,P
106726,102,10/08/2025,P
106955,102,10/08/2025,P
107257,102,10/08/2025,P
107631,101,10/08/2025,P
107806,101,10/08/2025,P
107917,101,10/08/2025,P
107954,101,10/08/2025,P
107996,102,10/08/2025,P
108454,101,10/08/2025,T
108599,101,10/08/2025,P
108838,102,10/08/2025,P
108870,101,10/08/2025,E
109233,102,10/08/2025,P
109333,101,10/08/2025,P
109734,101,10/08/2025,P
109820,101,10/08/2025,A
110142,102,10/08/2025,P
110493,102,10/08/2025,P
111996,102,10/08/2025,P
112752,101,10/08/2025,P
112890,102,10/08/2025,P
113028,101,10/08/2025,P
113096,101,10/08/2025,P
113273,102,10/08/2025,P
113777,102,10/08/2025,P
114609,101,10/08/2025,P
114633,102,10/08/2025,P
114714,101,10/08/2025,P
115002,101,10/08/2025,P
116242,102,10/08/2025,P
116449,101,10/08/2025,P
116483,101,10/08/2025,P
116950,102,10/08/2025,P
116962,101,10/08/2025,P
117046,101,10/08/2025,P
117598,102,10/08/2025,P
117631,101,10/08/2025,P
118824,101,10/08/2025,E
118848,101,10/08/2025,P
119009,101,10/08/2025,P
119050,102,10/08/2025,P
119144,102,10/08/2025,P
119292,102,10/08/2025,P
119901,101,10/08/2025,T
120054,101,10/08/2025,P
120160,101,10/08/2025,P
120250,101,10/08/2025,P
120541,102,10/08/2025,A
120593,102,10/08/2025,P
120752,101,10/08/2025,P
120937,102,10/08/2025,P
121367,102,10/08/2025,p
121480,101,10/08/2025,P
122308,101,10/08/2025,P
122742,101,10/08/2025,P
122784,102,10/08/2025,P
123160,102,10/08/2025,P
123372,101,10/08/2025,P
123412,101,10/08/2025,P
123588,101,10/08/2025,P
123825,101,10/08/2025,T
124172,101,10/08/2025,P
124641,101,10/08/2025,P
124664,101,10/08/2025,P
125516,102,10/08/2025,P
125585,102,10/08/2025,P
126032,101,10/08/2025,P
126093,102,10/08/2025,P
126134,101,10/08/2025,P
126342,101,10/08/2025,P
126350,102,10/08/2025,P
126955,101,10/08/2025,P
127003,102,10/08/2025,P
127379,101,10/08/2025,P
127522,102,10/08/2025,P
127565,102,10/08/2025,P
127670,102,10/08/2025,P
127881,102,10/08/2025,P
127903,102,10/08/2025,P
128141,102,10/08/2025,P
128381,102,10/08/2025,P
128734,101,10/08/2025,P
128907,101,10/08/2025,T
129451,102,10/08/2025,A
129468,102,10/08/2025,P
129500,101,10/08/2025,P
129571,102,10/08/2025,P
129682,101,10/08/2025,P
129936,101,10/08/2025,P
129979,102,10/08/2025,P
129992,101,10/08/2025,P
130030,101,10/08/2025,P
130582,101,10/08/2025,P
130762,101,10/08/2025,P
130804,102,10/08/2025,P
130997,102,10/08/2025,P
131196,102,10/08/2025,P
131384,102,10/08/2025,E
131401,101,10/08/2025,P
131404,102,10/08/2025,P
131595,102,10/08/2025,P
131822,101,10/08/2025,P
132081,102,10/08/2025,P
132131,101,10/08/2025,P
132171,102,10/08/2025,P
132180,102,10/08/2025,P
132242,101,10/08/2025,P
132581,102,10/08/2025,P
132608,101,10/08/2025,P
132664,102,10/08/2025,P
132666,101,10/08/2025,P
132892,101,10/08/2025,P
132932,102,10/08/2025,P
133077,102,10/08/2025,P
133184,101,10/08/2025,P
133272,102,10/08/2025,P
133448,102,10/08/2025,P
133506,101,10/08/2025,P
133542,102,10/08/2025,P
133616,102,10/08/2025,P
133658,101,10/08/2025,P
133762,101,10/08/2025,P
133946,101,10/08/2025,P
134080,101,10/08/2025,P
134268,102,10/08/2025,P
134289,102,10/08/2025,P
134383,101,10/08/2025,P
135262,102,10/08/2025,P
135758,101,10/08/2025,P
135769,101,10/08/2025,P
135812,102,10/08/2025,P
135821,102,10/08/2025,P
135901,101,10/08/2025,P
135923,101,10/08/2025,P
136336,102,10/08/2025,P
136474,101,10/08/2025,P
136533,101,10/08/2025,P
136558,102,10/08/2025,P
136686,102,10/08/2025,P
136962,101,10/08/2025,P
137523,102,10/08/2025,P
137717,102,10/08/2025,P
137842,102,10/08/2025,P
138052,102,10/08/2025,P
138385,101,10/08/2025,P
138406,102,10/08/2025,P
138438,102,10/08/2025,T
138530,101,10/08/2025,P
139142,101,10/08/2025,P
139199,101,10/08/2025,P
139204,102,10/08/2025,P
139332,102,10/08/2025,P
100014,101,10/09/2025,P
100166,102,10/09/2025,P
100336,101,10/09/2025,P
100607,102,10/09/2025,P
100752,102,10/09/2025,P
100926,101,10/09/2025,P
101621,101,10/09/2025,P
101663,101,10/09/2025,P
101676,101,10/09/2025,P
101690,102,10/09/2025,P
102169,102,10/09/2025,P
102203,101,10/09/2025,T
102926,102,10/09/2025,P
103203,101,10/09/2025,P
103366,101,10/09/2025,P
104213,102,10/09/2025,P
104812,101,10/09/2025,P
105001,102,10/09/2025,P
105290,102,10/09/2025,P
105443,101,10/09/2025,P
105533,101,10/09/2025,P
105876,102,10/09/2025,P
105943,101,10/09/2025,P
106040,102,10/09/2025,E
106334,101,10/09/2025,P
106425,102,10/09/2025,P
106447,101,10/09/2025,P
106722,101,10/09/2025,P
106726,102,10/09/2025,P
106955,102,10/09/2025,P
107257,102,10/09/2025,P
107631,101,10/09/2025,P
107806,101,10/09/2025,P
107917,101,10/09/2025,P
107954,101,10/09/2025,P
107996,102,10/09/2025,P
108454,101,10/09/2025,P
108599,101,10/09/2025,P
108838,102,10/09/2025,P
108870,101,10/09/2025,P
109233,102,10/09/2025,P
109333,101,10/09/2025,P
109734,101,10/09/2025,P
109820,101,10/09/2025,P
110142,102,10/09/2025,P
110493,102,10/09/2025,P
111996,102,10/09/2025,P
112752,101,10/09/2025,P
112890,102,10/09/2025,P
113028,101,10/09/2025,P
113096,101,10/09/2025,P
113273,102,10/09/2025,P
113777,102,10/09/2025,P
114609,101,10/09/2025,P
114633,102,10/09/2025,P
114714,101,10/09/2025,P
115002,101,10/09/2025,P
116242,102,10/09/2025,P
116449,101,10/09/2025,P
116483,101,10/09/2025,P
116950,102,10/09/2025,P
116962,101,10/09/2025,P
117046,101,10/09/2025,P
117598,102,10/09/2025,P
117631,101,10/09/2025,P
118824,101,10/09/2025,E
118848,101,10/09/2025,P
119009,101,10/09/2025,P
119050,102,10/09/2025,P
119144,102,10/09/2025,T
119292,102,10/09/2025,P
119901,101,10/09/2025,P
120054,101,10/09/2025,P
120160,101,10/09/2025,T
120250,101,10/09/2025,P
120541,102,10/09/2025,P
120593,102,10/09/2025,P
120752,101,10/09/2025,T
120937,102,10/09/2025,P
121367,102,10/09/2025,P
121480,101,10/09/2025,P
122308,101,10/09/2025,P
122742,101,10/09/2025,P
122784,102,10/09/2025,P
123160,102,10/09/2025,P
123372,101,10/09/2025,P
123412,101,10/09/2025,P
123588,101,10/09/2025,P
123825,101,10/09/2025,P
124172,101,10/09/2025,P
124641,101,10/09/2025,P
124664,101,10/09/2025,P
125516,102,10/09/2025,P
125585,102,10/09/2025,P
126032,101,10/09/2025,P
126093,102,10/09/2025,A
126134,101,10/09/2025,p
126342,101,10/09/2025,P
126350,102,10/09/2025,P
126955,101,10/09/2025,P
127003,102,10/09/2025,P
127379,101,10/09/2025,P
127522,102,10/09/2025,P
127565,102,10/09/2025,P
127670,102,10/09/2025,P
127881,102,10/09/2025,P
127903,102,10/09/2025,P
128141,102,10/09/2025,P
128381,102,10/09/2025,P
128734,101,10/09/2025,P
128907,101,10/09/2025,P
129451,102,10/09/2025,P
129468,102,10/09/2025,P
129500,101,10/09/2025,P
129571,102,10/09/2025,P
129682,101,10/09/2025,P
129936,101,10/09/2025,P
129979,102,10/09/2025,P
129992,101,10/09/2025,P
130030,101,10/09/2025,P
130582,101,10/09/2025,P
130762,101,10/09/2025,P
130804,102,10/09/2025,P
130997,102,10/09/2025,P
131196,102,10/09/2025,P
131384,102,10/09/2025,P
131401,101,10/09/2025,P
131404,102,10/09/2025,P
131595,102,10/09/2025,P
131822,101,10/09/2025,P
132081,102,10/09/2025,P
132131,101,10/09/2025,P
132171,102,10/09/2025,E
132180,102,10/09/2025,P
132242,101,10/09/2025,P
132581,102,10/09/2025,P
132608,101,10/09/2025,P
132664,102,10/09/2025,E
132666,101,10/09/2025,P
132892,101,10/09/2025,P
132932,102,10/09/2025,P
133077,102,10/09/2025,P
133184,101,10/09/2025,P
133272,102,10/09/2025,P
133448,102,10/09/2025,P
133506,101,10/09/2025,P
133542,102,10/09/2025,P
133616,102,10/09/2025,P
133658,101,10/09/2025,P
133762,101,10/09/2025,A
133946,101,10/09/2025,P
134080,101,10/09/2025,P
134268,102,10/09/2025,P
134289,102,10/09/2025,P
134383,101,10/09/2025,P
135262,102,10/09/2025,P
135758,101,10/09/2025,P
135769,101,10/09/2025,P
135812,102,10/09/2025,P
135821,102,10/09/2025,P
135901,101,10/09/2025,P
135923,101,10/09/2025,P
136336,102,10/09/2025,P
136474,101,10/09/2025,P
136533,101,10/09/2025,P
136558,102,10/09/2025,P
136686,102,10/09/2025,E
136962,101,10/09/2025,P
137523,102,10/09/2025,P
137717,102,10/09/2025,P
137842,102,10/09/2025,P
138052,102,10/09/2025,P
138385,101,10/09/2025,P
138406,102,10/09/2025,P
138438,102,10/09/2025,P
138530,101,10/09/2025,P
139142,101,10/09/2025,P
139199,101,10/09/2025,E
139204,102,10/09/2025,P
139332,102,10/09/2025,P
100014,101,10/10/2025,P
100166,102,10/10/2025,P
100336,101,10/10/2025,P
100607,102,10/10/2025,P
100752,102,10/10/2025,P
100926,101,10/10/2025,P
101621,101,10/10/2025,P
101663,101,10/10/2025,P
101676,101,10/10/2025,P
101690,102,10/10/2025,P
102169,102,10/10/2025,P
102203,101,10/10/2025,P
102926,102,10/10/2025,P
103203,101,10/10/2025,P
103366,101,10/10/2025,P
104213,102,10/10/2025,P
104812,101,10/10/2025,P
105001,102,10/10/2025,P
105290,102,10/10/2025,P
105443,101,10/10/2025,P
105533,101,10/10/2025,P
105876,102,10/10/2025,P
105943,101,10/10/2025,P
106040,102,10/10/2025,P
106334,101,10/10/2025,A
106425,102,10/10/2025,P
106447,101,10/10/2025,P
106722,101,10/10/2025,P
106726,102,10/10/2025,P
106955,102,10/10/2025,T
107257,102,10/10/2025,P
107631,101,10/10/2025,P
107806,101,10/10/2025,P
107917,101,10/10/2025,P
107954,101,10/10/2025,P
107996,102,10/10/2025,P
108454,101,10/10/2025,P
108599,101,10/10/2025,P
108838,102,10/10/2025,P
108870,101,10/10/2025,P
109233,102,10/10/2025,T
109333,101,10/10/2025,P
109734,101,10/10/2025,E
109820,101,10/10/2025,P
110142,102,10/10/2025,P
110493,102,10/10/2025,P
111996,102,10/10/2025,P
112752,101,10/10/2025,P
112890,102,10/10/2025,P
113028,101,10/10/2025,P
113096,101,10/10/2025,P
113273,102,10/10/2025,P
113777,102,10/10/2025,P
114609,101,10/10/2025,T
114633,102,10/10/2025,P
114714,101,10/10/2025,P
115002,101,10/10/2025,P
116242,102,10/10/2025,P
116449,101,10/10/2025,P
116483,101,10/10/2025,P
116950,102,10/10/2025,P
116962,101,10/10/2025,P
117046,101,10/10/2025,P
117598,102,10/10/2025,P
117631,101,10/10/2025,P
118824,101,10/10/2025,P
118848,101,10/10/2025,P
119009,101,10/10/2025,P
119050,102,10/10/2025,P
119144,102,10/10/2025,P
119292,102,10/10/2025,P
119901,101,10/10/2025,P
120054,101,10/10/2025,P
120160,101,10/10/2025,P
120250,101,10/10/2025,P
120541,102,10/10/2025,A
120593,102,10/10/2025,P
120752,101,10/10/2025,P
120937,102,10/10/2025,P
121367,102,10/10/2025,A
121480,101,10/10/2025,P
122308,101,10/10/2025,A
122742,101,10/10/2025,P
122784,102,10/10/2025,P
123160,102,10/10/2025,P
123372,101,10/10/2025,P
123412,101,10/10/2025,P
123588,101,10/10/2025,P
123825,101,10/10/2025,P
124172,101,10/10/2025,P
124641,101,10/10/2025,P
124664,101,10/10/2025,P
125516,102,10/10/2025,P
125585,102,10/10/2025,P
126032,101,10/10/2025,P
126093,102,10/10/2025,P
126134,101,10/10/2025,P
126342,101,10/10/2025,P
126350,102,10/10/2025,P
126955,101,10/10/2025,P
127003,102,10/10/2025,P
127379,101,10/10/2025,P
127522,102,10/10/2025,P
127565,102,10/10/2025,P
127670,102,10/10/2025,P
127881,102,10/10/2025,P
127903,102,10/10/2025,P
128141,102,10/10/2025,P
128381,102,10/10/2025,P
128734,101,10/10/2025,A
128907,101,10/10/2025,P
129451,102,10/10/2025,P
129468,102,10/10/2025,P
129500,101,10/10/2025,P
129571,102,10/10/2025,P
129682,101,10/10/2025,P
129936,101,10/10/2025,P
129979,102,10/10/2025,P
129992,101,10/10/2025,P
130030,101,10/10/2025,P
130582,101,10/10/2025,P
130762,101,10/10/2025,P
130804,102,10/10/2025,P
130997,102,10/10/2025,P
131196,102,10/10/2025,P
131384,102,10/10/2025,P
131401,101,10/10/2025,P
131404,102,10/10/2025,P
131595,102,10/10/2025,T
131822,101,10/10/2025,P
132081,102,10/10/2025,P
132131,101,10/10/2025,P
132171,102,10/10/2025,P
132180,102,10/10/2025,P
132242,101,10/10/2025,P
132581,102,10/10/2025,T
132608,101,10/10/2025,P
132664,102,10/10/2025,P
132666,101,10/10/2025,P
132892,101,10/10/2025,P
132932,102,10/10/2025,P
133077,102,10/10/2025,P
133184,101,10/10/2025,P
133272,102,10/10/2025,P
133448,102,10/10/2025,P
133506,101,10/10/2025,P
133542,102,10/10/2025,P
133616,102,10/10/2025,P
133658,101,10/10/2025,P
133762,101,10/10/2025,P
133946,101,10/10/2025,P
134080,101,10/10/2025,E
134268,102,10/10/2025,P
134289,102,10/10/2025,P
134383,101,10/10/2025,A
135262,102,10/10/2025,P
135758,101,10/10/2025,P
135769,101,10/10/2025,P
135812,102,10/10/2025,P
135821,102,10/10/2025,P
135901,101,10/10/2025,P
135923,101,10/10/2025,P
136336,102,10/10/2025,P
136474,101,10/10/2025,P
136533,101,10/10/2025,P
136558,102,10/10/2025,P
136686,102,10/10/2025,P
136962,101,10/10/2025,p
137523,102,10/10/2025,P
137717,102,10/10/2025,P
137842,102,10/10/2025,P
138052,102,10/10/2025,P
138385,101,10/10/2025,P
138406,102,10/10/2025,P
138438,102,10/10/2025,P
138530,101,10/10/2025,E
139142,101,10/10/2025,P
139199,101,10/10/2025,P
139204,102,10/10/2025,P
139332,102,10/10/2025,P
139389,102,10/10/2025,P
100014,101,10/13/2025,P
100166,102,10/13/2025,P
100336,101,10/13/2025,P
100607,102,10/13/2025,P
100752,102,10/13/2025,P
100926,101,10/13/2025,P
101621,101,10/13/2025,P
101663,101,10/13/2025,P
101676,101,10/13/2025,P
101690,102,10/13/2025,P
102169,102,10/13/2025,P
102203,101,10/13/2025,P
102926,102,10/13/2025,P
103203,101,10/13/2025,P
103366,101,10/13/2025,P
104213,102,10/13/2025,P
104812,101,10/13/2025,E
105001,102,10/13/2025,P
105290,102,10/13/2025,P
105443,101,10/13/2025,P
105533,101,10/13/2025,P
105876,102,10/13/2025,A
105943,101,10/13/2025,P
106040,102,10/13/2025,P
106334,101,10/13/2025,P
106425,102,10/13/2025,P
106447,101,10/13/2025,P
106722,101,10/13/2025,P
106726,102,10/13/2025,P
106955,102,10/13/2025,P
107257,102,10/13/2025,P
107631,101,10/13/2025,P
107806,101,10/13/2025,P
107917,101,10/13/2025,P
107954,101,10/13/2025,P
107996,102,10/13/2025,P
108454,101,10/13/2025,P
108599,101,10/13/2025,P
108838,102,10/13/2025,P
108870,101,10/13/2025,T
109233,102,10/13/2025,P
109333,101,10/13/2025,p
109734,101,10/13/2025,P
109820,101,10/13/2025,P
110142,102,10/13/2025,P
110493,102,10/13/2025,P
111996,102,10/13/2025,P
112752,101,10/13/2025,P
112890,102,10/13/2025,P
113028,101,10/13/2025,P
113096,101,10/13/2025,P
113273,102,10/13/2025,P
113777,102,10/13/2025,P
114609,101,10/13/2025,P
114633,102,10/13/2025,P
114714,101,10/13/2025,P
115002,101,10/13/2025,P
116242,102,10/13/2025,P
116449,101,10/13/2025,P
116483,101,10/13/2025,P
116950,102,10/13/2025,P
116962,101,10/13/2025,P
117046,101,10/13/2025,P
117598,102,10/13/2025,P
117631,101,10/13/2025,P
118824,101,10/13/2025,P
118848,101,10/13/2025,P
119009,101,10/13/2025,P
119050,102,10/13/2025,P
119144,102,10/13/2025,P
119292,102,10/13/2025,P
119901,101,10/13/2025,P
120054,101,10/13/2025,P
120160,101,10/13/2025,A
120250,101,10/13/2025,P
120541,102,10/13/2025,P
120593,102,10/13/2025,T
120752,101,10/13/2025,P
120937,102,10/13/2025,P
121367,102,10/13/2025,P
121480,101,10/13/2025,P
122308,101,10/13/2025,E
122742,101,10/13/2025,P
122784,102,10/13/2025,P
123160,102,10/13/2025,P
123372,101,10/13/2025,T
123412,101,10/13/2025,P
123588,101,10/13/2025,P
123825,101,10/13/2025,P
124172,101,10/13/2025,T
124641,101,10/13/2025,P
124664,101,10/13/2025,A
125516,102,10/13/2025,P
125585,102,10/13/2025,P
126032,101,10/13/2025,P
126093,102,10/13/2025,P
126134,101,10/13/2025,P
126342,101,10/13/2025,P
126350,102,10/13/2025,P
126955,101,10/13/2025,P
127003,102,10/13/2025,P
127379,101,10/13/2025,P
127522,102,10/13/2025,P
127565,102,10/13/2025,P
127670,102,10/13/2025,P
127881,102,10/13/2025,P
127903,102,10/13/2025,P
128141,102,10/13/2025,P
128381,102,10/13/2025,P
128734,101,10/13/2025,P
128907,101,10/13/2025,P
129451,102,10/13/2025,P
129468,102,10/13/2025,P
129500,101,10/13/2025,P
129571,102,10/13/2025,P
129682,101,10/13/2025,P
129936,101,10/13/2025,P
129979,102,10/13/2025,P
129992,101,10/13/2025,P
130030,101,10/13/2025,P
130582,101,10/13/2025,P
130762,101,10/13/2025,P
130804,102,10/13/2025,P
130997,102,10/13/2025,P
131196,102,10/13/2025,P
131384,102,10/13/2025,P
131401,101,10/13/2025,P
131404,102,10/13/2025,P
131595,102,10/13/2025,P
131822,101,10/13/2025,P
132081,102,10/13/2025,T
132131,101,10/13/2025,P
132171,102,10/13/2025,E
132180,102,10/13/2025,P
132242,101,10/13/2025,P
132581,102,10/13/2025,P
132608,101,10/13/2025,P
132664,102,10/13/2025,P
132666,101,10/13/2025,P
132892,101,10/13/2025,P
132932,102,10/13/2025,P
133077,102,10/13/2025,P
133184,101,10/13/2025,P
133272,102,10/13/2025,P
133448,102,10/13/2025,P
133506,101,10/13/2025,P
133542,102,10/13/2025,P
133616,102,10/13/2025,P
133658,101,10/13/2025,P
133762,101,10/13/2025,A
133946,101,10/13/2025,P
134080,101,10/13/2025,P
134268,102,10/13/2025,P
134289,102,10/13/2025,P
134383,101,10/13/2025,P
135262,102,10/13/2025,P
135758,101,10/13/2025,P
135769,101,10/13/2025,P
135812,102,10/13/2025,P
135821,102,10/13/2025,P
135901,101,10/13/2025,P
135923,101,10/13/2025,P
136336,102,10/13/2025,P
136474,101,10/13/2025,P
136533,101,10/13/2025,P
136558,102,10/13/2025,P
136686,102,10/13/2025,P
136962,101,10/13/2025,P
137523,102,10/13/2025,P
137717,102,10/13/2025,P
137842,102,10/13/2025,P
138052,102,10/13/2025,P
138385,101,10/13/2025,P
138406,102,10/13/2025,P
138438,102,10/13/2025,P
138530,101,10/13/2025,A
139142,101,10/13/2025,P
139199,101,10/13/2025,P
139204,102,10/13/2025,P
139332,102,10/13/2025,P
139389,102,10/13/2025,P
100014,101,10/14/2025,P
100166,102,10/14/2025,P
100336,101,10/14/2025,P
100607,102,10/14/2025,P
100752,102,10/14/2025,P
100926,101,10/14/2025,P
101621,101,10/14/2025,P
101663,101,10/14/2025,P
101676,101,10/14/2025,P
101690,102,10/14/2025,P
102169,102,10/14/2025,P
102203,101,10/14/2025,p
102926,102,10/14/2025,P
103203,101,10/14/2025,P
103366,101,10/14/2025,E
104213,102,10/14/2025,P
104812,101,10/14/2025,P
105001,102,10/14/2025,P
105290,102,10/14/2025,P
105443,101,10/14/2025,P
105533,101,10/14/2025,P
105876,102,10/14/2025,P
105943,101,10/14/2025,P
106040,102,10/14/2025,P
106334,101,10/14/2025,P
106425,102,10/14/2025,P
106447,101,10/14/2025,P
106722,101,10/14/2025,P
106726,102,10/14/2025,P
106955,102,10/14/2025,P
107257,102,10/14/2025,P
107631,101,10/14/2025,P
107806,101,10/14/2025,P
107917,101,10/14/2025,P
107954,101,10/14/2025,P
107996,102,10/14/2025,P
108454,101,10/14/2025,P
108599,101,10/14/2025,P
108838,102,10/14/2025,P
108870,101,10/14/2025,P
109233,102,10/14/2025,P
109333,101,10/14/2025,P
109734,101,10/14/2025,E
109820,101,10/14/2025,P
110142,102,10/14/2025,P
110493,102,10/14/2025,P
111996,102,10/14/2025,T
112752,101,10/14/2025,P
112890,102,10/14/2025,P
113028,101,10/14/2025,P
113096,101,10/14/2025,P
113273,102,10/14/2025,P
113777,102,10/14/2025,P
114609,101,10/14/2025,P
114633,102,10/14/2025,A
114714,101,10/14/2025,P
115002,101,10/14/2025,P
116242,102,10/14/2025,P
116449,101,10/14/2025,P
116483,101,10/14/2025,E
116950,102,10/14/2025,P
116962,101,10/14/2025,P
117046,101,10/14/2025,P
117598,102,10/14/2025,P
117631,101,10/14/2025,P
118824,101,10/14/2025,P
118848,101,10/14/2025,T
119009,101,10/14/2025,P
119050,102,10/14/2025,P
119144,102,10/14/2025,P
119292,102,10/14/2025,P
119901,101,10/14/2025,P
120054,101,10/14/2025,P
120160,101,10/14/2025,E
120250,101,10/14/2025,A
120541,102,10/14/2025,P
120593,102,10/14/2025,P
120752,101,10/14/2025,P
120937,102,10/14/2025,P
121367,102,10/14/2025,P
121480,101,10/14/2025,A
122308,101,10/14/2025,A
122742,101,10/14/2025,P
122784,102,10/14/2025,P
123160,102,10/14/2025,P
123372,101,10/14/2025,P
123412,101,10/14/2025,P
123588,101,10/14/2025,P
123825,101,10/14/2025,P
124172,101,10/14/2025,P
124256,101,10/14/2025,T
124641,101,10/14/2025,P
124664,101,10/14/2025,P
125516,102,10/14/2025,P
125585,102,10/14/2025,P
126032,101,10/14/2025,P
126093,102,10/14/2025,P
126134,101,10/14/2025,P
126342,101,10/14/2025,T
126350,102,10/14/2025,P
126955,101,10/14/2025,P
127003,102,10/14/2025,P
127379,101,10/14/2025,P
127522,102,10/14/2025,P
127565,102,10/14/2025,P
127670,102,10/14/2025,P
127881,102,10/14/2025,P
127903,102,10/14/2025,P
128141,102,10/14/2025,A
128381,102,10/14/2025,P
128734,101,10/14/2025,P
128907,101,10/14/2025,P
129451,102,10/14/2025,P
129468,102,10/14/2025,P
129500,101,10/14/2025,P
129571,102,10/14/2025,P
129682,101,10/14/2025,P
129936,101,10/14/2025,P
129979,102,10/14/2025,P
129992,101,10/14/2025,P
130030,101,10/14/2025,E
130582,101,10/14/2025,P
130762,101,10/14/2025,p
130804,102,10/14/2025,P
130997,102,10/14/2025,P
131196,102,10/14/2025,P
131384,102,10/14/2025,P
131401,101,10/14/2025,P
131404,102,10/14/2025,P
131595,102,10/14/2025,P
131822,101,10/14/2025,P
132081,102,10/14/2025,P
132131,101,10/14/2025,P
132171,102,10/14/2025,P
132180,102,10/14/2025,P
132242,101,10/14/2025,P
132581,102,10/14/2025,P
132608,101,10/14/2025,P
132664,102,10/14/2025,P
132666,101,10/14/2025,P
132892,101,10/14/2025,T
132932,102,10/14/2025,P
133077,102,10/14/2025,P
133184,101,10/14/2025,P
133272,102,10/14/2025,P
133448,102,10/14/2025,P
133506,101,10/14/2025,P
133542,102,10/14/2025,P
133616,102,10/14/2025,P
133658,101,10/14/2025,P
133762,101,10/14/2025,P
133946,101,10/14/2025,P
134080,101,10/14/2025,P
134268,102,10/14/2025,P
134289,102,10/14/2025,P
134383,101,10/14/2025,A
135262,102,10/14/2025,P
135758,101,10/14/2025,P
135769,101,10/14/2025,P
135812,102,10/14/2025,P
135821,102,10/14/2025,P
135901,101,10/14/2025,P
135923,101,10/14/2025,P
136336,102,10/14/2025,P
136474,101,10/14/2025,T
136533,101,10/14/2025,P
136558,102,10/14/2025,P
136686,102,10/14/2025,P
136962,101,10/14/2025,P
137523,102,10/14/2025,P
137717,102,10/14/2025,P
137842,102,10/14/2025,p
138052,102,10/14/2025,P
138211,102,10/14/2025,P
138385,101,10/14/2025,P
138406,102,10/14/2025,P
138438,102,10/14/2025,P
138530,101,10/14/2025,P
139142,101,10/14/2025,A
139199,101,10/14/2025,P
139204,102,10/14/2025,P
139332,102,10/14/2025,P
139389,102,10/14/2025,P
100014,101,10/15/2025,P
100166,102,10/15/2025,P
100336,101,10/15/2025,P
100607,102,10/15/2025,P
100752,102,10/15/2025,P
100926,101,10/15/2025,P
101621,101,10/15/2025,E
101663,101,10/15/2025,P
101676,101,10/15/2025,P
101690,102,10/15/2025,P
102169,102,10/15/2025,P
102203,101,10/15/2025,P
102926,102,10/15/2025,P
103203,101,10/15/2025,P
103366,101,10/15/2025,T
104213,102,10/15/2025,P
104812,101,10/15/2025,P
105001,102,10/15/2025,P
105290,102,10/15/2025,P
105443,101,10/15/2025,P
105533,101,10/15/2025,P
105876,102,10/15/2025,P
105943,101,10/15/2025,P
106040,102,10/15/2025,P
106334,101,10/15/2025,P
106425,102,10/15/2025,P
106447,101,10/15/2025,P
106722,101,10/15/2025,T
106726,102,10/15/2025,P
106955,102,10/15/2025,P
107257,102,10/15/2025,P
107631,101,10/15/2025,P
107806,101,10/15/2025,p
107917,101,10/15/2025,P
107954,101,10/15/2025,P
107996,102,10/15/2025,T
108454,101,10/15/2025,P
108599,101,10/15/2025,P
108838,102,10/15/2025,P
108870,101,10/15/2025,P
109233,102,10/15/2025,P
109333,101,10/15/2025,P
109734,101,10/15/2025,P
109820,101,10/15/2025,P
110142,102,10/15/2025,P
110493,102,10/15/2025,T
111996,102,10/15/2025,P
112752,101,10/15/2025,P
112890,102,10/15/2025,P
113028,101,10/15/2025,P
113096,101,10/15/2025,E
113273,102,10/15/2025,P
113777,102,10/15/2025,P
114609,101,10/15/2025,P
114633,102,10/15/2025,P
114714,101,10/15/2025,P
115002,101,10/15/2025,T
116242,102,10/15/2025,P
116449,101,10/15/2025,P
116483,101,10/15/2025,P
116950,102,10/15/2025,P
116962,101,10/15/2025,T
117046,101,10/15/2025,P
117463,102,10/15/2025,P
117598,102,10/15/2025,P
117631,101,10/15/2025,P
118824,101,10/15/2025,P
118848,101,10/15/2025,P
119009,101,10/15/2025,P
119050,102,10/15/2025,P
119144,102,10/15/2025,P
119292,102,10/15/2025,P
119901,101,10/15/2025,P
120054,101,10/15/2025,P
120160,101,10/15/2025,P
120250,101,10/15/2025,T
120541,102,10/15/2025,P
120593,102,10/15/2025,P
120752,101,10/15/2025,P
120937,102,10/15/2025,P
121367,102,10/15/2025,P
121480,101,10/15/2025,A
122308,101,10/15/2025,E
122742,101,10/15/2025,P
122784,102,10/15/2025,P
123160,102,10/15/2025,P
123372,101,10/15/2025,P
123412,101,10/15/2025,P
123588,101,10/15/2025,P
123825,101,10/15/2025,P
124172,101,10/15/2025,P
124256,101,10/15/2025,P
124641,101,10/15/2025,T
124664,101,10/15/2025,P
125516,102,10/15/2025,P
125585,102,10/15/2025,P
126032,101,10/15/2025,A
126093,102,10/15/2025,P
126134,101,10/15/2025,P
126342,101,10/15/2025,P
126350,102,10/15/2025,P
126955,101,10/15/2025,P
127003,102,10/15/2025,P
127379,101,10/15/2025,P
127522,102,10/15/2025,P
127565,102,10/15/2025,P
127670,102,10/15/2025,P
127881,102,10/15/2025,P
127903,102,10/15/2025,P
128141,102,10/15/2025,P
128381,102,10/15/2025,P
128734,101,10/15/2025,P
128907,101,10/15/2025,P
129451,102,10/15/2025,P
129468,102,10/15/2025,P
129500,101,10/15/2025,P
129571,102,10/15/2025,P
129682,101,10/15/2025,P
129936,101,10/15/2025,P
129979,102,10/15/2025,P
129992,101,10/15/2025,P
130030,101,10/15/2025,P
130582,101,10/15/2025,P
130762,101,10/15/2025,P
130804,102,10/15/2025,P
130997,102,10/15/2025,P
131196,102,10/15/2025,P
131384,102,10/15/2025,E
131401,101,10/15/2025,S
131404,102,10/15/2025,P
131595,102,10/15/2025,P
131822,101,10/15/2025,P
132081,102,10/15/2025,P
132131,101,10/15/2025,P
132171,102,10/15/2025,P
132180,102,10/15/2025,P
132242,101,10/15/2025,P
132581,102,10/15/2025,P
132608,101,10/15/2025,P
132664,102,10/15/2025,P
132666,101,10/15/2025,P
132892,101,10/15/2025,P
132932,102,10/15/2025,P
133077,102,10/15/2025,P
133184,101,10/15/2025,P
133272,102,10/15/2025,P
133448,102,10/15/2025,P
133506,101,10/15/2025,p
133542,102,10/15/2025,P
133616,102,10/15/2025,P
133658,101,10/15/2025,T
133762,101,10/15/2025,P
133946,101,10/15/2025,P
134080,101,10/15/2025,P
134268,102,10/15/2025,P
134289,102,10/15/2025,P
134383,101,10/15/2025,P
135262,102,10/15/2025,P
135758,101,10/15/2025,P
135769,101,10/15/2025,P
135812,102,10/15/2025,P
135821,102,10/15/2025,P
135901,101,10/15/2025,P
135923,101,10/15/2025,P
136336,102,10/15/2025,P
136474,101,10/15/2025,P
136533,101,10/15/2025,P
136558,102,10/15/2025,P
136686,102,10/15/2025,P
136962,101,10/15/2025,P
137523,102,10/15/2025,P
137717,102,10/15/2025,P
137842,102,10/15/2025,P
138052,102,10/15/2025,P
138211,102,10/15/2025,P
138385,101,10/15/2025,P
138406,102,10/15/2025,P
138438,102,10/15/2025,P
138530,101,10/15/2025,P
139142,101,10/15/2025,P
139199,101,10/15/2025,P
139204,102,10/15/2025,P
139332,102,10/15/2025,P
139389,102,10/15/2025,P
100014,101,10/16/2025,P
100166,102,10/16/2025,P
100336,101,10/16/2025,P
100607,102,10/16/2025,P
100752,102,10/16/2025,P
100926,101,10/16/2025,P
101621,101,10/16/2025,P
101663,101,10/16/2025,P
101676,101,10/16/2025,P
101690,102,10/16/2025,P
102169,102,10/16/2025,P
102203,101,10/16/2025,P
102926,102,10/16/2025,P
103203,101,10/16/2025,P
103366,101,10/16/2025,P
104213,102,10/16/2025,P
104812,101,10/16/2025,P
105001,102,10/16/2025,P
105290,102,10/16/2025,P
105443,101,10/16/2025,P
105533,101,10/16/2025,P
105876,102,10/16/2025,P
105943,101,10/16/2025,P
106040,102,10/16/2025,P
106334,101,10/16/2025,P
106425,102,10/16/2025,P
106447,101,10/16/2025,P
106722,101,10/16/2025,P
106726,102,10/16/2025,P
106955,102,10/16/2025,P
107257,102,10/16/2025,P
107631,101,10/16/2025,P
107806,101,10/16/2025,P
107917,101,10/16/2025,A
107954,101,10/16/2025,P
107996,102,10/16/2025,P
108454,101,10/16/2025,P
108599,101,10/16/2025,P
108838,102,10/16/2025,P
108870,101,10/16/2025,P
109233,102,10/16/2025,P
109333,101,10/16/2025,P
109734,101,10/16/2025,P
109820,101,10/16/2025,P
110142,102,10/16/2025,P
110493,102,10/16/2025,P
111996,102,10/16/2025,P
112752,101,10/16/2025,A
112890,102,10/16/2025,P
113028,101,10/16/2025,P
113096,101,10/16/2025,P
113273,102,10/16/2025,P
113777,102,10/16/2025,P
114609,101,10/16/2025,P
114633,102,10/16/2025,E
114714,101,10/16/2025,P
115002,101,10/16/2025,P
116242,102,10/16/2025,P
116449,101,10/16/2025,T
116483,101,10/16/2025,P
116950,102,10/16/2025,S
116962,101,10/16/2025,P
117046,101,10/16/2025,P
117463,102,10/16/2025,A
117598,102,10/16/2025,P
117631,101,10/16/2025,P
118824,101,10/16/2025,P
118848,101,10/16/2025,P
119009,101,10/16/2025,P
119050,102,10/16/2025,P
119144,102,10/16/2025,P
119292,102,10/16/2025,P
119901,101,10/16/2025,P
120054,101,10/16/2025,P
120160,101,10/16/2025,P
120250,101,10/16/2025,E
120541,102,10/16/2025,P
120593,102,10/16/2025,P
120752,101,10/16/2025,P
120937,102,10/16/2025,P
121367,102,10/16/2025,P
121480,101,10/16/2025,E
122308,101,10/16/2025,P
122742,101,10/16/2025,P
122784,102,10/16/2025,P
123160,102,10/16/2025,P
123372,101,10/16/2025,P
123412,101,10/16/2025,P
123588,101,10/16/2025,P
123825,101,10/16/2025,A
124172,101,10/16/2025,P
124256,101,10/16/2025,P
124641,101,10/16/2025,P
124664,101,10/16/2025,P
125516,102,10/16/2025,P
125585,102,10/16/2025,P
126032,101,10/16/2025,P
126093,102,10/16/2025,P
126134,101,10/16/2025,P
126342,101,10/16/2025,P
126350,102,10/16/2025,P
126955,101,10/16/2025,p
127003,102,10/16/2025,P
127379,101,10/16/2025,P
127522,102,10/16/2025,P
127565,102,10/16/2025,P
127670,102,10/16/2025,P
127881,102,10/16/2025,P
127903,102,10/16/2025,A
128141,102,10/16/2025,P
128381,102,10/16/2025,P
128734,101,10/16/2025,P
128907,101,10/16/2025,P
129451,102,10/16/2025,P
129468,102,10/16/2025,E
129500,101,10/16/2025,P
129571,102,10/16/2025,p
129682,101,10/16/2025,P
129936,101,10/16/2025,P
129979,102,10/16/2025,P
129992,101,10/16/2025,P
130030,101,10/16/2025,P
130582,101,10/16/2025,E
130762,101,10/16/2025,P
130804,102,10/16/2025,P
130997,102,10/16/2025,E
131196,102,10/16/2025,P
131384,102,10/16/2025,P
131401,101,10/16/2025,P
131404,102,10/16/2025,P
131595,102,10/16/2025,P
131822,101,10/16/2025,P
132081,102,10/16/2025,P
132131,101,10/16/2025,P
132171,102,10/16/2025,E
132180,102,10/16/2025,P
132242,101,10/16/2025,P
132581,102,10/16/2025,P
132608,101,10/16/2025,P
132664,102,10/16/2025,P
132666,101,10/16/2025,T
132892,101,10/16/2025,P
132932,102,10/16/2025,P
133077,102,10/16/2025,P
133184,101,10/16/2025,P
133272,102,10/16/2025,P
133448,102,10/16/2025,T
133506,101,10/16/2025,P
133542,102,10/16/2025,P
133616,102,10/16/2025,P
133658,101,10/16/2025,P
133762,101,10/16/2025,P
133946,101,10/16/2025,P
134080,101,10/16/2025,P
134268,102,10/16/2025,P
134289,102,10/16/2025,P
134383,101,10/16/2025,P
135262,102,10/16/2025,P
135758,101,10/16/2025,A
135769,101,10/16/2025,P
135812,102,10/16/2025,P
135821,102,10/16/2025,P
135901,101,10/16/2025,P
135923,101,10/16/2025,P
136336,102,10/16/2025,T
136474,101,10/16/2025,P
136533,101,10/16/2025,P
136558,102,10/16/2025,P
136686,102,10/16/2025,P
136962,101,10/16/2025,P
137523,102,10/16/2025,P
137717,102,10/16/2025,P
137842,102,10/16/2025,P
138052,102,10/16/2025,A
138211,102,10/16/2025,P
138385,101,10/16/2025,P
138406,102,10/16/2025,P
138438,102,10/16/2025,P
138530,101,10/16/2025,P
139142,101,10/16/2025,P
139199,101,10/16/2025,P
139204,102,10/16/2025,P
139332,102,10/16/2025,P
139389,102,10/16/2025,P
100014,101,10/17/2025,P
100166,102,10/17/2025,P
100336,101,10/17/2025,P
100607,102,10/17/2025,P
100752,102,10/17/2025,P
100926,101,10/17/2025,P
101621,101,10/17/2025,P
101663,101,10/17/2025,P
101676,101,10/17/2025,P
101690,102,10/17/2025,T
102169,102,10/17/2025,P
102203,101,10/17/2025,P
102926,102,10/17/2025,P
103203,101,10/17/2025,P
103366,101,10/17/2025,P
104213,102,10/17/2025,P
104812,101,10/17/2025,P
105001,102,10/17/2025,P
105290,102,10/17/2025,P
105443,101,10/17/2025,P
105533,101,10/17/2025,P
105876,102,10/17/2025,T
105943,101,10/17/2025,P
106040,102,10/17/2025,P
106334,101,10/17/2025,P
106425,102,10/17/2025,P
106447,101,10/17/2025,P
106722,101,10/17/2025,P
106726,102,10/17/2025,P
106955,102,10/17/2025,P
107257,102,10/17/2025,P
107631,101,10/17/2025,P
107806,101,10/17/2025,P
107917,101,10/17/2025,P
107954,101,10/17/2025,P
107996,102,10/17/2025,P
108454,101,10/17/2025,P
108599,101,10/17/2025,P
108838,102,10/17/2025,P
108870,101,10/17/2025,P
109233,102,10/17/2025,P
109333,101,10/17/2025,P
109734,101,10/17/2025,P
109820,101,10/17/2025,P
110142,102,10/17/2025,E
110493,102,10/17/2025,P
111996,102,10/17/2025,A
112752,101,10/17/2025,P
112890,102,10/17/2025,P
113028,101,10/17/2025,P
113096,101,10/17/2025,P
113273,102,10/17/2025,P
113777,102,10/17/2025,P
114609,101,10/17/2025,P
114633,102,10/17/2025,P
114714,101,10/17/2025,P
115002,101,10/17/2025,T
116242,102,10/17/2025,P
116449,101,10/17/2025,P
116483,101,10/17/2025,P
116950,102,10/17/2025,P
116962,101,10/17/2025,P
117046,101,10/17/2025,P
117463,102,10/17/2025,P
117598,102,10/17/2025,P
117631,101,10/17/2025,P
118824,101,10/17/2025,P
118848,101,10/17/2025,P
119009,101,10/17/2025,P
119050,102,10/17/2025,T
119144,102,10/17/2025,P
119292,102,10/17/2025,P
119901,101,10/17/2025,P
120054,101,10/17/2025,P
120160,101,10/17/2025,P
120250,101,10/17/2025,P
120541,102,10/17/2025,P
120593,102,10/17/2025,P
120752,101,10/17/2025,P
120937,102,10/17/2025,P
121367,102,10/17/2025,P
121480,101,10/17/2025,P
122308,101,10/17/2025,A
122742,101,10/17/2025,P
122784,102,10/17/2025,P
123160,102,10/17/2025,A
123372,101,10/17/2025,P
123412,101,10/17/2025,P
123588,101,10/17/2025,P
123825,101,10/17/2025,P
124172,101,10/17/2025,P
124256,101,10/17/2025,P
124641,101,10/17/2025,P
124664,101,10/17/2025,T
125516,102,10/17/2025,P
125585,102,10/17/2025,P
126032,101,10/17/2025,P
126093,102,10/17/2025,P
126134,101,10/17/2025,P
126342,101,10/17/2025,P
126350,102,10/17/2025,P
126955,101,10/17/2025,P
127003,102,10/17/2025,P
127379,101,10/17/2025,P
127522,102,10/17/2025,P
127565,102,10/17/2025,P
127670,102,10/17/2025,P
127881,102,10/17/2025,P
127903,102,10/17/2025,P
128141,102,10/17/2025,P
128381,102,10/17/2025,P
128734,101,10/17/2025,P
128907,101,10/17/2025,P
129451,102,10/17/2025,P
129468,102,10/17/2025,P
129500,101,10/17/2025,P
129571,102,10/17/2025,P
129682,101,10/17/2025,P
129936,101,10/17/2025,P
129979,102,10/17/2025,P
129992,101,10/17/2025,P
130030,101,10/17/2025,P
130582,101,10/17/2025,P
130762,101,10/17/2025,P
130804,102,10/17/2025,P
130997,102,10/17/2025,P
131196,102,10/17/2025,P
131384,102,10/17/2025,P
131401,101,10/17/2025,P
131404,102,10/17/2025,P
131595,102,10/17/2025,P
131822,101,10/17/2025,P
132081,102,10/17/2025,P
132131,101,10/17/2025,P
132171,102,10/17/2025,P
132180,102,10/17/2025,P
132242,101,10/17/2025,P
132581,102,10/17/2025,P
132608,101,10/17/2025,P
132664,102,10/17/2025,P
132666,101,10/17/2025,E
132892,101,10/17/2025,P
132932,102,10/17/2025,A
133077,102,10/17/2025,P
133184,101,10/17/2025,A
133272,102,10/17/2025,T
133448,102,10/17/2025,P
133506,101,10/17/2025,P
133542,102,10/17/2025,P
133616,102,10/17/2025,P
133658,101,10/17/2025,P
133762,101,10/17/2025,A
133946,101,10/17/2025,P
134080,101,10/17/2025,P
134268,102,10/17/2025,P
134289,102,10/17/2025,P
134383,101,10/17/2025,P
135262,102,10/17/2025,P
135758,101,10/17/2025,P
135769,101,10/17/2025,P
135812,102,10/17/2025,P
135821,102,10/17/2025,P
135901,101,10/17/2025,P
135923,101,10/17/2025,P
136336,102,10/17/2025,P
136474,101,10/17/2025,P
136533,101,10/17/2025,P
136558,102,10/17/2025,P
136686,102,10/17/2025,P
136962,101,10/17/2025,P
137523,102,10/17/2025,P
137717,102,10/17/2025,P
137842,102,10/17/2025,A
138052,102,10/17/2025,P
138211,102,10/17/2025,T
138385,101,10/17/2025,P
138406,102,10/17/2025,P
138438,102,10/17/2025,P
138530,101,10/17/2025,P
139142,101,10/17/2025,P
139199,101,10/17/2025,P
139204,102,10/17/2025,P
139332,102,10/17/2025,T
139389,102,10/17/2025,P
100014,101,10/20/2025,P
100166,102,10/20/2025,P
100336,101,10/20/2025,p
100607,102,10/20/2025,P
100752,102,10/20/2025,P
100926,101,10/20/2025,P
101621,101,10/20/2025,P
101663,101,10/20/2025,P
101676,101,10/20/2025,P
101690,102,10/20/2025,P
102169,102,10/20/2025,P
102203,101,10/20/2025,P
102926,102,10/20/2025,P
103203,101,10/20/2025,P
103366,101,10/20/2025,S
104213,102,10/20/2025,P
104812,101,10/20/2025,P
105001,102,10/20/2025,P
105290,102,10/20/2025,P
105443,101,10/20/2025,P
105533,101,10/20/2025,P
105876,102,10/20/2025,P
105943,101,10/20/2025,P
106040,102,10/20/2025,P
106334,101,10/20/2025,P
106425,102,10/20/2025,P
106447,101,10/20/2025,P
106722,101,10/20/2025,P
106726,102,10/20/2025,P
106955,102,10/20/2025,P
107257,102,10/20/2025,P
107631,101,10/20/2025,p
107806,101,10/20/2025,A
107917,101,10/20/2025,P
107954,101,10/20/2025,T
107996,102,10/20/2025,P
108454,101,10/20/2025,P
108599,101,10/20/2025,T
108838,102,10/20/2025,P
108870,101,10/20/2025,P
109233,102,10/20/2025,P
109333,101,10/20/2025,P
109734,101,10/20/2025,T
109820,101,10/20/2025,P
110142,102,10/20/2025,P
110493,102,10/20/2025,P
111996,102,10/20/2025,P
112752,101,10/20/2025,P
112890,102,10/20/2025,P
113028,101,10/20/2025,P
113096,101,10/20/2025,A
113273,102,10/20/2025,P
113777,102,10/20/2025,p
114609,101,10/20/2025,P
114633,102,10/20/2025,T
114714,101,10/20/2025,P
115002,101,10/20/2025,P
116242,102,10/20/2025,P
116449,101,10/20/2025,P
116483,101,10/20/2025,P
116950,102,10/20/2025,P
116962,101,10/20/2025,P
117046,101,10/20/2025,T
117463,102,10/20/2025,P
117598,102,10/20/2025,P
117631,101,10/20/2025,P
118824,101,10/20/2025,P
118848,101,10/20/2025,P
119009,101,10/20/2025,P
119050,102,10/20/2025,P
119144,102,10/20/2025,P
119292,102,10/20/2025,P
119901,101,10/20/2025,P
120054,101,10/20/2025,T
120160,101,10/20/2025,P
120250,101,10/20/2025,P
120541,102,10/20/2025,P
120593,102,10/20/2025,P
120752,101,10/20/2025,P
120937,102,10/20/2025,T
121367,102,10/20/2025,T
121480,101,10/20/2025,P
122308,101,10/20/2025,P
122742,101,10/20/2025,P
122784,102,10/20/2025,P
123160,102,10/20/2025,P
123372,101,10/20/2025,P
123412,101,10/20/2025,P
123588,101,10/20/2025,P
123825,101,10/20/2025,P
124172,101,10/20/2025,P
124256,101,10/20/2025,P
124641,101,10/20/2025,P
124664,101,10/20/2025,P
125516,102,10/20/2025,P
125585,102,10/20/2025,P
126032,101,10/20/2025,P
126093,102,10/20/2025,P
126134,101,10/20/2025,P
126342,101,10/20/2025,P
126350,102,10/20/2025,P
126955,101,10/20/2025,P
127003,102,10/20/2025,P
127379,101,10/20/2025,T
127522,102,10/20/2025,P
127565,102,10/20/2025,E
127670,102,10/20/2025,P
127881,102,10/20/2025,P
127903,102,10/20/2025,P
128141,102,10/20/2025,P
128381,102,10/20/2025,P
128734,101,10/20/2025,P
128907,101,10/20/2025,P
129451,102,10/20/2025,P
129468,102,10/20/2025,P
129500,101,10/20/2025,A
129571,102,10/20/2025,P
129682,101,10/20/2025,P
129936,101,10/20/2025,P
129979,102,10/20/2025,P
129992,101,10/20/2025,P
130030,101,10/20/2025,P
130216,101,10/20/2025,P
130582,101,10/20/2025,P
130762,101,10/20/2025,P
130804,102,10/20/2025,P
130997,102,10/20/2025,P
131196,102,10/20/2025,P
131384,102,10/20/2025,P
131401,101,10/20/2025,E
131404,102,10/20/2025,A
131595,102,10/20/2025,P
131822,101,10/20/2025,P
132081,102,10/20/2025,P
132131,101,10/20/2025,P
132171,102,10/20/2025,P
132180,102,10/20/2025,P
132242,101,10/20/2025,E
132581,102,10/20/2025,P
132608,101,10/20/2025,T
132664,102,10/20/2025,P
132666,101,10/20/2025,P
132892,101,10/20/2025,P
132932,102,10/20/2025,P
133077,102,10/20/2025,P
133184,101,10/20/2025,P
133272,102,10/20/2025,P
133448,102,10/20/2025,P
133506,101,10/20/2025,P
133542,102,10/20/2025,P
133616,102,10/20/2025,P
133658,101,10/20/2025,P
133762,101,10/20/2025,E
133946,101,10/20/2025,P
134080,101,10/20/2025,P
134268,102,10/20/2025,P
134289,102,10/20/2025,p
134383,101,10/20/2025,P
135262,102,10/20/2025,P
135758,101,10/20/2025,P
135769,101,10/20/2025,P
135812,102,10/20/2025,P
135821,102,10/20/2025,P
135901,101,10/20/2025,T
135923,101,10/20/2025,P
136336,102,10/20/2025,P
136474,101,10/20/2025,P
136533,101,10/20/2025,P
136558,102,10/20/2025,P
136686,102,10/20/2025,P
136962,101,10/20/2025,P
137523,102,10/20/2025,P
137717,102,10/20/2025,P
137842,102,10/20/2025,P
138052,102,10/20/2025,P
138211,102,10/20/2025,P
138385,101,10/20/2025,P
138406,102,10/20/2025,P
138438,102,10/20/2025,P
138530,101,10/20/2025,P
139142,101,10/20/2025,P
139199,101,10/20/2025,A
139204,102,10/20/2025,P
139332,102,10/20/2025,P
139389,102,10/20/2025,P
100014,101,10/21/2025,P
100166,102,10/21/2025,P
100336,101,10/21/2025,P
100607,102,10/21/2025,P
100752,102,10/21/2025,P
100926,101,10/21/2025,P
101621,101,10/21/2025,P
101663,101,10/21/2025,P
101676,101,10/21/2025,P
101690,102,10/21/2025,P
102169,102,10/21/2025,P
102203,101,10/21/2025,P
102926,102,10/21/2025,P
103203,101,10/21/2025,P
103366,101,10/21/2025,P
104213,102,10/21/2025,P
104812,101,10/21/2025,E
105001,102,10/21/2025,P
105290,102,10/21/2025,P
105443,101,10/21/2025,P
105533,101,10/21/2025,P
105876,102,10/21/2025,P
105943,101,10/21/2025,P
106040,102,10/21/2025,P
106334,101,10/21/2025,P
106425,102,10/21/2025,P
106447,101,10/21/2025,P
106722,101,10/21/2025,P
106726,102,10/21/2025,P
106955,102,10/21/2025,P
107257,102,10/21/2025,P
107631,101,10/21/2025,P
107806,101,10/21/2025,P
107917,101,10/21/2025,P
107954,101,10/21/2025,P
107996,102,10/21/2025,P
108454,101,10/21/2025,P
108599,101,10/21/2025,P
108838,102,10/21/2025,P
108870,101,10/21/2025,P
109233,102,10/21/2025,P
109333,101,10/21/2025,P
109591,102,10/21/2025,P
109734,101,10/21/2025,A
109820,101,10/21/2025,P
110142,102,10/21/2025,P
110493,102,10/21/2025,P
111996,102,10/21/2025,P
112752,101,10/21/2025,P
112890,102,10/21/2025,P
113028,101,10/21/2025,P
113096,101,10/21/2025,P
113273,102,10/21/2025,P
113777,102,10/21/2025,P
114609,101,10/21/2025,P
114633,102,10/21/2025,P
114714,101,10/21/2025,P
115002,101,10/21/2025,P
115724,102,10/21/2025,P
116242,102,10/21/2025,P
116449,101,10/21/2025,P
116483,101,10/21/2025,P
116950,102,10/21/2025,P
116962,101,10/21/2025,P
117046,101,10/21/2025,P
117463,102,10/21/2025,P
117598,102,10/21/2025,P
117631,101,10/21/2025,P
118824,101,10/21/2025,P
118848,101,10/21/2025,P
119009,101,10/21/2025,E
119050,102,10/21/2025,P
119144,102,10/21/2025,P
119292,102,10/21/2025,P
119901,101,10/21/2025,P
120054,101,10/21/2025,P
120160,101,10/21/2025,P
120250,101,10/21/2025,P
120541,102,10/21/2025,P
120593,102,10/21/2025,P
120752,101,10/21/2025,P
120937,102,10/21/2025,P
121367,102,10/21/2025,P
121480,101,10/21/2025,P
122308,101,10/21/2025,P
122742,101,10/21/2025,P
122784,102,10/21/2025,P
123160,102,10/21/2025,P
123372,101,10/21/2025,T
123412,101,10/21/2025,P
123588,101,10/21/2025,P
123825,101,10/21/2025,P
124172,101,10/21/2025,P
124256,101,10/21/2025,P
124641,101,10/21/2025,E
124664,101,10/21/2025,P
125516,102,10/21/2025,P
125585,102,10/21/2025,P
126032,101,10/21/2025,P
126093,102,10/21/2025,p
126134,101,10/21/2025,P
126342,101,10/21/2025,P
126350,102,10/21/2025,P
126955,101,10/21/2025,P
127003,102,10/21/2025,p
127379,101,10/21/2025,E
127522,102,10/21/2025,P
127565,102,10/21/2025,P
127670,102,10/21/2025,P
127881,102,10/21/2025,P
127903,102,10/21/2025,P
128141,102,10/21/2025,P
128381,102,10/21/2025,P
128457,101,10/21/2025,P
128734,101,10/21/2025,T
128907,101,10/21/2025,P
129451,102,10/21/2025,P
129468,102,10/21/2025,P
129500,101,10/21/2025,P
129571,102,10/21/2025,A
129682,101,10/21/2025,P
129936,101,10/21/2025,P
129979,102,10/21/2025,P
129992,101,10/21/2025,T
130030,101,10/21/2025,P
130216,101,10/21/2025,P
130582,101,10/21/2025,P
130762,101,10/21/2025,P
130804,102,10/21/2025,P
130997,102,10/21/2025,P
131196,102,10/21/2025,P
131384,102,10/21/2025,S
131401,101,10/21/2025,P
131404,102,10/21/2025,P
131595,102,10/21/2025,P
131822,101,10/21/2025,P
132081,102,10/21/2025,P
132131,101,10/21/2025,P
132171,102,10/21/2025,P
132180,102,10/21/2025,p
132242,101,10/21/2025,P
132581,102,10/21/2025,P
132608,101,10/21/2025,P
132664,102,10/21/2025,P
132666,101,10/21/2025,P
132892,101,10/21/2025,P
132932,102,10/21/2025,E
133077,102,10/21/2025,P
133184,101,10/21/2025,P
133272,102,10/21/2025,P
133448,102,10/21/2025,P
133506,101,10/21/2025,P
133542,102,10/21/2025,P
133616,102,10/21/2025,P
133658,101,10/21/2025,P
133762,101,10/21/2025,E
133946,101,10/21/2025,P
134080,101,10/21/2025,P
134268,102,10/21/2025,P
134289,102,10/21/2025,P
134383,101,10/21/2025,P
135262,102,10/21/2025,T
135758,101,10/21/2025,P
135769,101,10/21/2025,P
135812,102,10/21/2025,P
135821,102,10/21/2025,P
135901,101,10/21/2025,P
135923,101,10/21/2025,P
136336,102,10/21/2025,P
136474,101,10/21/2025,P
136533,101,10/21/2025,P
136558,102,10/21/2025,A
136686,102,10/21/2025,P
136962,101,10/21/2025,P
137523,102,10/21/2025,P
137717,102,10/21/2025,P
137842,102,10/21/2025,P
138052,102,10/21/2025,P
138211,102,10/21/2025,P
138385,101,10/21/2025,P
138406,102,10/21/2025,P
138438,102,10/21/2025,P
138530,101,10/21/2025,E
139142,101,10/21/2025,P
139199,101,10/21/2025,A
139204,102,10/21/2025,P
139332,102,10/21/2025,P
139389,102,10/21/2025,P
100014,101,10/22/2025,P
100166,102,10/22/2025,T
100336,101,10/22/2025,P
100607,102,10/22/2025,P
100752,102,10/22/2025,P
100926,101,10/22/2025,P
101621,101,10/22/2025,P
101663,101,10/22/2025,P
101676,101,10/22/2025,P
101690,102,10/22/2025,P
102169,102,10/22/2025,P
102203,101,10/22/2025,P
102926,102,10/22/2025,P
103203,101,10/22/2025,P
103366,101,10/22/2025,P
104213,102,10/22/2025,P
104812,101,10/22/2025,P
105001,102,10/22/2025,P
105290,102,10/22/2025,P
105443,101,10/22/2025,P
105533,101,10/22/2025,P
105876,102,10/22/2025,P
105943,101,10/22/2025,P
106040,102,10/22/2025,P
106334,101,10/22/2025,P
106425,102,10/22/2025,P
106447,101,10/22/2025,P
106722,101,10/22/2025,P
106726,102,10/22/2025,P
106955,102,10/22/2025,P
107257,102,10/22/2025,P
107631,101,10/22/2025,P
107806,101,10/22/2025,P
107917,101,10/22/2025,P
107954,101,10/22/2025,P
107996,102,10/22/2025,P
108454,101,10/22/2025,P
108599,101,10/22/2025,P
108838,102,10/22/2025,P
108870,101,10/22/2025,P
109233,102,10/22/2025,P
109333,101,10/22/2025,P
109591,102,10/22/2025,P
109734,101,10/22/2025,P
109820,101,10/22/2025,P
110142,102,10/22/2025,T
110493,102,10/22/2025,P
111996,102,10/22/2025,P
112752,101,10/22/2025,P
112890,102,10/22/2025,P
113028,101,10/22/2025,P
113096,101,10/22/2025,T
113273,102,10/22/2025,P
113777,102,10/22/2025,P
114609,101,10/22/2025,T
114633,102,10/22/2025,P
114714,101,10/22/2025,P
115002,101,10/22/2025,P
115724,102,10/22/2025,P
116242,102,10/22/2025,P
116449,101,10/22/2025,P
116483,101,10/22/2025,P
116950,102,10/22/2025,P
116962,101,10/22/2025,T
117046,101,10/22/2025,P
117463,102,10/22/2025,A
117598,102,10/22/2025,P
117631,101,10/22/2025,P
118824,101,10/22/2025,P
118848,101,10/22/2025,P
119009,101,10/22/2025,P
119050,102,10/22/2025,P
119144,102,10/22/2025,P
119292,102,10/22/2025,P
119901,101,10/22/2025,P
120054,101,10/22/2025,P
120160,101,10/22/2025,P
120250,101,10/22/2025,P
120541,102,10/22/2025,P
120593,102,10/22/2025,P
120752,101,10/22/2025,P
120937,102,10/22/2025,P
121367,102,10/22/2025,A
121480,101,10/22/2025,P
122308,101,10/22/2025,P
122742,101,10/22/2025,T
122784,102,10/22/2025,P
123160,102,10/22/2025,P
123372,101,10/22/2025,P
123412,101,10/22/2025,P
123588,101,10/22/2025,P
123825,101,10/22/2025,P
124172,101,10/22/2025,P
124256,101,10/22/2025,P
124641,101,10/22/2025,P
124664,101,10/22/2025,P
125516,102,10/22/2025,P
125585,102,10/22/2025,P
126032,101,10/22/2025,P
126093,102,10/22/2025,P
126134,101,10/22/2025,P
126342,101,10/22/2025,P
126350,102,10/22/2025,P
126955,101,10/22/2025,P
127003,102,10/22/2025,P
127379,101,10/22/2025,P
127522,102,10/22/2025,P
127565,102,10/22/2025,P
127670,102,10/22/2025,P
127881,102,10/22/2025,P
127903,102,10/22/2025,P
128141,102,10/22/2025,P
128381,102,10/22/2025,T
128457,101,10/22/2025,P
128734,101,10/22/2025,P
128907,101,10/22/2025,P
129451,102,10/22/2025,P
129468,102,10/22/2025,P
129500,101,10/22/2025,P
129571,102,10/22/2025,P
129682,101,10/22/2025,P
129936,101,10/22/2025,P
129979,102,10/22/2025,P
129992,101,10/22/2025,P
130030,101,10/22/2025,P
130216,101,10/22/2025,P
130582,101,10/22/2025,T
130762,101,10/22/2025,P
130804,102,10/22/2025,P
130997,102,10/22/2025,P
131196,102,10/22/2025,P
131384,102,10/22/2025,P
131401,101,10/22/2025,P
131404,102,10/22/2025,P
131595,102,10/22/2025,P
131822,101,10/22/2025,P
132081,102,10/22/2025,P
132131,101,10/22/2025,P
132171,102,10/22/2025,P
132180,102,10/22/2025,P
132242,101,10/22/2025,P
132581,102,10/22/2025,P
132608,101,10/22/2025,P
132664,102,10/22/2025,P
132666,101,10/22/2025,P
132892,101,10/22/2025,P
132932,102,10/22/2025,P
133077,102,10/22/2025,P
133184,101,10/22/2025,P
133272,102,10/22/2025,P
133448,102,10/22/2025,P
133506,101,10/22/2025,P
133542,102,10/22/2025,P
133616,102,10/22/2025,E
133658,101,10/22/2025,P
133762,101,10/22/2025,A
133946,101,10/22/2025,P
134080,101,10/22/2025,P
134268,102,10/22/2025,P
134289,102,10/22/2025,P
134383,101,10/22/2025,P
135262,102,10/22/2025,P
135758,101,10/22/2025,P
135769,101,10/22/2025,A
135812,102,10/22/2025,P
135821,102,10/22/2025,P
135901,101,10/22/2025,P
135923,101,10/22/2025,P
136336,102,10/22/2025,P
136474,101,10/22/2025,P
136533,101,10/22/2025,P
136558,102,10/22/2025,P
136686,102,10/22/2025,P
136962,101,10/22/2025,P
137523,102,10/22/2025,P
137717,102,10/22/2025,P
137842,102,10/22/2025,P
138052,102,10/22/2025,P
138211,102,10/22/2025,P
138385,101,10/22/2025,A
138406,102,10/22/2025,P
138438,102,10/22/2025,P
138530,101,10/22/2025,P
139142,101,10/22/2025,P
139199,101,10/22/2025,P
139204,102,10/22/2025,A
139332,102,10/22/2025,P
139389,102,10/22/2025,P
100014,101,10/23/2025,P
100166,102,10/23/2025,P
100336,101,10/23/2025,P
100607,102,10/23/2025,P
100752,102,10/23/2025,P
100926,101,10/23/2025,P
101621,101,10/23/2025,P
101663,101,10/23/2025,E
101676,101,10/23/2025,P
101690,102,10/23/2025,P
102169,102,10/23/2025,P
102203,101,10/23/2025,P
102926,102,10/23/2025,P
103203,101,10/23/2025,P
103366,101,10/23/2025,T
104213,102,10/23/2025,P
104812,101,10/23/2025,P
105001,102,10/23/2025,P
105290,102,10/23/2025,P
105443,101,10/23/2025,P
105533,101,10/23/2025,P
105876,102,10/23/2025,P
105943,101,10/23/2025,P
106040,102,10/23/2025,P
106334,101,10/23/2025,P
106425,102,10/23/2025,P
106447,101,10/23/2025,P
106722,101,10/23/2025,P
106726,102,10/23/2025,P
106955,102,10/23/2025,P
107257,102,10/23/2025,P
107631,101,10/23/2025,P
107806,101,10/23/2025,P
107917,101,10/23/2025,P
107954,101,10/23/2025,P
107996,102,10/23/2025,P
108454,101,10/23/2025,P
108599,101,10/23/2025,P
108838,102,10/23/2025,T
108870,101,10/23/2025,E
109233,102,10/23/2025,P
109333,101,10/23/2025,P
109591,102,10/23/2025,P
109734,101,10/23/2025,P
109820,101,10/23/2025,P
110142,102,10/23/2025,P
110493,102,10/23/2025,P
111996,102,10/23/2025,P
112752,101,10/23/2025,P
112890,102,10/23/2025,P
113028,101,10/23/2025,P
113096,101,10/23/2025,P
113273,102,10/23/2025,P
113777,102,10/23/2025,P
114609,101,10/23/2025,P
114633,102,10/23/2025,A
114714,101,10/23/2025,P
115002,101,10/23/2025,P
115724,102,10/23/2025,P
116242,102,10/23/2025,P
116449,101,10/23/2025,P
116483,101,10/23/2025,P
116950,102,10/23/2025,P
116962,101,10/23/2025,P
117046,101,10/23/2025,P
117463,102,10/23/2025,P
117598,102,10/23/2025,P
117631,101,10/23/2025,P
118824,101,10/23/2025,P
118848,101,10/23/2025,P
119009,101,10/23/2025,P
119050,102,10/23/2025,P
119144,102,10/23/2025,P
119292,102,10/23/2025,P
119901,101,10/23/2025,P
120054,101,10/23/2025,P
120160,101,10/23/2025,P
120250,101,10/23/2025,P
120541,102,10/23/2025,P
120593,102,10/23/2025,P
120752,101,10/23/2025,P
120937,102,10/23/2025,P
121367,102,10/23/2025,P
121480,101,10/23/2025,P
122308,101,10/23/2025,p
122742,101,10/23/2025,P
122784,102,10/23/2025,P
123160,102,10/23/2025,P
123372,101,10/23/2025,P
123412,101,10/23/2025,P
123588,101,10/23/2025,P
123825,101,10/23/2025,P
124172,101,10/23/2025,P
124256,101,10/23/2025,P
124641,101,10/23/2025,P
124664,101,10/23/2025,P
125516,102,10/23/2025,P
125585,102,10/23/2025,P
126032,101,10/23/2025,P
126093,102,10/23/2025,P
126134,101,10/23/2025,P
126342,101,10/23/2025,P
126350,102,10/23/2025,P
126955,101,10/23/2025,P
127003,102,10/23/2025,P
127379,101,10/23/2025,P
127522,102,10/23/2025,P
127565,102,10/23/2025,P
127670,102,10/23/2025,P
127881,102,10/23/2025,P
127903,102,10/23/2025,P
128141,102,10/23/2025,P
128381,102,10/23/2025,P
128457,101,10/23/2025,P
128734,101,10/23/2025,P
128907,101,10/23/2025,P
129451,102,10/23/2025,P
129468,102,10/23/2025,P
129500,101,10/23/2025,P
129571,102,10/23/2025,P
129682,101,10/23/2025,P
129936,101,10/23/2025,P
129979,102,10/23/2025,P
129992,101,10/23/2025,P
130030,101,10/23/2025,E
130216,101,10/23/2025,T
130582,101,10/23/2025,T
130762,101,10/23/2025,P
130804,102,10/23/2025,P
130997,102,10/23/2025,P
131196,102,10/23/2025,P
131384,102,10/23/2025,P
131401,101,10/23/2025,P
131404,102,10/23/2025,P
131595,102,10/23/2025,T
131822,101,10/23/2025,P
132081,102,10/23/2025,P
132131,101,10/23/2025,P
132171,102,10/23/2025,P
132180,102,10/23/2025,P
132242,101,10/23/2025,P
132581,102,10/23/2025,P
132608,101,10/23/2025,P
132664,102,10/23/2025,P
132666,101,10/23/2025,P
132892,101,10/23/2025,P
132932,102,10/23/2025,P
133077,102,10/23/2025,P
133184,101,10/23/2025,P
133272,102,10/23/2025,P
133448,102,10/23/2025,P
133506,101,10/23/2025,P
133542,102,10/23/2025,P
133616,102,10/23/2025,E
133658,101,10/23/2025,P
133762,101,10/23/2025,P
133946,101,10/23/2025,P
134080,101,10/23/2025,P
134268,102,10/23/2025,P
134289,102,10/23/2025,P
134383,101,10/23/2025,P
135262,102,10/23/2025,P
135758,101,10/23/2025,P
135769,101,10/23/2025,T
135812,102,10/23/2025,P
135821,102,10/23/2025,P
135901,101,10/23/2025,P
135923,101,10/23/2025,P
136336,102,10/23/2025,P
136474,101,10/23/2025,P
136533,101,10/23/2025,P
136558,102,10/23/2025,P
136686,102,10/23/2025,P
136962,101,10/23/2025,P
137523,102,10/23/2025,P
137717,102,10/23/2025,P
137842,102,10/23/2025,P
138052,102,10/23/2025,P
138211,102,10/23/2025,P
138385,101,10/23/2025,A
138406,102,10/23/2025,P
138438,102,10/23/2025,P
138530,101,10/23/2025,E
139142,101,10/23/2025,P
139199,101,10/23/2025,P
139332,102,10/23/2025,P
139389,102,10/23/2025,P
100014,101,10/24/2025,P
100166,102,10/24/2025,P
100336,101,10/24/2025,P
100607,102,10/24/2025,P
100752,102,10/24/2025,P
100926,101,10/24/2025,P
101621,101,10/24/2025,P
101663,101,10/24/2025,P
101676,101,10/24/2025,P
101690,102,10/24/2025,P
102169,102,10/24/2025,P
102203,101,10/24/2025,P
102926,102,10/24/2025,P
103203,101,10/24/2025,P
103366,101,10/24/2025,T
104213,102,10/24/2025,T
104812,101,10/24/2025,E
105001,102,10/24/2025,P
105290,102,10/24/2025,P
105443,101,10/24/2025,P
105533,101,10/24/2025,P
105876,102,10/24/2025,P
105943,101,10/24/2025,P
106040,102,10/24/2025,P
106334,101,10/24/2025,P
106425,102,10/24/2025,P
106447,101,10/24/2025,P
106722,101,10/24/2025,P
106726,102,10/24/2025,P
106955,102,10/24/2025,P
107257,102,10/24/2025,P
107631,101,10/24/2025,P
107806,101,10/24/2025,E
107917,101,10/24/2025,E
107954,101,10/24/2025,P
107996,102,10/24/2025,P
108454,101,10/24/2025,P
108599,101,10/24/2025,P
108838,102,10/24/2025,P
108870,101,10/24/2025,P
109233,102,10/24/2025,P
109333,101,10/24/2025,P
109591,102,10/24/2025,P
109734,101,10/24/2025,P
109820,101,10/24/2025,P
110142,102,10/24/2025,P
110493,102,10/24/2025,P
111996,102,10/24/2025,A
112752,101,10/24/2025,P
112890,102,10/24/2025,P
113028,101,10/24/2025,p
113096,101,10/24/2025,E
113273,102,10/24/2025,P
113777,102,10/24/2025,P
114609,101,10/24/2025,P
114633,102,10/24/2025,P
114714,101,10/24/2025,P
115002,101,10/24/2025,P
115724,102,10/24/2025,P
116242,102,10/24/2025,P
116449,101,10/24/2025,P
116483,101,10/24/2025,P
116950,102,10/24/2025,P
116962,101,10/24/2025,P
117046,101,10/24/2025,P
117463,102,10/24/2025,P
117598,102,10/24/2025,P
117631,101,10/24/2025,P
118824,101,10/24/2025,P
118848,101,10/24/2025,P
119009,101,10/24/2025,P
119050,102,10/24/2025,P
119144,102,10/24/2025,P
119292,102,10/24/2025,P
119901,101,10/24/2025,P
120054,101,10/24/2025,T
120160,101,10/24/2025,P
120250,101,10/24/2025,P
120541,102,10/24/2025,P
120593,102,10/24/2025,P
120752,101,10/24/2025,P
120937,102,10/24/2025,P
121367,102,10/24/2025,P
121480,101,10/24/2025,P
122308,101,10/24/2025,T
122742,101,10/24/2025,P
122784,102,10/24/2025,P
123160,102,10/24/2025,P
123372,101,10/24/2025,P
123412,101,10/24/2025,P
123588,101,10/24/2025,P
123825,101,10/24/2025,P
124172,101,10/24/2025,P
124256,101,10/24/2025,E
124641,101,10/24/2025,P
124664,101,10/24/2025,P
125516,102,10/24/2025,P
125585,102,10/24/2025,P
126032,101,10/24/2025,P
126093,102,10/24/2025,P
126134,101,10/24/2025,A
126342,101,10/24/2025,E
126350,102,10/24/2025,P
126955,101,10/24/2025,P
127003,102,10/24/2025,P
127379,101,10/24/2025,P
127522,102,10/24/2025,P
127565,102,10/24/2025,P
127670,102,10/24/2025,P
127881,102,10/24/2025,P
127903,102,10/24/2025,P
128141,102,10/24/2025,P
128381,102,10/24/2025,P
128457,101,10/24/2025,P
128734,101,10/24/2025,P
128907,101,10/24/2025,P
129451,102,10/24/2025,P
129468,102,10/24/2025,P
129500,101,10/24/2025,P
129571,102,10/24/2025,P
129682,101,10/24/2025,P
129936,101,10/24/2025,P
129979,102,10/24/2025,P
129992,101,10/24/2025,P
130030,101,10/24/2025,P
130216,101,10/24/2025,E
130582,101,10/24/2025,P
130762,101,10/24/2025,P
130804,102,10/24/2025,P
130997,102,10/24/2025,P
131196,102,10/24/2025,P
131384,102,10/24/2025,P
131401,101,10/24/2025,A
131404,102,10/24/2025,P
131595,102,10/24/2025,P
131822,101,10/24/2025,P
132081,102,10/24/2025,P
132131,101,10/24/2025,P
132171,102,10/24/2025,P
132180,102,10/24/2025,P
132242,101,10/24/2025,P
132581,102,10/24/2025,P
132608,101,10/24/2025,P
132664,102,10/24/2025,P
132666,101,10/24/2025,P
132892,101,10/24/2025,P
132932,102,10/24/2025,A
133077,102,10/24/2025,P
133184,101,10/24/2025,P
133272,102,10/24/2025,P
133448,102,10/24/2025,P
133506,101,10/24/2025,P
133542,102,10/24/2025,P
133616,102,10/24/2025,P
133658,101,10/24/2025,p
133762,101,10/24/2025,P
133946,101,10/24/2025,P
134080,101,10/24/2025,P
134268,102,10/24/2025,P
134289,102,10/24/2025,P
134383,101,10/24/2025,P
135262,102,10/24/2025,P
135758,101,10/24/2025,A
135769,101,10/24/2025,P
135812,102,10/24/2025,P
135821,102,10/24/2025,P
135901,101,10/24/2025,P
135923,101,10/24/2025,p
136336,102,10/24/2025,P
136474,101,10/24/2025,P
136533,101,10/24/2025,P
136558,102,10/24/2025,P
136686,102,10/24/2025,P
136962,101,10/24/2025,A
137523,102,10/24/2025,P
137636,101,10/24/2025,P
137717,102,10/24/2025,P
137842,102,10/24/2025,P
138052,102,10/24/2025,P
138211,102,10/24/2025,P
138385,101,10/24/2025,A
138406,102,10/24/2025,P
138438,102,10/24/2025,P
138530,101,10/24/2025,P
139142,101,10/24/2025,P
139199,101,10/24/2025,P
139332,102,10/24/2025,P
139389,102,10/24/2025,P
100014,101,10/27/2025,P
100166,102,10/27/2025,P
100336,101,10/27/2025,P
100607,102,10/27/2025,P
100752,102,10/27/2025,P
100926,101,10/27/2025,P
101621,101,10/27/2025,P
101663,101,10/27/2025,P
101676,101,10/27/2025,P
101690,102,10/27/2025,A
102169,102,10/27/2025,P
102203,101,10/27/2025,p
102926,102,10/27/2025,P
103203,101,10/27/2025,P
103366,101,10/27/2025,T
104213,102,10/27/2025,P
104812,101,10/27/2025,A
105001,102,10/27/2025,P
105290,102,10/27/2025,P
105443,101,10/27/2025,P
105533,101,10/27/2025,P
105876,102,10/27/2025,P
105943,101,10/27/2025,P
106040,102,10/27/2025,P
106334,101,10/27/2025,P
106425,102,10/27/2025,A
106447,101,10/27/2025,P
106722,101,10/27/2025,P
106726,102,10/27/2025,P
106955,102,10/27/2025,T
107257,102,10/27/2025,P
107631,101,10/27/2025,P
107806,101,10/27/2025,P
107917,101,10/27/2025,P
107954,101,10/27/2025,P
107996,102,10/27/2025,P
108454,101,10/27/2025,P
108599,101,10/27/2025,P
108838,102,10/27/2025,P
108870,101,10/27/2025,P
109233,102,10/27/2025,P
109333,101,10/27/2025,P
109591,102,10/27/2025,P
109734,101,10/27/2025,P
109820,101,10/27/2025,P
110142,102,10/27/2025,P
110493,102,10/27/2025,P
111996,102,10/27/2025,E
112752,101,10/27/2025,P
112890,102,10/27/2025,P
113028,101,10/27/2025,P
113096,101,10/27/2025,E
113273,102,10/27/2025,P
113777,102,10/27/2025,P
114609,101,10/27/2025,P
114633,102,10/27/2025,P
114714,101,10/27/2025,P
115002,101,10/27/2025,P
115724,102,10/27/2025,P
116242,102,10/27/2025,P
116449,101,10/27/2025,P
116483,101,10/27/2025,P
116950,102,10/27/2025,P
116962,101,10/27/2025,P
117046,101,10/27/2025,T
117463,102,10/27/2025,A
117598,102,10/27/2025,P
117631,101,10/27/2025,P
118824,101,10/27/2025,P
118848,101,10/27/2025,P
119009,101,10/27/2025,P
119050,102,10/27/2025,P
119144,102,10/27/2025,P
119292,102,10/27/2025,P
119901,101,10/27/2025,P
120054,101,10/27/2025,P
120160,101,10/27/2025,P
120250,101,10/27/2025,P
120541,102,10/27/2025,P
120593,102,10/27/2025,P
120752,101,10/27/2025,P
120937,102,10/27/2025,P
121367,102,10/27/2025,P
121480,101,10/27/2025,P
122308,101,10/27/2025,A
122742,101,10/27/2025,P
122784,102,10/27/2025,P
123160,102,10/27/2025,P
123372,101,10/27/2025,P
123412,101,10/27/2025,P
123588,101,10/27/2025,P
123825,101,10/27/2025,P
124172,101,10/27/2025,P
124256,101,10/27/2025,T
124641,101,10/27/2025,P
124664,101,10/27/2025,P
125516,102,10/27/2025,P
125585,102,10/27/2025,P
126032,101,10/27/2025,P
126093,102,10/27/2025,P
126134,101,10/27/2025,t
126342,101,10/27/2025,P
126350,102,10/27/2025,P
126955,101,10/27/2025,P
127003,102,10/27/2025,P
127379,101,10/27/2025,P
127522,102,10/27/2025,P
127565,102,10/27/2025,P
127670,102,10/27/2025,P
127881,102,10/27/2025,P
127903,102,10/27/2025,P
128141,102,10/27/2025,P
128381,102,10/27/2025,P
128457,101,10/27/2025,P
128734,101,10/27/2025,P
128907,101,10/27/2025,P
129451,102,10/27/2025,P
129468,102,10/27/2025,P
129500,101,10/27/2025,P
129571,102,10/27/2025,P
129682,101,10/27/2025,P
129936,101,10/27/2025,P
129979,102,10/27/2025,P
129992,101,10/27/2025,P
130030,101,10/27/2025,S
130216,101,10/27/2025,P
130582,101,10/27/2025,T
130762,101,10/27/2025,P
130804,102,10/27/2025,P
130997,102,10/27/2025,P
131196,102,10/27/2025,P
131384,102,10/27/2025,A
131401,101,10/27/2025,P
131404,102,10/27/2025,P
131595,102,10/27/2025,P
131822,101,10/27/2025,P
132081,102,10/27/2025,P
132131,101,10/27/2025,P
132171,102,10/27/2025,P
132180,102,10/27/2025,P
132242,101,10/27/2025,P
132581,102,10/27/2025,P
132608,101,10/27/2025,P
132664,102,10/27/2025,P
132666,101,10/27/2025,P
132892,101,10/27/2025,P
132932,102,10/27/2025,P
133077,102,10/27/2025,P
133184,101,10/27/2025,P
133272,102,10/27/2025,P
133448,102,10/27/2025,P
133506,101,10/27/2025,P
133542,102,10/27/2025,P
133616,102,10/27/2025,P
133658,101,10/27/2025,P
133762,101,10/27/2025,P
133946,101,10/27/2025,P
134080,101,10/27/2025,P
134268,102,10/27/2025,P
134289,102,10/27/2025,P
134383,101,10/27/2025,P
135262,102,10/27/2025,P
135758,101,10/27/2025,P
135769,101,10/27/2025,P
135812,102,10/27/2025,P
135821,102,10/27/2025,P
135901,101,10/27/2025,P
135923,101,10/27/2025,P
136336,102,10/27/2025,P
136474,101,10/27/2025,P
136533,101,10/27/2025,P
136558,102,10/27/2025,P
136686,102,10/27/2025,P
136962,101,10/27/2025,P
137523,102,10/27/2025,P
137636,101,10/27/2025,P
137717,102,10/27/2025,P
137842,102,10/27/2025,P
138052,102,10/27/2025,P
138211,102,10/27/2025,P
138385,101,10/27/2025,A
138406,102,10/27/2025,P
138438,102,10/27/2025,P
138530,101,10/27/2025,P
139142,101,10/27/2025,P
139199,101,10/27/2025,P
139332,102,10/27/2025,P
139389,102,10/27/2025,P
139985,102,10/27/2025,P
100014,101,10/28/2025,P
100166,102,10/28/2025,P
100336,101,10/28/2025,P
100607,102,10/28/2025,P
100752,102,10/28/2025,P
100926,101,10/28/2025,P
101621,101,10/28/2025,P
101663,101,10/28/2025,P
101676,101,10/28/2025,P
101690,102,10/28/2025,P
102169,102,10/28/2025,P
102203,101,10/28/2025,P
102926,102,10/28/2025,P
103203,101,10/28/2025,P
103366,101,10/28/2025,P
104213,102,10/28/2025,P
104812,101,10/28/2025,P
105001,102,10/28/2025,P
105290,102,10/28/2025,P
105443,101,10/28/2025,P
105533,101,10/28/2025,P
105876,102,10/28/2025,P
105943,101,10/28/2025,P
106040,102,10/28/2025,A
106334,101,10/28/2025,P
106425,102,10/28/2025,P
106447,101,10/28/2025,P
106722,101,10/28/2025,P
106726,102,10/28/2025,P
106955,102,10/28/2025,P
107257,102,10/28/2025,T
107631,101,10/28/2025,P
107806,101,10/28/2025,P
107917,101,10/28/2025,P
107954,101,10/28/2025,P
107996,102,10/28/2025,P
108454,101,10/28/2025,A
108599,101,10/28/2025,P
108838,102,10/28/2025,P
108870,101,10/28/2025,P
109233,102,10/28/2025,P
109333,101,10/28/2025,P
109591,102,10/28/2025,P
109734,101,10/28/2025,P
109820,101,10/28/2025,P
110142,102,10/28/2025,P
110493,102,10/28/2025,P
111996,102,10/28/2025,P
112752,101,10/28/2025,P
112890,102,10/28/2025,P
113028,101,10/28/2025,P
113096,101,10/28/2025,E
113273,102,10/28/2025,P
113777,102,10/28/2025,P
114609,101,10/28/2025,P
114633,102,10/28/2025,P
114714,101,10/28/2025,P
115002,101,10/28/2025,P
115724,102,10/28/2025,P
116242,102,10/28/2025,P
116449,101,10/28/2025,P
116483,101,10/28/2025,T
116950,102,10/28/2025,P
116962,101,10/28/2025,T
117046,101,10/28/2025,P
117463,102,10/28/2025,P
117598,102,10/28/2025,P
117631,101,10/28/2025,P
118824,101,10/28/2025,P
118848,101,10/28/2025,P
119009,101,10/28/2025,A
119050,102,10/28/2025,P
119144,102,10/28/2025,P
119292,102,10/28/2025,P
119901,101,10/28/2025,P
120054,101,10/28/2025,P
120160,101,10/28/2025,P
120250,101,10/28/2025,P
120541,102,10/28/2025,P
120593,102,10/28/2025,P
120752,101,10/28/2025,P
120937,102,10/28/2025,T
121367,102,10/28/2025,P
121480,101,10/28/2025,P
122308,101,10/28/2025,P
122742,101,10/28/2025,P
122784,102,10/28/2025,P
123160,102,10/28/2025,P
123372,101,10/28/2025,P
123412,101,10/28/2025,P
123588,101,10/28/2025,P
123825,101,10/28/2025,P
124172,101,10/28/2025,P
124256,101,10/28/2025,P
124641,101,10/28/2025,P
124664,101,10/28/2025,P
125516,102,10/28/2025,P
125585,102,10/28/2025,P
126032,101,10/28/2025,P
126093,102,10/28/2025,P
126134,101,10/28/2025,P
126342,101,10/28/2025,P
126350,102,10/28/2025,P
126955,101,10/28/2025,P
127003,102,10/28/2025,P
127379,101,10/28/2025,P
127522,102,10/28/2025,P
127565,102,10/28/2025,T
127670,102,10/28/2025,P
127881,102,10/28/2025,P
127903,102,10/28/2025,A
128141,102,10/28/2025,P
128381,102,10/28/2025,P
128457,101,10/28/2025,P
128734,101,10/28/2025,p
128907,101,10/28/2025,P
129451,102,10/28/2025,P
129468,102,10/28/2025,P
129500,101,10/28/2025,P
129571,102,10/28/2025,P
129682,101,10/28/2025,P
129936,101,10/28/2025,P
129979,102,10/28/2025,P
129992,101,10/28/2025,P
130030,101,10/28/2025,P
130216,101,10/28/2025,E
130582,101,10/28/2025,P
130762,101,10/28/2025,P
130804,102,10/28/2025,P
130997,102,10/28/2025,P
131196,102,10/28/2025,P
131384,102,10/28/2025,P
131401,101,10/28/2025,P
131404,102,10/28/2025,P
131595,102,10/28/2025,p
131822,101,10/28/2025,P
132081,102,10/28/2025,P
132131,101,10/28/2025,P
132171,102,10/28/2025,E
132180,102,10/28/2025,P
132242,101,10/28/2025,P
132581,102,10/28/2025,P
132608,101,10/28/2025,P
132664,102,10/28/2025,P
132666,101,10/28/2025,P
132892,101,10/28/2025,P
132932,102,10/28/2025,P
133077,102,10/28/2025,P
133184,101,10/28/2025,P
133272,102,10/28/2025,P
133448,102,10/28/2025,P
133506,101,10/28/2025,P
133542,102,10/28/2025,P
133616,102,10/28/2025,A
133658,101,10/28/2025,P
133762,101,10/28/2025,P
133946,101,10/28/2025,P
134080,101,10/28/2025,P
134268,102,10/28/2025,P
134289,102,10/28/2025,P
134383,101,10/28/2025,P
135262,102,10/28/2025,P
135758,101,10/28/2025,P
135769,101,10/28/2025,P
135812,102,10/28/2025,P
135821,102,10/28/2025,P
135901,101,10/28/2025,P
135923,101,10/28/2025,P
136336,102,10/28/2025,P
136474,101,10/28/2025,P
136533,101,10/28/2025,P
136558,102,10/28/2025,P
136686,102,10/28/2025,P
136962,101,10/28/2025,P
137523,102,10/28/2025,P
137636,101,10/28/2025,P
137717,102,10/28/2025,P
137842,102,10/28/2025,P
138052,102,10/28/2025,P
138211,102,10/28/2025,P
138385,101,10/28/2025,A
138406,102,10/28/2025,P
138438,102,10/28/2025,P
138530,101,10/28/2025,P
139142,101,10/28/2025,P
139199,101,10/28/2025,P
139332,102,10/28/2025,P
139389,102,10/28/2025,P
139985,102,10/28/2025,P
100014,101,10/29/2025,E
100166,102,10/29/2025,P
100336,101,10/29/2025,P
100607,102,10/29/2025,P
100752,102,10/29/2025,P
100926,101,10/29/2025,P
101621,101,10/29/2025,P
101663,101,10/29/2025,S
101676,101,10/29/2025,P
101690,102,10/29/2025,P
102169,102,10/29/2025,E
102203,101,10/29/2025,P
102926,102,10/29/2025,P
103203,101,10/29/2025,P
103366,101,10/29/2025,P
104213,102,10/29/2025,P
104812,101,10/29/2025,P
105001,102,10/29/2025,P
105290,102,10/29/2025,P
105443,101,10/29/2025,P
105533,101,10/29/2025,P
105876,102,10/29/2025,P
105943,101,10/29/2025,P
106040,102,10/29/2025,T
106334,101,10/29/2025,P
106425,102,10/29/2025,P
106447,101,10/29/2025,P
106722,101,10/29/2025,E
106726,102,10/29/2025,P
106955,102,10/29/2025,P
107257,102,10/29/2025,P
107631,101,10/29/2025,P
107806,101,10/29/2025,P
107917,101,10/29/2025,E
107954,101,10/29/2025,A
107996,102,10/29/2025,P
108454,101,10/29/2025,P
108599,101,10/29/2025,P
108838,102,10/29/2025,P
108870,101,10/29/2025,P
109233,102,10/29/2025,P
109333,101,10/29/2025,P
109591,102,10/29/2025,T
109734,101,10/29/2025,A
109820,101,10/29/2025,P
110142,102,10/29/2025,P
110493,102,10/29/2025,P
111996,102,10/29/2025,A
112752,101,10/29/2025,P
112890,102,10/29/2025,P
113028,101,10/29/2025,P
113096,101,10/29/2025,P
113273,102,10/29/2025,P
113777,102,10/29/2025,P
114609,101,10/29/2025,P
114633,102,10/29/2025,P
114714,101,10/29/2025,E
115002,101,10/29/2025,P
115724,102,10/29/2025,P
116242,102,10/29/2025,P
116449,101,10/29/2025,P
116483,101,10/29/2025,A
116950,102,10/29/2025,P
116962,101,10/29/2025,P
117046,101,10/29/2025,P
117463,102,10/29/2025,P
117598,102,10/29/2025,P
117631,101,10/29/2025,P
118824,101,10/29/2025,P
118848,101,10/29/2025,P
119009,101,10/29/2025,E
119050,102,10/29/2025,P
119144,102,10/29/2025,P
119292,102,10/29/2025,P
119901,101,10/29/2025,P
120054,101,10/29/2025,P
120160,101,10/29/2025,P
120250,101,10/29/2025,P
120541,102,10/29/2025,P
120593,102,10/29/2025,P
120752,101,10/29/2025,P
120937,102,10/29/2025,A
121367,102,10/29/2025,P
121480,101,10/29/2025,P
122308,101,10/29/2025,P
122742,101,10/29/2025,P
122784,102,10/29/2025,P
123160,102,10/29/2025,P
123372,101,10/29/2025,P
123412,101,10/29/2025,P
123588,101,10/29/2025,P
123825,101,10/29/2025,T
124172,101,10/29/2025,A
124256,101,10/29/2025,P
124641,101,10/29/2025,P
124664,101,10/29/2025,A
125516,102,10/29/2025,P
125585,102,10/29/2025,P
126032,101,10/29/2025,P
126093,102,10/29/2025,P
126134,101,10/29/2025,P
126342,101,10/29/2025,P
126350,102,10/29/2025,P
126955,101,10/29/2025,P
127003,102,10/29/2025,P
127379,101,10/29/2025,P
127522,102,10/29/2025,P
127565,102,10/29/2025,P
127670,102,10/29/2025,P
127881,102,10/29/2025,P
127903,102,10/29/2025,P
128141,102,10/29/2025,P
128381,102,10/29/2025,P
128457,101,10/29/2025,P
128734,101,10/29/2025,P
128907,101,10/29/2025,P
129451,102,10/29/2025,P
129468,102,10/29/2025,P
129500,101,10/29/2025,P
129571,102,10/29/2025,P
129682,101,10/29/2025,P
129936,101,10/29/2025,P
129979,102,10/29/2025,T
129992,101,10/29/2025,P
130030,101,10/29/2025,P
130216,101,10/29/2025,P
130582,101,10/29/2025,P
130762,101,10/29/2025,P
130804,102,10/29/2025,P
130997,102,10/29/2025,P
131196,102,10/29/2025,P
131384,102,10/29/2025,S
131401,101,10/29/2025,P
131404,102,10/29/2025,T
131595,102,10/29/2025,P
131822,101,10/29/2025,P
132081,102,10/29/2025,P
132131,101,10/29/2025,P
132171,102,10/29/2025,P
132180,102,10/29/2025,P
132242,101,10/29/2025,P
132581,102,10/29/2025,P
132608,101,10/29/2025,P
132664,102,10/29/2025,P
132666,101,10/29/2025,P
132892,101,10/29/2025,P
132932,102,10/29/2025,E
133077,102,10/29/2025,P
133184,101,10/29/2025,P
133272,102,10/29/2025,P
133448,102,10/29/2025,P
133506,101,10/29/2025,P
133542,102,10/29/2025,P
133616,102,10/29/2025,P
133658,101,10/29/2025,P
133762,101,10/29/2025,A
133946,101,10/29/2025,P
134080,101,10/29/2025,P
134268,102,10/29/2025,P
134289,102,10/29/2025,P
134383,101,10/29/2025,P
135262,102,10/29/2025,P
135758,101,10/29/2025,P
135769,101,10/29/2025,P
135812,102,10/29/2025,P
135821,102,10/29/2025,P
135901,101,10/29/2025,P
135923,101,10/29/2025,P
136336,102,10/29/2025,P
136474,101,10/29/2025,P
136533,101,10/29/2025,P
136558,102,10/29/2025,P
136686,102,10/29/2025,P
136962,101,10/29/2025,P
137523,102,10/29/2025,P
137636,101,10/29/2025,P
137717,102,10/29/2025,P
137842,102,10/29/2025,P
138052,102,10/29/2025,P
138211,102,10/29/2025,P
138385,101,10/29/2025,A
138406,102,10/29/2025,P
138438,102,10/29/2025,P
138530,101,10/29/2025,P
139142,101,10/29/2025,P
139199,101,10/29/2025,P
139332,102,10/29/2025,P
139389,102,10/29/2025,P
139985,102,10/29/2025,P
100014,101,10/30/2025,P
100166,102,10/30/2025,P
100336,101,10/30/2025,P
100607,102,10/30/2025,P
100752,102,10/30/2025,P
100926,101,10/30/2025,P
101621,101,10/30/2025,P
101663,101,10/30/2025,P
101676,101,10/30/2025,T
101690,102,10/30/2025,P
102169,102,10/30/2025,P
102203,101,10/30/2025,P
102926,102,10/30/2025,P
103203,101,10/30/2025,P
103366,101,10/30/2025,P
104213,102,10/30/2025,E
104812,101,10/30/2025,P
105001,102,10/30/2025,P
105290,102,10/30/2025,P
105443,101,10/30/2025,P
105533,101,10/30/2025,P
105876,102,10/30/2025,P
105943,101,10/30/2025,P
106040,102,10/30/2025,P
106334,101,10/30/2025,P
106425,102,10/30/2025,P
106447,101,10/30/2025,P
106722,101,10/30/2025,P
106726,102,10/30/2025,P
106955,102,10/30/2025,P
107257,102,10/30/2025,p
107631,101,10/30/2025,P
107806,101,10/30/2025,P
107917,101,10/30/2025,P
107954,101,10/30/2025,E
107996,102,10/30/2025,P
108454,101,10/30/2025,P
108599,101,10/30/2025,P
108838,102,10/30/2025,P
108870,101,10/30/2025,P
109233,102,10/30/2025,P
109333,101,10/30/2025,P
109591,102,10/30/2025,P
109734,101,10/30/2025,P
109820,101,10/30/2025,P
110142,102,10/30/2025,P
110493,102,10/30/2025,P
111996,102,10/30/2025,P
112752,101,10/30/2025,P
112890,102,10/30/2025,P
113028,101,10/30/2025,P
113096,101,10/30/2025,A
113273,102,10/30/2025,P
113777,102,10/30/2025,T
114609,101,10/30/2025,P
114633,102,10/30/2025,P
114714,101,10/30/2025,P
115002,101,10/30/2025,P
115724,102,10/30/2025,P
116242,102,10/30/2025,T
116449,101,10/30/2025,P
116483,101,10/30/2025,P
116950,102,10/30/2025,P
116962,101,10/30/2025,T
117046,101,10/30/2025,P
117463,102,10/30/2025,P
117598,102,10/30/2025,P
117631,101,10/30/2025,P
118824,101,10/30/2025,P
118848,101,10/30/2025,P
119009,101,10/30/2025,P
119050,102,10/30/2025,P
119144,102,10/30/2025,P
119292,102,10/30/2025,P
119901,101,10/30/2025,P
120054,101,10/30/2025,P
120160,101,10/30/2025,P
120250,101,10/30/2025,P
120541,102,10/30/2025,P
120593,102,10/30/2025,P
120752,101,10/30/2025,P
120937,102,10/30/2025,P
121367,102,10/30/2025,P
121480,101,10/30/2025,P
122308,101,10/30/2025,E
122742,101,10/30/2025,P
122784,102,10/30/2025,P
123160,102,10/30/2025,P
123372,101,10/30/2025,P
123412,101,10/30/2025,E
123588,101,10/30/2025,P
123825,101,10/30/2025,P
124172,101,10/30/2025,P
124256,101,10/30/2025,A
124641,101,10/30/2025,P
124664,101,10/30/2025,P
125516,102,10/30/2025,P
125585,102,10/30/2025,P
126032,101,10/30/2025,P
126093,102,10/30/2025,P
126134,101,10/30/2025,P
126342,101,10/30/2025,P
126350,102,10/30/2025,P
126955,101,10/30/2025,P
127003,102,10/30/2025,P
127379,101,10/30/2025,P
127522,102,10/30/2025,P
127565,102,10/30/2025,P
127670,102,10/30/2025,P
127881,102,10/30/2025,P
127903,102,10/30/2025,P
128141,102,10/30/2025,P
128381,102,10/30/2025,P
128457,101,10/30/2025,P
128734,101,10/30/2025,P
128907,101,10/30/2025,P
129451,102,10/30/2025,P
129468,102,10/30/2025,P
129500,101,10/30/2025,P
129571,102,10/30/2025,P
129682,101,10/30/2025,P
129936,101,10/30/2025,P
129979,102,10/30/2025,T
129992,101,10/30/2025,P
130030,101,10/30/2025,P
130216,101,10/30/2025,P
130582,101,10/30/2025,P
130762,101,10/30/2025,P
130804,102,10/30/2025,P
130997,102,10/30/2025,P
131196,102,10/30/2025,P
131384,102,10/30/2025,P
131401,101,10/30/2025,P
131404,102,10/30/2025,P
131595,102,10/30/2025,P
131822,101,10/30/2025,P
132081,102,10/30/2025,P
132131,101,10/30/2025,P
132171,102,10/30/2025,P
132180,102,10/30/2025,P
132242,101,10/30/2025,P
132581,102,10/30/2025,P
132608,101,10/30/2025,P
132664,102,10/30/2025,P
132666,101,10/30/2025,P
132892,101,10/30/2025,P
132932,102,10/30/2025,E
133077,102,10/30/2025,P
133184,101,10/30/2025,P
133272,102,10/30/2025,P
133448,102,10/30/2025,P
133506,101,10/30/2025,P
133542,102,10/30/2025,P
133616,102,10/30/2025,P
133658,101,10/30/2025,P
133762,101,10/30/2025,E
133946,101,10/30/2025,P
134080,101,10/30/2025,P
134268,102,10/30/2025,P
134289,102,10/30/2025,P
134383,101,10/30/2025,P
135262,102,10/30/2025,P
135758,101,10/30/2025,P
135769,101,10/30/2025,P
135812,102,10/30/2025,P
135821,102,10/30/2025,P
135901,101,10/30/2025,P
135923,101,10/30/2025,P
136336,102,10/30/2025,P
136474,101,10/30/2025,P
136533,101,10/30/2025,P
136558,102,10/30/2025,A
136686,102,10/30/2025,P
136962,101,10/30/2025,P
137523,102,10/30/2025,P
137636,101,10/30/2025,P
137717,102,10/30/2025,P
137842,102,10/30/2025,P
138052,102,10/30/2025,p
138211,102,10/30/2025,P
138406,102,10/30/2025,P
138438,102,10/30/2025,P
138530,101,10/30/2025,P
139142,101,10/30/2025,P
139199,101,10/30/2025,P
139332,102,10/30/2025,P
139389,102,10/30/2025,P
139985,102,10/30/2025,P
100014,101,11/03/2025,P
100166,102,11/03/2025,P
100336,101,11/03/2025,P
100607,102,11/03/2025,P
100752,102,11/03/2025,P
100919,102,11/03/2025,P
100926,101,11/03/2025,P
101621,101,11/03/2025,P
101663,101,11/03/2025,P
101676,101,11/03/2025,P
101690,102,11/03/2025,P
102169,102,11/03/2025,P
102203,101,11/03/2025,P
102926,102,11/03/2025,P
103203,101,11/03/2025,P
103366,101,11/03/2025,E
104213,102,11/03/2025,P
104812,101,11/03/2025,E
105001,102,11/03/2025,P
105290,102,11/03/2025,T
105443,101,11/03/2025,P
105533,101,11/03/2025,P
105876,102,11/03/2025,P
105943,101,11/03/2025,P
106040,102,11/03/2025,P
106334,101,11/03/2025,P
106425,102,11/03/2025,P
106447,101,11/03/2025,P
106722,101,11/03/2025,P
106726,102,11/03/2025,P
106955,102,11/03/2025,P
107257,102,11/03/2025,P
107631,101,11/03/2025,P
107806,101,11/03/2025,P
107917,101,11/03/2025,P
107954,101,11/03/2025,E
107996,102,11/03/2025,P
108454,101,11/03/2025,T
108599,101,11/03/2025,P
108838,102,11/03/2025,T
108870,101,11/03/2025,P
109233,102,11/03/2025,P
109333,101,11/03/2025,P
109591,102,11/03/2025,P
109734,101,11/03/2025,P
109820,101,11/03/2025,T
110142,102,11/03/2025,P
110493,102,11/03/2025,A
111996,102,11/03/2025,A
112752,101,11/03/2025,P
112890,102,11/03/2025,P
113028,101,11/03/2025,P
113096,101,11/03/2025,E
113273,102,11/03/2025,P
113777,102,11/03/2025,P
114609,101,11/03/2025,P
114633,102,11/03/2025,P
114714,101,11/03/2025,P
115002,101,11/03/2025,P
115724,102,11/03/2025,P
116242,102,11/03/2025,P
116449,101,11/03/2025,P
116483,101,11/03/2025,P
116950,102,11/03/2025,P
116962,101,11/03/2025,P
117046,101,11/03/2025,P
117463,102,11/03/2025,P
117598,102,11/03/2025,P
117631,101,11/03/2025,P
118824,101,11/03/2025,P
118848,101,11/03/2025,P
119009,101,11/03/2025,P
119050,102,11/03/2025,P
119144,102,11/03/2025,P
119292,102,11/03/2025,T
119901,101,11/03/2025,p
120054,101,11/03/2025,P
120160,101,11/03/2025,P
120250,101,11/03/2025,P
120541,102,11/03/2025,P
120593,102,11/03/2025,P
120752,101,11/03/2025,P
120937,102,11/03/2025,P
121367,102,11/03/2025,P
121480,101,11/03/2025,P
122308,101,11/03/2025,P
122742,101,11/03/2025,P
122784,102,11/03/2025,P
123160,102,11/03/2025,T
123372,101,11/03/2025,T
123412,101,11/03/2025,T
123588,101,11/03/2025,P
123825,101,11/03/2025,P
124172,101,11/03/2025,P
124256,101,11/03/2025,P
124641,101,11/03/2025,P
124664,101,11/03/2025,P
125516,102,11/03/2025,P
125585,102,11/03/2025,P
126032,101,11/03/2025,P
126093,102,11/03/2025,P
126134,101,11/03/2025,P
126342,101,11/03/2025,P
126350,102,11/03/2025,P
126955,101,11/03/2025,E
127003,102,11/03/2025,P
127379,101,11/03/2025,P
127522,102,11/03/2025,P
127565,102,11/03/2025,T
127670,102,11/03/2025,P
127881,102,11/03/2025,P
127903,102,11/03/2025,E
128141,102,11/03/2025,P
128381,102,11/03/2025,P
128457,101,11/03/2025,P
128734,101,11/03/2025,P
128907,101,11/03/2025,P
129451,102,11/03/2025,P
129468,102,11/03/2025,P
129500,101,11/03/2025,P
129571,102,11/03/2025,P
129682,101,11/03/2025,P
129936,101,11/03/2025,P
129979,102,11/03/2025,P
129992,101,11/03/2025,P
130030,101,11/03/2025,P
130216,101,11/03/2025,P
130582,101,11/03/2025,P
130762,101,11/03/2025,P
130804,102,11/03/2025,P
130997,102,11/03/2025,P
131196,102,11/03/2025,P
131384,102,11/03/2025,P
131401,101,11/03/2025,P
131404,102,11/03/2025,T
131595,102,11/03/2025,P
131822,101,11/03/2025,P
132081,102,11/03/2025,P
132131,101,11/03/2025,P
132171,102,11/03/2025,P
132180,102,11/03/2025,P
132242,101,11/03/2025,P
132581,102,11/03/2025,P
132608,101,11/03/2025,P
132664,102,11/03/2025,P
132666,101,11/03/2025,A
132892,101,11/03/2025,P
132932,102,11/03/2025,P
133077,102,11/03/2025,P
133184,101,11/03/2025,P
133272,102,11/03/2025,P
133448,102,11/03/2025,P
133506,101,11/03/2025,P
133542,102,11/03/2025,P
133616,102,11/03/2025,A
133658,101,11/03/2025,T
133762,101,11/03/2025,P
133946,101,11/03/2025,P
134080,101,11/03/2025,P
134268,102,11/03/2025,P
134289,102,11/03/2025,E
134383,101,11/03/2025,P
135262,102,11/03/2025,P
135758,101,11/03/2025,P
135769,101,11/03/2025,P
135812,102,11/03/2025,E
135821,102,11/03/2025,P
135901,101,11/03/2025,P
135923,101,11/03/2025,p
136336,102,11/03/2025,T
136474,101,11/03/2025,P
136533,101,11/03/2025,P
136558,102,11/03/2025,P
136686,102,11/03/2025,P
136962,101,11/03/2025,P
137523,102,11/03/2025,P
137636,101,11/03/2025,P
137717,102,11/03/2025,P
137842,102,11/03/2025,P
138052,102,11/03/2025,P
138211,102,11/03/2025,P
138406,102,11/03/2025,P
138438,102,11/03/2025,P
138530,101,11/03/2025,P
139142,101,11/03/2025,P
139199,101,11/03/2025,P
139332,102,11/03/2025,P
139389,102,11/03/2025,P
139985,102,11/03/2025,P
100014,101,11/04/2025,P
100166,102,11/04/2025,P
100336,101,11/04/2025,T
100607,102,11/04/2025,P
100752,102,11/04/2025,P
100919,102,11/04/2025,P
100926,101,11/04/2025,P
101621,101,11/04/2025,P
101663,101,11/04/2025,T
101676,101,11/04/2025,P
101690,102,11/04/2025,P
102169,102,11/04/2025,P
102203,101,11/04/2025,P
102926,102,11/04/2025,P
103203,101,11/04/2025,P
103366,101,11/04/2025,A
104213,102,11/04/2025,P
104812,101,11/04/2025,P
105001,102,11/04/2025,P
105290,102,11/04/2025,P
105443,101,11/04/2025,P
105533,101,11/04/2025,P
105876,102,11/04/2025,P
105943,101,11/04/2025,P
106040,102,11/04/2025,P
106334,101,11/04/2025,P
106425,102,11/04/2025,P
106447,101,11/04/2025,P
106722,101,11/04/2025,P
106726,102,11/04/2025,P
106955,102,11/04/2025,P
107257,102,11/04/2025,P
107631,101,11/04/2025,P
107806,101,11/04/2025,P
107917,101,11/04/2025,P
107954,101,11/04/2025,P
107996,102,11/04/2025,P
108454,101,11/04/2025,P
108599,101,11/04/2025,P
108838,102,11/04/2025,P
108870,101,11/04/2025,P
109233,102,11/04/2025,P
109333,101,11/04/2025,P
109591,102,11/04/2025,P
109734,101,11/04/2025,P
109820,101,11/04/2025,P
110142,102,11/04/2025,P
110493,102,11/04/2025,P
111996,102,11/04/2025,E
112752,101,11/04/2025,P
112890,102,11/04/2025,P
113028,101,11/04/2025,P
113096,101,11/04/2025,P
113273,102,11/04/2025,A
113777,102,11/04/2025,P
114609,101,11/04/2025,P
114633,102,11/04/2025,E
114714,101,11/04/2025,P
115002,101,11/04/2025,P
115724,102,11/04/2025,T
116242,102,11/04/2025,P
116449,101,11/04/2025,P
116483,101,11/04/2025,P
116950,102,11/04/2025,P
116962,101,11/04/2025,P
117046,101,11/04/2025,P
117463,102,11/04/2025,P
117598,102,11/04/2025,P
117631,101,11/04/2025,P
118824,101,11/04/2025,P
118848,101,11/04/2025,A
119009,101,11/04/2025,P
119050,102,11/04/2025,P
119144,102,11/04/2025,T
119292,102,11/04/2025,P
119901,101,11/04/2025,P
120054,101,11/04/2025,P
120160,101,11/04/2025,P
120250,101,11/04/2025,P
120541,102,11/04/2025,P
120593,102,11/04/2025,P
120752,101,11/04/2025,P
120937,102,11/04/2025,P
121367,102,11/04/2025,E
121480,101,11/04/2025,P
122308,101,11/04/2025,P
122742,101,11/04/2025,A
122784,102,11/04/2025,P
123160,102,11/04/2025,P
123372,101,11/04/2025,P
123412,101,11/04/2025,P
123588,101,11/04/2025,P
123825,101,11/04/2025,P
124172,101,11/04/2025,P
124256,101,11/04/2025,P
124641,101,11/04/2025,P
124664,101,11/04/2025,P
125516,102,11/04/2025,P
125585,102,11/04/2025,P
126032,101,11/04/2025,P
126093,102,11/04/2025,S
126134,101,11/04/2025,P
126342,101,11/04/2025,P
126350,102,11/04/2025,P
126955,101,11/04/2025,P
127003,102,11/04/2025,P
127379,101,11/04/2025,P
127522,102,11/04/2025,P
127565,102,11/04/2025,P
127670,102,11/04/2025,P
127881,102,11/04/2025,T
127903,102,11/04/2025,E
128141,102,11/04/2025,P
128381,102,11/04/2025,P
128457,101,11/04/2025,P
128734,101,11/04/2025,P
128907,101,11/04/2025,P
129451,102,11/04/2025,P
129468,102,11/04/2025,P
129500,101,11/04/2025,P
129571,102,11/04/2025,P
129682,101,11/04/2025,P
129936,101,11/04/2025,P
129979,102,11/04/2025,P
129992,101,11/04/2025,P
130030,101,11/04/2025,P
130216,101,11/04/2025,P
130582,101,11/04/2025,P
130762,101,11/04/2025,P
130804,102,11/04/2025,P
130997,102,11/04/2025,P
131196,102,11/04/2025,P
131384,102,11/04/2025,P
131401,101,11/04/2025,P
131404,102,11/04/2025,P
131595,102,11/04/2025,P
131822,101,11/04/2025,P
132081,102,11/04/2025,P
132131,101,11/04/2025,P
132171,102,11/04/2025,P
132180,102,11/04/2025,P
132242,101,11/04/2025,P
132581,102,11/04/2025,P
132608,101,11/04/2025,P
132664,102,11/04/2025,A
132666,101,11/04/2025,P
132892,101,11/04/2025,P
132932,102,11/04/2025,T
133077,102,11/04/2025,P
133184,101,11/04/2025,P
133272,102,11/04/2025,P
133448,102,11/04/2025,P
133506,101,11/04/2025,P
133542,102,11/04/2025,P
133616,102,11/04/2025,T
133658,101,11/04/2025,P
133762,101,11/04/2025,P
133946,101,11/04/2025,P
134080,101,11/04/2025,P
134268,102,11/04/2025,P
134289,102,11/04/2025,P
134383,101,11/04/2025,P
135262,102,11/04/2025,P
135758,101,11/04/2025,P
135769,101,11/04/2025,T
135812,102,11/04/2025,P
135821,102,11/04/2025,P
135901,101,11/04/2025,P
135923,101,11/04/2025,P
136336,102,11/04/2025,P
136474,101,11/04/2025,P
136533,101,11/04/2025,P
136558,102,11/04/2025,P
136686,102,11/04/2025,P
136962,101,11/04/2025,P
137523,102,11/04/2025,P
137636,101,11/04/2025,P
137717,102,11/04/2025,P
137842,102,11/04/2025,P
138052,102,11/04/2025,P
138211,102,11/04/2025,P
138406,102,11/04/2025,P
138438,102,11/04/2025,P
138530,101,11/04/2025,P
139142,101,11/04/2025,P
139199,101,11/04/2025,P
139332,102,11/04/2025,P
139389,102,11/04/2025,P
139985,102,11/04/2025,P
100014,101,11/05/2025,P
100166,102,11/05/2025,P
100336,101,11/05/2025,P
100607,102,11/05/2025,P
100752,102,11/05/2025,P
100919,102,11/05/2025,P
100926,101,11/05/2025,P
101621,101,11/05/2025,P
101663,101,11/05/2025,P
101676,101,11/05/2025,P
101690,102,11/05/2025,P
102169,102,11/05/2025,P
102203,101,11/05/2025,P
102926,102,11/05/2025,P
103203,101,11/05/2025,P
103366,101,11/05/2025,P
104213,102,11/05/2025,P
104812,101,11/05/2025,T
105001,102,11/05/2025,P
105290,102,11/05/2025,P
105443,101,11/05/2025,P
105533,101,11/05/2025,P
105876,102,11/05/2025,P
105943,101,11/05/2025,P
106040,102,11/05/2025,P
106334,101,11/05/2025,P
106425,102,11/05/2025,P
106447,101,11/05/2025,P
106722,101,11/05/2025,P
106726,102,11/05/2025,P
106955,102,11/05/2025,P
107257,102,11/05/2025,P
107631,101,11/05/2025,P
107806,101,11/05/2025,P
107917,101,11/05/2025,P
107954,101,11/05/2025,P
107996,102,11/05/2025,P
108454,101,11/05/2025,P
108599,101,11/05/2025,P
108838,102,11/05/2025,P
108870,101,11/05/2025,P
109233,102,11/05/2025,P
109333,101,11/05/2025,P
109591,102,11/05/2025,P
109734,101,11/05/2025,P
109820,101,11/05/2025,P
110142,102,11/05/2025,P
110493,102,11/05/2025,p
111996,102,11/05/2025,P
112752,101,11/05/2025,P
112890,102,11/05/2025,P
113028,101,11/05/2025,P
113096,101,11/05/2025,P
113273,102,11/05/2025,P
113777,102,11/05/2025,S
114609,101,11/05/2025,P
114633,102,11/05/2025,P
114714,101,11/05/2025,P
115002,101,11/05/2025,P
115724,102,11/05/2025,P
116242,102,11/05/2025,P
116449,101,11/05/2025,P
116483,101,11/05/2025,P
116950,102,11/05/2025,P
116962,101,11/05/2025,T
117046,101,11/05/2025,P
117463,102,11/05/2025,T
117598,102,11/05/2025,P
117631,101,11/05/2025,P
118824,101,11/05/2025,P
118848,101,11/05/2025,P
119009,101,11/05/2025,P
119050,102,11/05/2025,P
119144,102,11/05/2025,P
119292,102,11/05/2025,P
119901,101,11/05/2025,P
120054,101,11/05/2025,P
120160,101,11/05/2025,P
120250,101,11/05/2025,P
120541,102,11/05/2025,P
120593,102,11/05/2025,P
120752,101,11/05/2025,P
120937,102,11/05/2025,P
121367,102,11/05/2025,P
121480,101,11/05/2025,P
122308,101,11/05/2025,P
122742,101,11/05/2025,T
122784,102,11/05/2025,A
123160,102,11/05/2025,P
123372,101,11/05/2025,P
123412,101,11/05/2025,P
123588,101,11/05/2025,P
123825,101,11/05/2025,P
124172,101,11/05/2025,P
124256,101,11/05/2025,P
124641,101,11/05/2025,P
124664,101,11/05/2025,T
125516,102,11/05/2025,P
125585,102,11/05/2025,P
126032,101,11/05/2025,p
126093,102,11/05/2025,P
126134,101,11/05/2025,P
126342,101,11/05/2025,P
126350,102,11/05/2025,P
126955,101,11/05/2025,P
127003,102,11/05/2025,P
127379,101,11/05/2025,P
127522,102,11/05/2025,P
127565,102,11/05/2025,P
127670,102,11/05/2025,P
127881,102,11/05/2025,P
127903,102,11/05/2025,P
128141,102,11/05/2025,P
128381,102,11/05/2025,P
128457,101,11/05/2025,P
128734,101,11/05/2025,P
128907,101,11/05/2025,P
129451,102,11/05/2025,P
129468,102,11/05/2025,P
129500,101,11/05/2025,P
129571,102,11/05/2025,P
129682,101,11/05/2025,P
129936,101,11/05/2025,P
129979,102,11/05/2025,P
129992,101,11/05/2025,P
130030,101,11/05/2025,P
130216,101,11/05/2025,P
130582,101,11/05/2025,P
130762,101,11/05/2025,p
130804,102,11/05/2025,P
130997,102,11/05/2025,T
131196,102,11/05/2025,P
131384,102,11/05/2025,A
131401,101,11/05/2025,P
131404,102,11/05/2025,P
131595,102,11/05/2025,P
131822,101,11/05/2025,P
132081,102,11/05/2025,P
132131,101,11/05/2025,P
132171,102,11/05/2025,P
132180,102,11/05/2025,p
132242,101,11/05/2025,P
132581,102,11/05/2025,P
132608,101,11/05/2025,P
132664,102,11/05/2025,P
132666,101,11/05/2025,P
132892,101,11/05/2025,P
132932,102,11/05/2025,P
133077,102,11/05/2025,P
133184,101,11/05/2025,P
133272,102,11/05/2025,P
133448,102,11/05/2025,P
133506,101,11/05/2025,P
133542,102,11/05/2025,P
133616,102,11/05/2025,P
133658,101,11/05/2025,T
133762,101,11/05/2025,P
133946,101,11/05/2025,P
134080,101,11/05/2025,P
134268,102,11/05/2025,P
134289,102,11/05/2025,P
134383,101,11/05/2025,P
135262,102,11/05/2025,P
135758,101,11/05/2025,P
135769,101,11/05/2025,P
135812,102,11/05/2025,P
135821,102,11/05/2025,P
135901,101,11/05/2025,P
135923,101,11/05/2025,P
136336,102,11/05/2025,P
136474,101,11/05/2025,P
136533,101,11/05/2025,P
136558,102,11/05/2025,T
136686,102,11/05/2025,P
136962,101,11/05/2025,P
137523,102,11/05/2025,P
137636,101,11/05/2025,P
137717,102,11/05/2025,P
137842,102,11/05/2025,P
138052,102,11/05/2025,P
138211,102,11/05/2025,P
138406,102,11/05/2025,P
138438,102,11/05/2025,P
138530,101,11/05/2025,P
139142,101,11/05/2025,P
139199,101,11/05/2025,P
139332,102,11/05/2025,P
139389,102,11/05/2025,P
139985,102,11/05/2025,P
100014,101,11/06/2025,P
100166,102,11/06/2025,P
100336,101,11/06/2025,P
100607,102,11/06/2025,P
100752,102,11/06/2025,P
100919,102,11/06/2025,P
100926,101,11/06/2025,P
101621,101,11/06/2025,P
101663,101,11/06/2025,P
101676,101,11/06/2025,P
101690,102,11/06/2025,T
102169,102,11/06/2025,P
102203,101,11/06/2025,P
102926,102,11/06/2025,P
103203,101,11/06/2025,P
103366,101,11/06/2025,E
104213,102,11/06/2025,T
104812,101,11/06/2025,A
105001,102,11/06/2025,T
105290,102,11/06/2025,P
105443,101,11/06/2025,P
105533,101,11/06/2025,P
105876,102,11/06/2025,P
105943,101,11/06/2025,P
106040,102,11/06/2025,P
106334,101,11/06/2025,P
106425,102,11/06/2025,P
106447,101,11/06/2025,P
106722,101,11/06/2025,P
106726,102,11/06/2025,P
106955,102,11/06/2025,P
107257,102,11/06/2025,P
107631,101,11/06/2025,P
107806,101,11/06/2025,P
107917,101,11/06/2025,E
107954,101,11/06/2025,P
107996,102,11/06/2025,P
108454,101,11/06/2025,P
108599,101,11/06/2025,P
108838,102,11/06/2025,p
108870,101,11/06/2025,P
109233,102,11/06/2025,P
109333,101,11/06/2025,A
109591,102,11/06/2025,T
109734,101,11/06/2025,P
109820,101,11/06/2025,P
110142,102,11/06/2025,P
110493,102,11/06/2025,P
111996,102,11/06/2025,P
112752,101,11/06/2025,P
112890,102,11/06/2025,P
113028,101,11/06/2025,P
113096,101,11/06/2025,A
113273,102,11/06/2025,P
113777,102,11/06/2025,P
114609,101,11/06/2025,T
114633,102,11/06/2025,P
114714,101,11/06/2025,P
115002,101,11/06/2025,P
115724,102,11/06/2025,P
116242,102,11/06/2025,P
116449,101,11/06/2025,P
116483,101,11/06/2025,P
116950,102,11/06/2025,P
116962,101,11/06/2025,P
117046,101,11/06/2025,P
117463,102,11/06/2025,P
117598,102,11/06/2025,E
117631,101,11/06/2025,P
118824,101,11/06/2025,P
118848,101,11/06/2025,P
119009,101,11/06/2025,P
119050,102,11/06/2025,P
119144,102,11/06/2025,P
119292,102,11/06/2025,P
119901,101,11/06/2025,p
120054,101,11/06/2025,P
120160,101,11/06/2025,P
120250,101,11/06/2025,P
120541,102,11/06/2025,E
120593,102,11/06/2025,P
120752,101,11/06/2025,P
120937,102,11/06/2025,P
121367,102,11/06/2025,P
121480,101,11/06/2025,P
122308,101,11/06/2025,P
122742,101,11/06/2025,A
122784,102,11/06/2025,P
123160,102,11/06/2025,T
123372,101,11/06/2025,P
123412,101,11/06/2025,P
123588,101,11/06/2025,A
123825,101,11/06/2025,P
124172,101,11/06/2025,P
124256,101,11/06/2025,P
124641,101,11/06/2025,P
124664,101,11/06/2025,E
125516,102,11/06/2025,P
125585,102,11/06/2025,P
126032,101,11/06/2025,P
126093,102,11/06/2025,P
126134,101,11/06/2025,P
126342,101,11/06/2025,E
126350,102,11/06/2025,P
126955,101,11/06/2025,P
127003,102,11/06/2025,P
127379,101,11/06/2025,E
127522,102,11/06/2025,P
127565,102,11/06/2025,P
127670,102,11/06/2025,P
127881,102,11/06/2025,P
127903,102,11/06/2025,P
128141,102,11/06/2025,P
128381,102,11/06/2025,P
128457,101,11/06/2025,T
128734,101,11/06/2025,P
128907,101,11/06/2025,P
129451,102,11/06/2025,P
129468,102,11/06/2025,P
129500,101,11/06/2025,P
129571,102,11/06/2025,P
129682,101,11/06/2025,P
129936,101,11/06/2025,P
129979,102,11/06/2025,T
129992,101,11/06/2025,P
130030,101,11/06/2025,P
130216,101,11/06/2025,P
130582,101,11/06/2025,p
130762,101,11/06/2025,T
130804,102,11/06/2025,P
130997,102,11/06/2025,P
131196,102,11/06/2025,P
131384,102,11/06/2025,P
131401,101,11/06/2025,A
131404,102,11/06/2025,P
131595,102,11/06/2025,P
131822,101,11/06/2025,P
132081,102,11/06/2025,P
132131,101,11/06/2025,P
132171,102,11/06/2025,P
132180,102,11/06/2025,P
132242,101,11/06/2025,P
132581,102,11/06/2025,P
132608,101,11/06/2025,P
132664,102,11/06/2025,E
132666,101,11/06/2025,P
132892,101,11/06/2025,P
132932,102,11/06/2025,A
133077,102,11/06/2025,P
133184,101,11/06/2025,P
133272,102,11/06/2025,P
133448,102,11/06/2025,A
133506,101,11/06/2025,P
133542,102,11/06/2025,P
133616,102,11/06/2025,P
133658,101,11/06/2025,T
133762,101,11/06/2025,P
133946,101,11/06/2025,P
134080,101,11/06/2025,P
134268,102,11/06/2025,P
134289,102,11/06/2025,P
134383,101,11/06/2025,P
135262,102,11/06/2025,P
135758,101,11/06/2025,P
135769,101,11/06/2025,P
135812,102,11/06/2025,P
135821,102,11/06/2025,P
135901,101,11/06/2025,P
135923,101,11/06/2025,P
136336,102,11/06/2025,P
136474,101,11/06/2025,P
136533,101,11/06/2025,P
136558,102,11/06/2025,T
136686,102,11/06/2025,p
136962,101,11/06/2025,E
137523,102,11/06/2025,P
137636,101,11/06/2025,P
137717,102,11/06/2025,P
137842,102,11/06/2025,P
138052,102,11/06/2025,P
138211,102,11/06/2025,P
138406,102,11/06/2025,P
138438,102,11/06/2025,P
138530,101,11/06/2025,P
139142,101,11/06/2025,P
139199,101,11/06/2025,P
139332,102,11/06/2025,P
139389,102,11/06/2025,P
139985,102,11/06/2025,P
100014,101,11/07/2025,P
100166,102,11/07/2025,P
100336,101,11/07/2025,P
100607,102,11/07/2025,P
100752,102,11/07/2025,P
100919,102,11/07/2025,P
100926,101,11/07/2025,P
101621,101,11/07/2025,P
101663,101,11/07/2025,E
101676,101,11/07/2025,P
101690,102,11/07/2025,P
102169,102,11/07/2025,P
102203,101,11/07/2025,P
102926,102,11/07/2025,P
103203,101,11/07/2025,P
103366,101,11/07/2025,P
104213,102,11/07/2025,E
104812,101,11/07/2025,P
105001,102,11/07/2025,P
105290,102,11/07/2025,P
105443,101,11/07/2025,P
105533,101,11/07/2025,P
105876,102,11/07/2025,P
105943,101,11/07/2025,P
106040,102,11/07/2025,E
106334,101,11/07/2025,P
106425,102,11/07/2025,P
106447,101,11/07/2025,P
106722,101,11/07/2025,P
106726,102,11/07/2025,P
106955,102,11/07/2025,P
107257,102,11/07/2025,P
107631,101,11/07/2025,P
107806,101,11/07/2025,P
107917,101,11/07/2025,P
107954,101,11/07/2025,P
107996,102,11/07/2025,P
108454,101,11/07/2025,P
108599,101,11/07/2025,P
108838,102,11/07/2025,P
108870,101,11/07/2025,P
109233,102,11/07/2025,P
109333,101,11/07/2025,P
109591,102,11/07/2025,P
109734,101,11/07/2025,P
109820,101,11/07/2025,P
110142,102,11/07/2025,P
110493,102,11/07/2025,P
111996,102,11/07/2025,P
112752,101,11/07/2025,P
112890,102,11/07/2025,E
113028,101,11/07/2025,P
113096,101,11/07/2025,P
113273,102,11/07/2025,P
113777,102,11/07/2025,P
114609,101,11/07/2025,P
114633,102,11/07/2025,P
114714,101,11/07/2025,P
115002,101,11/07/2025,P
115724,102,11/07/2025,P
116242,102,11/07/2025,P
116449,101,11/07/2025,P
116483,101,11/07/2025,P
116950,102,11/07/2025,P
116962,101,11/07/2025,P
117046,101,11/07/2025,P
117463,102,11/07/2025,P
117598,102,11/07/2025,P
117631,101,11/07/2025,P
118824,101,11/07/2025,T
118848,101,11/07/2025,T
119009,101,11/07/2025,P
119050,102,11/07/2025,P
119144,102,11/07/2025,P
119292,102,11/07/2025,P
119901,101,11/07/2025,P
120054,101,11/07/2025,P
120160,101,11/07/2025,P
120250,101,11/07/2025,P
120541,102,11/07/2025,P
120593,102,11/07/2025,P
120752,101,11/07/2025,P
120937,102,11/07/2025,P
121367,102,11/07/2025,P
121480,101,11/07/2025,P
122308,101,11/07/2025,P
122742,101,11/07/2025,P
122784,102,11/07/2025,P
123160,102,11/07/2025,P
123372,101,11/07/2025,P
123412,101,11/07/2025,P
123588,101,11/07/2025,P
123825,101,11/07/2025,P
124172,101,11/07/2025,P
124256,101,11/07/2025,P
124641,101,11/07/2025,A
124664,101,11/07/2025,P
125516,102,11/07/2025,P
125585,102,11/07/2025,P
126032,101,11/07/2025,P
126093,102,11/07/2025,P
126134,101,11/07/2025,P
126342,101,11/07/2025,P
126350,102,11/07/2025,P
126955,101,11/07/2025,P
127003,102,11/07/2025,P
127379,101,11/07/2025,P
127522,102,11/07/2025,P
127565,102,11/07/2025,P
127670,102,11/07/2025,P
127881,102,11/07/2025,P
127903,102,11/07/2025,P
128141,102,11/07/2025,P
128381,102,11/07/2025,T
128457,101,11/07/2025,P
128734,101,11/07/2025,P
128907,101,11/07/2025,P
129451,102,11/07/2025,P
129468,102,11/07/2025,P
129500,101,11/07/2025,P
129571,102,11/07/2025,P
129682,101,11/07/2025,P
129936,101,11/07/2025,P
129979,102,11/07/2025,P
129992,101,11/07/2025,P
130030,101,11/07/2025,P
130216,101,11/07/2025,P
130582,101,11/07/2025,P
130762,101,11/07/2025,P
130804,102,11/07/2025,P
130997,102,11/07/2025,P
131196,102,11/07/2025,T
131384,102,11/07/2025,P
131401,101,11/07/2025,P
131404,102,11/07/2025,P
131595,102,11/07/2025,E
131822,101,11/07/2025,T
132081,102,11/07/2025,P
132131,101,11/07/2025,A
132171,102,11/07/2025,P
132180,102,11/07/2025,P
132242,101,11/07/2025,P
132581,102,11/07/2025,P
132608,101,11/07/2025,P
132664,102,11/07/2025,P
132666,101,11/07/2025,P
132892,101,11/07/2025,P
132932,102,11/07/2025,P
133077,102,11/07/2025,P
133184,101,11/07/2025,p
133272,102,11/07/2025,P
133448,102,11/07/2025,P
133506,101,11/07/2025,P
133542,102,11/07/2025,P
133616,102,11/07/2025,P
133658,101,11/07/2025,P
133762,101,11/07/2025,P
133946,101,11/07/2025,P
134080,101,11/07/2025,P
134268,102,11/07/2025,P
134289,102,11/07/2025,P
134383,101,11/07/2025,P
135262,102,11/07/2025,P
135758,101,11/07/2025,P
135769,101,11/07/2025,E
135812,102,11/07/2025,P
135821,102,11/07/2025,P
135901,101,11/07/2025,A
135923,101,11/07/2025,P
136336,102,11/07/2025,P
136474,101,11/07/2025,P
136533,101,11/07/2025,T
136558,102,11/07/2025,P
136686,102,11/07/2025,T
136962,101,11/07/2025,P
137523,102,11/07/2025,P
137636,101,11/07/2025,P
137717,102,11/07/2025,P
137842,102,11/07/2025,P
138052,102,11/07/2025,P
138211,102,11/07/2025,T
138406,102,11/07/2025,P
138438,102,11/07/2025,P
138530,101,11/07/2025,P
139142,101,11/07/2025,P
139199,101,11/07/2025,P
139332,102,11/07/2025,T
139389,102,11/07/2025,P
139985,102,11/07/2025,P
100014,101,11/10/2025,A
100166,102,11/10/2025,P
100336,101,11/10/2025,P
100607,102,11/10/2025,P
100752,102,11/10/2025,P
100919,102,11/10/2025,T
100926,101,11/10/2025,P
101621,101,11/10/2025,P
101663,101,11/10/2025,E
101676,101,11/10/2025,P
101690,102,11/10/2025,P
102169,102,11/10/2025,P
102203,101,11/10/2025,P
102926,102,11/10/2025,P
103203,101,11/10/2025,P
103366,101,11/10/2025,E
104213,102,11/10/2025,P
104812,101,11/10/2025,P
105001,102,11/10/2025,P
105290,102,11/10/2025,P
105443,101,11/10/2025,P
105533,101,11/10/2025,P
105876,102,11/10/2025,P
105943,101,11/10/2025,P
106040,102,11/10/2025,P
106334,101,11/10/2025,P
106425,102,11/10/2025,P
106447,101,11/10/2025,P
106722,101,11/10/2025,P
106726,102,11/10/2025,P
106955,102,11/10/2025,P
107257,102,11/10/2025,P
107631,101,11/10/2025,P
107806,101,11/10/2025,P
107917,101,11/10/2025,P
107954,101,11/10/2025,P
107996,102,11/10/2025,P
108454,101,11/10/2025,P
108599,101,11/10/2025,P
108838,102,11/10/2025,P
108870,101,11/10/2025,P
109233,102,11/10/2025,P
109333,101,11/10/2025,P
109591,102,11/10/2025,P
109734,101,11/10/2025,P
109820,101,11/10/2025,P
110142,102,11/10/2025,P
110493,102,11/10/2025,P
111996,102,11/10/2025,P
112752,101,11/10/2025,P
112890,102,11/10/2025,P
113028,101,11/10/2025,P
113096,101,11/10/2025,P
113273,102,11/10/2025,T
113777,102,11/10/2025,P
114609,101,11/10/2025,T
114633,102,11/10/2025,P
114714,101,11/10/2025,P
115002,101,11/10/2025,P
115724,102,11/10/2025,P
116242,102,11/10/2025,P
116449,101,11/10/2025,P
116483,101,11/10/2025,P
116950,102,11/10/2025,P
116962,101,11/10/2025,P
117046,101,11/10/2025,P
117463,102,11/10/2025,P
117598,102,11/10/2025,T
117631,101,11/10/2025,A
118824,101,11/10/2025,P
118848,101,11/10/2025,P
119009,101,11/10/2025,P
119050,102,11/10/2025,P
119144,102,11/10/2025,P
119292,102,11/10/2025,P
119901,101,11/10/2025,P
120054,101,11/10/2025,P
120160,101,11/10/2025,P
120250,101,11/10/2025,p
120541,102,11/10/2025,P
120593,102,11/10/2025,P
120752,101,11/10/2025,P
120937,102,11/10/2025,P
121367,102,11/10/2025,P
121480,101,11/10/2025,P
122308,101,11/10/2025,p
122742,101,11/10/2025,P
122784,102,11/10/2025,P
123160,102,11/10/2025,P
123372,101,11/10/2025,P
123412,101,11/10/2025,P
123588,101,11/10/2025,P
123825,101,11/10/2025,P
124172,101,11/10/2025,P
124256,101,11/10/2025,P
124641,101,11/10/2025,P
124664,101,11/10/2025,P
125516,102,11/10/2025,P
125585,102,11/10/2025,P
126032,101,11/10/2025,A
126093,102,11/10/2025,P
126134,101,11/10/2025,P
126342,101,11/10/2025,P
126350,102,11/10/2025,P
126955,101,11/10/2025,P
127003,102,11/10/2025,P
127379,101,11/10/2025,P
127522,102,11/10/2025,P
127565,102,11/10/2025,P
127670,102,11/10/2025,P
127881,102,11/10/2025,P
127903,102,11/10/2025,E
128141,102,11/10/2025,P
128381,102,11/10/2025,P
128457,101,11/10/2025,P
128734,101,11/10/2025,P
128907,101,11/10/2025,P
129451,102,11/10/2025,P
129468,102,11/10/2025,P
129500,101,11/10/2025,P
129571,102,11/10/2025,P
129682,101,11/10/2025,P
129936,101,11/10/2025,P
129979,102,11/10/2025,P
129992,101,11/10/2025,P
130030,101,11/10/2025,P
130216,101,11/10/2025,P
130582,101,11/10/2025,P
130762,101,11/10/2025,P
130804,102,11/10/2025,P
130997,102,11/10/2025,P
131196,102,11/10/2025,P
131384,102,11/10/2025,P
131401,101,11/10/2025,P
131595,102,11/10/2025,P
131822,101,11/10/2025,P
132081,102,11/10/2025,P
132131,101,11/10/2025,P
132171,102,11/10/2025,P
132180,102,11/10/2025,P
132242,101,11/10/2025,P
132581,102,11/10/2025,P
132608,101,11/10/2025,P
132664,102,11/10/2025,P
132666,101,11/10/2025,P
132892,101,11/10/2025,P
132932,102,11/10/2025,P
133077,102,11/10/2025,P
133184,101,11/10/2025,P
133272,102,11/10/2025,P
133448,102,11/10/2025,P
133506,101,11/10/2025,P
133542,102,11/10/2025,P
133616,102,11/10/2025,T
133658,101,11/10/2025,P
133762,101,11/10/2025,P
133946,101,11/10/2025,P
134080,101,11/10/2025,P
134268,102,11/10/2025,P
134289,102,11/10/2025,P
134383,101,11/10/2025,P
135262,102,11/10/2025,P
135758,101,11/10/2025,P
135769,101,11/10/2025,P
135812,102,11/10/2025,P
135821,102,11/10/2025,P
135901,101,11/10/2025,P
135923,101,11/10/2025,P
136336,102,11/10/2025,P
136474,101,11/10/2025,P
136533,101,11/10/2025,P
136558,102,11/10/2025,P
136686,102,11/10/2025,p
136962,101,11/10/2025,T
137523,102,11/10/2025,P
137636,101,11/10/2025,P
137717,102,11/10/2025,P
137842,102,11/10/2025,P
138052,102,11/10/2025,P
138211,102,11/10/2025,P
138406,102,11/10/2025,P
138438,102,11/10/2025,P
138530,101,11/10/2025,P
139142,101,11/10/2025,P
139199,101,11/10/2025,T
139332,102,11/10/2025,P
139389,102,11/10/2025,P
139985,102,11/10/2025,P
100014,101,11/12/2025,P
100166,102,11/12/2025,P
100336,101,11/12/2025,P
100607,102,11/12/2025,P
100752,102,11/12/2025,P
100919,102,11/12/2025,A
100926,101,11/12/2025,P
101621,101,11/12/2025,P
101663,101,11/12/2025,A
101676,101,11/12/2025,P
101690,102,11/12/2025,P
102169,102,11/12/2025,T
102203,101,11/12/2025,P
102926,102,11/12/2025,P
103203,101,11/12/2025,P
103366,101,11/12/2025,A
104213,102,11/12/2025,P
104812,101,11/12/2025,P
105001,102,11/12/2025,P
105290,102,11/12/2025,P
105443,101,11/12/2025,P
105533,101,11/12/2025,P
105876,102,11/12/2025,P
105943,101,11/12/2025,P
106040,102,11/12/2025,P
106334,101,11/12/2025,P
106425,102,11/12/2025,P
106447,101,11/12/2025,P
106722,101,11/12/2025,T
106726,102,11/12/2025,P
106955,102,11/12/2025,P
107257,102,11/12/2025,P
107631,101,11/12/2025,P
107806,101,11/12/2025,A
107917,101,11/12/2025,P
107954,101,11/12/2025,P
107996,102,11/12/2025,P
108454,101,11/12/2025,P
108599,101,11/12/2025,P
108838,102,11/12/2025,P
108870,101,11/12/2025,P
109233,102,11/12/2025,P
109333,101,11/12/2025,P
109591,102,11/12/2025,P
109734,101,11/12/2025,P
109820,101,11/12/2025,P
110142,102,11/12/2025,P
110493,102,11/12/2025,P
111996,102,11/12/2025,P
112752,101,11/12/2025,P
112890,102,11/12/2025,P
113028,101,11/12/2025,P
113096,101,11/12/2025,A
113273,102,11/12/2025,P
113777,102,11/12/2025,P
114609,101,11/12/2025,P
114633,102,11/12/2025,A
114714,101,11/12/2025,P
115002,101,11/12/2025,E
115724,102,11/12/2025,P
116242,102,11/12/2025,P
116449,101,11/12/2025,P
116483,101,11/12/2025,P
116950,102,11/12/2025,P
116962,101,11/12/2025,T
117046,101,11/12/2025,P
117463,102,11/12/2025,P
117598,102,11/12/2025,P
117631,101,11/12/2025,P
118824,101,11/12/2025,P
118848,101,11/12/2025,P
119009,101,11/12/2025,P
119050,102,11/12/2025,P
119144,102,11/12/2025,P
119292,102,11/12/2025,P
119901,101,11/12/2025,P
120054,101,11/12/2025,P
120160,101,11/12/2025,P
120250,101,11/12/2025,A
120541,102,11/12/2025,P
120593,102,11/12/2025,P
120752,101,11/12/2025,P
120937,102,11/12/2025,P
121367,102,11/12/2025,P
121480,101,11/12/2025,P
122308,101,11/12/2025,P
122742,101,11/12/2025,P
122784,102,11/12/2025,P
123160,102,11/12/2025,P
123372,101,11/12/2025,P
123412,101,11/12/2025,P
123588,101,11/12/2025,P
123825,101,11/12/2025,P
124172,101,11/12/2025,P
124256,101,11/12/2025,P
124641,101,11/12/2025,P
124664,101,11/12/2025,P
125516,102,11/12/2025,P
125585,102,11/12/2025,P
126032,101,11/12/2025,P
126093,102,11/12/2025,P
126134,101,11/12/2025,P
126342,101,11/12/2025,P
126350,102,11/12/2025,P
126955,101,11/12/2025,P
127003,102,11/12/2025,P
127379,101,11/12/2025,P
127522,102,11/12/2025,P
127565,102,11/12/2025,P
127670,102,11/12/2025,P
127881,102,11/12/2025,P
127903,102,11/12/2025,A
128141,102,11/12/2025,P
128381,102,11/12/2025,P
128457,101,11/12/2025,P
128734,101,11/12/2025,P
128907,101,11/12/2025,P
129451,102,11/12/2025,P
129468,102,11/12/2025,P
129500,101,11/12/2025,P
129571,102,11/12/2025,P
129682,101,11/12/2025,P
129936,101,11/12/2025,P
129979,102,11/12/2025,P
129992,101,11/12/2025,T
130030,101,11/12/2025,T
130216,101,11/12/2025,P
130582,101,11/12/2025,P
130762,101,11/12/2025,P
130804,102,11/12/2025,P
130997,102,11/12/2025,P
131196,102,11/12/2025,E
131384,102,11/12/2025,A
131401,101,11/12/2025,P
131595,102,11/12/2025,T
131822,101,11/12/2025,P
132081,102,11/12/2025,P
132131,101,11/12/2025,P
132171,102,11/12/2025,P
132180,102,11/12/2025,P
132242,101,11/12/2025,P
132581,102,11/12/2025,P
132608,101,11/12/2025,P
132664,102,11/12/2025,P
132666,101,11/12/2025,P
132892,101,11/12/2025,P
132932,102,11/12/2025,P
133077,102,11/12/2025,P
133184,101,11/12/2025,P
133272,102,11/12/2025,P
133448,102,11/12/2025,P
133506,101,11/12/2025,P
133542,102,11/12/2025,P
133616,102,11/12/2025,P
133658,101,11/12/2025,P
133762,101,11/12/2025,P
133946,101,11/12/2025,P
134080,101,11/12/2025,P
134268,102,11/12/2025,P
134289,102,11/12/2025,P
134383,101,11/12/2025,P
135262,102,11/12/2025,P
135758,101,11/12/2025,A
135769,101,11/12/2025,P
135812,102,11/12/2025,P
135821,102,11/12/2025,p
135901,101,11/12/2025,T
135923,101,11/12/2025,P
136336,102,11/12/2025,P
136474,101,11/12/2025,P
136533,101,11/12/2025,P
136558,102,11/12/2025,P
136686,102,11/12/2025,P
136962,101,11/12/2025,P
137523,102,11/12/2025,P
137636,101,11/12/2025,P
137717,102,11/12/2025,P
137842,102,11/12/2025,P
138052,102,11/12/2025,P
138211,102,11/12/2025,P
138406,102,11/12/2025,P
138438,102,11/12/2025,P
138530,101,11/12/2025,P
139142,101,11/12/2025,P
139199,101,11/12/2025,P
139332,102,11/12/2025,T
139389,102,11/12/2025,P
139985,102,11/12/2025,P
100014,101,11/13/2025,P
100166,102,11/13/2025,P
100336,101,11/13/2025,P
100607,102,11/13/2025,P
100752,102,11/13/2025,P
100919,102,11/13/2025,P
100926,101,11/13/2025,P
101621,101,11/13/2025,P
101663,101,11/13/2025,P
101676,101,11/13/2025,P
101690,102,11/13/2025,T
102169,102,11/13/2025,P
102203,101,11/13/2025,P
102926,102,11/13/2025,P
103203,101,11/13/2025,p
103366,101,11/13/2025,A
104213,102,11/13/2025,P
104812,101,11/13/2025,P
105001,102,11/13/2025,P
105290,102,11/13/2025,T
105443,101,11/13/2025,P
105533,101,11/13/2025,P
105876,102,11/13/2025,P
105943,101,11/13/2025,P
106040,102,11/13/2025,P
106334,101,11/13/2025,P
106425,102,11/13/2025,P
106447,101,11/13/2025,P
106722,101,11/13/2025,P
106726,102,11/13/2025,P
106955,102,11/13/2025,P
107257,102,11/13/2025,P
107631,101,11/13/2025,P
107806,101,11/13/2025,P
107917,101,11/13/2025,P
107954,101,11/13/2025,P
107996,102,11/13/2025,P
108454,101,11/13/2025,P
108599,101,11/13/2025,P
108838,102,11/13/2025,T
108870,101,11/13/2025,P
109233,102,11/13/2025,P
109333,101,11/13/2025,P
109591,102,11/13/2025,T
109734,101,11/13/2025,P
109820,101,11/13/2025,P
110142,102,11/13/2025,T
110493,102,11/13/2025,P
111996,102,11/13/2025,E
112752,101,11/13/2025,P
112890,102,11/13/2025,P
113028,101,11/13/2025,P
113096,101,11/13/2025,E
113273,102,11/13/2025,P
113777,102,11/13/2025,P
114609,101,11/13/2025,P
114633,102,11/13/2025,P
114714,101,11/13/2025,E
115002,101,11/13/2025,P
115724,102,11/13/2025,P
116242,102,11/13/2025,P
116449,101,11/13/2025,P
116483,101,11/13/2025,E
116950,102,11/13/2025,P
116962,101,11/13/2025,P
117046,101,11/13/2025,P
117463,102,11/13/2025,S
117598,102,11/13/2025,P
117631,101,11/13/2025,P
118824,101,11/13/2025,P
118848,101,11/13/2025,P
119009,101,11/13/2025,P
119050,102,11/13/2025,P
119144,102,11/13/2025,P
119292,102,11/13/2025,P
119901,101,11/13/2025,P
120054,101,11/13/2025,T
120160,101,11/13/2025,P
120250,101,11/13/2025,P
120541,102,11/13/2025,P
120593,102,11/13/2025,P
120752,101,11/13/2025,P
120937,102,11/13/2025,P
121367,102,11/13/2025,P
121480,101,11/13/2025,P
122308,101,11/13/2025,P
122742,101,11/13/2025,P
122784,102,11/13/2025,P
123160,102,11/13/2025,P
123372,101,11/13/2025,P
123412,101,11/13/2025,P
123588,101,11/13/2025,P
123825,101,11/13/2025,P
124172,101,11/13/2025,E
124256,101,11/13/2025,A
124641,101,11/13/2025,P
124664,101,11/13/2025,P
125516,102,11/13/2025,P
125585,102,11/13/2025,P
126032,101,11/13/2025,P
126093,102,11/13/2025,A
126134,101,11/13/2025,P
126342,101,11/13/2025,P
126350,102,11/13/2025,P
126955,101,11/13/2025,P
127003,102,11/13/2025,P
127379,101,11/13/2025,P
127522,102,11/13/2025,P
127565,102,11/13/2025,P
127670,102,11/13/2025,P
127881,102,11/13/2025,P
127903,102,11/13/2025,E
128141,102,11/13/2025,P
128381,102,11/13/2025,P
128457,101,11/13/2025,p
128734,101,11/13/2025,T
128907,101,11/13/2025,P
129451,102,11/13/2025,P
129468,102,11/13/2025,P
129500,101,11/13/2025,P
129571,102,11/13/2025,E
129682,101,11/13/2025,P
129936,101,11/13/2025,P
129979,102,11/13/2025,P
129992,101,11/13/2025,T
130030,101,11/13/2025,P
130216,101,11/13/2025,P
130582,101,11/13/2025,P
130762,101,11/13/2025,P
130804,102,11/13/2025,P
130997,102,11/13/2025,P
131196,102,11/13/2025,p
131384,102,11/13/2025,P
131401,101,11/13/2025,p
131595,102,11/13/2025,P
131822,101,11/13/2025,P
132081,102,11/13/2025,P
132131,101,11/13/2025,P
132171,102,11/13/2025,P
132180,102,11/13/2025,P
132242,101,11/13/2025,P
132581,102,11/13/2025,P
132608,101,11/13/2025,P
132664,102,11/13/2025,P
132666,101,11/13/2025,p
132892,101,11/13/2025,P
132932,102,11/13/2025,P
133077,102,11/13/2025,P
133184,101,11/13/2025,P
133272,102,11/13/2025,E
133448,102,11/13/2025,T
133506,101,11/13/2025,P
133542,102,11/13/2025,P
133616,102,11/13/2025,P
133658,101,11/13/2025,P
133762,101,11/13/2025,E
133946,101,11/13/2025,P
134080,101,11/13/2025,P
134268,102,11/13/2025,P
134289,102,11/13/2025,P
134383,101,11/13/2025,T
135262,102,11/13/2025,P
135758,101,11/13/2025,P
135769,101,11/13/2025,P
135812,102,11/13/2025,P
135821,102,11/13/2025,P
135901,101,11/13/2025,P
135923,101,11/13/2025,P
136336,102,11/13/2025,P
136474,101,11/13/2025,P
136533,101,11/13/2025,P
136558,102,11/13/2025,P
136686,102,11/13/2025,P
136962,101,11/13/2025,P
137523,102,11/13/2025,P
137636,101,11/13/2025,T
137717,102,11/13/2025,P
137842,102,11/13/2025,p
138052,102,11/13/2025,P
138211,102,11/13/2025,P
138406,102,11/13/2025,P
138438,102,11/13/2025,P
138530,101,11/13/2025,P
139142,101,11/13/2025,P
139199,101,11/13/2025,P
139332,102,11/13/2025,P
139389,102,11/13/2025,P
139985,102,11/13/2025,P
100014,101,11/14/2025,P
100166,102,11/14/2025,P
100336,101,11/14/2025,P
100607,102,11/14/2025,P
100752,102,11/14/2025,E
100919,102,11/14/2025,P
100926,101,11/14/2025,P
101621,101,11/14/2025,P
101663,101,11/14/2025,P
101676,101,11/14/2025,P
101690,102,11/14/2025,P
102169,102,11/14/2025,p
102203,101,11/14/2025,P
102926,102,11/14/2025,P
103203,101,11/14/2025,P
103366,101,11/14/2025,T
104213,102,11/14/2025,P
104812,101,11/14/2025,P
105001,102,11/14/2025,P
105290,102,11/14/2025,P
105443,101,11/14/2025,P
105533,101,11/14/2025,P
105876,102,11/14/2025,P
105943,101,11/14/2025,P
106040,102,11/14/2025,P
106334,101,11/14/2025,P
106425,102,11/14/2025,A
106447,101,11/14/2025,P
106722,101,11/14/2025,P
106726,102,11/14/2025,P
106955,102,11/14/2025,P
107257,102,11/14/2025,P
107631,101,11/14/2025,P
107806,101,11/14/2025,P
107917,101,11/14/2025,P
107954,101,11/14/2025,P
107996,102,11/14/2025,P
108454,101,11/14/2025,P
108599,101,11/14/2025,P
108838,102,11/14/2025,P
108870,101,11/14/2025,P
109233,102,11/14/2025,P
109333,101,11/14/2025,P
109591,102,11/14/2025,P
109734,101,11/14/2025,P
109820,101,11/14/2025,P
110142,102,11/14/2025,P
110493,102,11/14/2025,P
111996,102,11/14/2025,P
112752,101,11/14/2025,P
112890,102,11/14/2025,P
113028,101,11/14/2025,P
113096,101,11/14/2025,P
113273,102,11/14/2025,P
113777,102,11/14/2025,P
114609,101,11/14/2025,P
114633,102,11/14/2025,P
114714,101,11/14/2025,P
115002,101,11/14/2025,T
115724,102,11/14/2025,P
116242,102,11/14/2025,P
116449,101,11/14/2025,P
116483,101,11/14/2025,P
116950,102,11/14/2025,P
116962,101,11/14/2025,P
117046,101,11/14/2025,P
117463,102,11/14/2025,P
117598,102,11/14/2025,P
117631,101,11/14/2025,t
118824,101,11/14/2025,P
118848,101,11/14/2025,P
119009,101,11/14/2025,P
119050,102,11/14/2025,P
119144,102,11/14/2025,P
119292,102,11/14/2025,P
119901,101,11/14/2025,P
120054,101,11/14/2025,P
120160,101,11/14/2025,P
120250,101,11/14/2025,A
120541,102,11/14/2025,P
120593,102,11/14/2025,T
120752,101,11/14/2025,P
120937,102,11/14/2025,P
121367,102,11/14/2025,P
121480,101,11/14/2025,A
122308,101,11/14/2025,P
122742,101,11/14/2025,P
122784,102,11/14/2025,P
123160,102,11/14/2025,P
123372,101,11/14/2025,P
123412,101,11/14/2025,P
123588,101,11/14/2025,P
123825,101,11/14/2025,P
124172,101,11/14/2025,P
124256,101,11/14/2025,P
124641,101,11/14/2025,P
124664,101,11/14/2025,P
125516,102,11/14/2025,P
125585,102,11/14/2025,E
126032,101,11/14/2025,P
126093,102,11/14/2025,P
126134,101,11/14/2025,P
126342,101,11/14/2025,P
126350,102,11/14/2025,P
126955,101,11/14/2025,P
127003,102,11/14/2025,P
127379,101,11/14/2025,T
127522,102,11/14/2025,P
127565,102,11/14/2025,P
127670,102,11/14/2025,P
127881,102,11/14/2025,P
127903,102,11/14/2025,P
128141,102,11/14/2025,P
128381,102,11/14/2025,P
128457,101,11/14/2025,P
128734,101,11/14/2025,P
128907,101,11/14/2025,P
129451,102,11/14/2025,P
129468,102,11/14/2025,P
129500,101,11/14/2025,P
129571,102,11/14/2025,P
129682,101,11/14/2025,P
129936,101,11/14/2025,P
129979,102,11/14/2025,P
129992,101,11/14/2025,P
130030,101,11/14/2025,P
130216,101,11/14/2025,P
130582,101,11/14/2025,T
130762,101,11/14/2025,P
130804,102,11/14/2025,P
130997,102,11/14/2025,E
131196,102,11/14/2025,P
131384,102,11/14/2025,P
131401,101,11/14/2025,P
131595,102,11/14/2025,P
131822,101,11/14/2025,P
132081,102,11/14/2025,P
132131,101,11/14/2025,P
132171,102,11/14/2025,P
132180,102,11/14/2025,P
132242,101,11/14/2025,P
132581,102,11/14/2025,P
132608,101,11/14/2025,P
132664,102,11/14/2025,P
132666,101,11/14/2025,P
132892,101,11/14/2025,P
132932,102,11/14/2025,A
133077,102,11/14/2025,P
133184,101,11/14/2025,T
133272,102,11/14/2025,P
133448,102,11/14/2025,T
133506,101,11/14/2025,P
133542,102,11/14/2025,P
133616,102,11/14/2025,P
133658,101,11/14/2025,P
133762,101,11/14/2025,P
133946,101,11/14/2025,P
134080,101,11/14/2025,A
134268,102,11/14/2025,T
134289,102,11/14/2025,P
134383,101,11/14/2025,P
135262,102,11/14/2025,P
135758,101,11/14/2025,P
135769,101,11/14/2025,P
135812,102,11/14/2025,P
135821,102,11/14/2025,P
135901,101,11/14/2025,T
135923,101,11/14/2025,P
136336,102,11/14/2025,P
136474,101,11/14/2025,P
136533,101,11/14/2025,P
136558,102,11/14/2025,P
136686,102,11/14/2025,P
136962,101,11/14/2025,P
137523,102,11/14/2025,P
137636,101,11/14/2025,P
137717,102,11/14/2025,P
137842,102,11/14/2025,P
138052,102,11/14/2025,P
138211,102,11/14/2025,P
138406,102,11/14/2025,P
138438,102,11/14/2025,P
138530,101,11/14/2025,P
139142,101,11/14/2025,P
139199,101,11/14/2025,P
139332,102,11/14/2025,P
139389,102,11/14/2025,P
139985,102,11/14/2025,P
100014,101,11/17/2025,P
100166,102,11/17/2025,P
100336,101,11/17/2025,P
100607,102,11/17/2025,P
100752,102,11/17/2025,P
100919,102,11/17/2025,A
100926,101,11/17/2025,P
101621,101,11/17/2025,P
101663,101,11/17/2025,P
101676,101,11/17/2025,P
101690,102,11/17/2025,P
102169,102,11/17/2025,P
102203,101,11/17/2025,P
102926,102,11/17/2025,P
103203,101,11/17/2025,p
103366,101,11/17/2025,P
104213,102,11/17/2025,P
104812,101,11/17/2025,P
105001,102,11/17/2025,P
105290,102,11/17/2025,P
105443,101,11/17/2025,P
105533,101,11/17/2025,P
105876,102,11/17/2025,P
105943,101,11/17/2025,P
106040,102,11/17/2025,P
106334,101,11/17/2025,P
106425,102,11/17/2025,P
106447,101,11/17/2025,P
106722,101,11/17/2025,P
106726,102,11/17/2025,P
106955,102,11/17/2025,p
107257,102,11/17/2025,P
107631,101,11/17/2025,P
107806,101,11/17/2025,P
107917,101,11/17/2025,P
107954,101,11/17/2025,P
107996,102,11/17/2025,P
108454,101,11/17/2025,P
108599,101,11/17/2025,P
108838,102,11/17/2025,P
108870,101,11/17/2025,P
109233,102,11/17/2025,P
109333,101,11/17/2025,P
109591,102,11/17/2025,T
109734,101,11/17/2025,P
109820,101,11/17/2025,E
110142,102,11/17/2025,P
110493,102,11/17/2025,P
111996,102,11/17/2025,P
112752,101,11/17/2025,P
112890,102,11/17/2025,P
113028,101,11/17/2025,P
113096,101,11/17/2025,E
113273,102,11/17/2025,P
113777,102,11/17/2025,P
114609,101,11/17/2025,P
114633,102,11/17/2025,P
114714,101,11/17/2025,P
115002,101,11/17/2025,P
115724,102,11/17/2025,P
116242,102,11/17/2025,P
116449,101,11/17/2025,P
116483,101,11/17/2025,P
116950,102,11/17/2025,P
116962,101,11/17/2025,P
117046,101,11/17/2025,P
117463,102,11/17/2025,P
117598,102,11/17/2025,P
117631,101,11/17/2025,P
118824,101,11/17/2025,T
118848,101,11/17/2025,P
119009,101,11/17/2025,A
119050,102,11/17/2025,P
119144,102,11/17/2025,P
119292,102,11/17/2025,P
119901,101,11/17/2025,P
120054,101,11/17/2025,T
120160,101,11/17/2025,P
120250,101,11/17/2025,P
120541,102,11/17/2025,P
120593,102,11/17/2025,P
120752,101,11/17/2025,P
120937,102,11/17/2025,P
121367,102,11/17/2025,P
121480,101,11/17/2025,P
122308,101,11/17/2025,P
122742,101,11/17/2025,P
122784,102,11/17/2025,P
123160,102,11/17/2025,P
123372,101,11/17/2025,P
123412,101,11/17/2025,P
123588,101,11/17/2025,P
123825,101,11/17/2025,P
124172,101,11/17/2025,P
124256,101,11/17/2025,P
124641,101,11/17/2025,P
124664,101,11/17/2025,P
125516,102,11/17/2025,P
125585,102,11/17/2025,P
126032,101,11/17/2025,P
126093,102,11/17/2025,P
126134,101,11/17/2025,P
126342,101,11/17/2025,P
126350,102,11/17/2025,P
126955,101,11/17/2025,P
127003,102,11/17/2025,P
127379,101,11/17/2025,P
127522,102,11/17/2025,P
127565,102,11/17/2025,P
127670,102,11/17/2025,P
127881,102,11/17/2025,P
127903,102,11/17/2025,P
128141,102,11/17/2025,T
128381,102,11/17/2025,P
128457,101,11/17/2025,P
128734,101,11/17/2025,P
128907,101,11/17/2025,P
129451,102,11/17/2025,A
129468,102,11/17/2025,P
129500,101,11/17/2025,P
129571,102,11/17/2025,P
129682,101,11/17/2025,P
129936,101,11/17/2025,P
129979,102,11/17/2025,P
129992,101,11/17/2025,P
130030,101,11/17/2025,P
130216,101,11/17/2025,A
130582,101,11/17/2025,P
130762,101,11/17/2025,P
130804,102,11/17/2025,P
130997,102,11/17/2025,P
131196,102,11/17/2025,p
131384,102,11/17/2025,P
131401,101,11/17/2025,P
131595,102,11/17/2025,P
131822,101,11/17/2025,P
132081,102,11/17/2025,P
132131,101,11/17/2025,P
132171,102,11/17/2025,P
132180,102,11/17/2025,P
132242,101,11/17/2025,P
132581,102,11/17/2025,P
132608,101,11/17/2025,P
132664,102,11/17/2025,P
132666,101,11/17/2025,P
132892,101,11/17/2025,P
132932,102,11/17/2025,P
133077,102,11/17/2025,P
133184,101,11/17/2025,P
133272,102,11/17/2025,P
133448,102,11/17/2025,P
133506,101,11/17/2025,P
133542,102,11/17/2025,P
133616,102,11/17/2025,E
133658,101,11/17/2025,P
133762,101,11/17/2025,P
133946,101,11/17/2025,P
134080,101,11/17/2025,P
134268,102,11/17/2025,P
134289,102,11/17/2025,P
134383,101,11/17/2025,P
135262,102,11/17/2025,P
135758,101,11/17/2025,P
135769,101,11/17/2025,P
135812,102,11/17/2025,P
135821,102,11/17/2025,P
135901,101,11/17/2025,T
135923,101,11/17/2025,P
136336,102,11/17/2025,P
136474,101,11/17/2025,P
136533,101,11/17/2025,P
136558,102,11/17/2025,T
136686,102,11/17/2025,P
136962,101,11/17/2025,T
137523,102,11/17/2025,P
137636,101,11/17/2025,P
137717,102,11/17/2025,P
137842,102,11/17/2025,P
138052,102,11/17/2025,P
138211,102,11/17/2025,P
138406,102,11/17/2025,P
138438,102,11/17/2025,P
138530,101,11/17/2025,P
139142,101,11/17/2025,P
139199,101,11/17/2025,P
139332,102,11/17/2025,P
139389,102,11/17/2025,P
139985,102,11/17/2025,P
100014,101,11/18/2025,P
100166,102,11/18/2025,P
100336,101,11/18/2025,P
100607,102,11/18/2025,P
100752,102,11/18/2025,P
100919,102,11/18/2025,P
100926,101,11/18/2025,A
101621,101,11/18/2025,P
101663,101,11/18/2025,P
101676,101,11/18/2025,P
101690,102,11/18/2025,P
102169,102,11/18/2025,P
102203,101,11/18/2025,P
102926,102,11/18/2025,P
103203,101,11/18/2025,P
103366,101,11/18/2025,P
104213,102,11/18/2025,P
104812,101,11/18/2025,P
105001,102,11/18/2025,P
105290,102,11/18/2025,P
105443,101,11/18/2025,P
105533,101,11/18/2025,T
105876,102,11/18/2025,P
105943,101,11/18/2025,P
106040,102,11/18/2025,P
106334,101,11/18/2025,P
106425,102,11/18/2025,P
106447,101,11/18/2025,P
106722,101,11/18/2025,P
106726,102,11/18/2025,P
106955,102,11/18/2025,P
107257,102,11/18/2025,P
107631,101,11/18/2025,P
107806,101,11/18/2025,E
107917,101,11/18/2025,P
107954,101,11/18/2025,P
107996,102,11/18/2025,P
108454,101,11/18/2025,P
108599,101,11/18/2025,P
108838,102,11/18/2025,P
108870,101,11/18/2025,E
109233,102,11/18/2025,P
109333,101,11/18/2025,P
109591,102,11/18/2025,P
109734,101,11/18/2025,E
109820,101,11/18/2025,A
110142,102,11/18/2025,P
110493,102,11/18/2025,P
111996,102,11/18/2025,T
112752,101,11/18/2025,A
112890,102,11/18/2025,P
113028,101,11/18/2025,P
113096,101,11/18/2025,P
113273,102,11/18/2025,P
113777,102,11/18/2025,P
114609,101,11/18/2025,P
114633,102,11/18/2025,P
114714,101,11/18/2025,P
115002,101,11/18/2025,P
115724,102,11/18/2025,p
116242,102,11/18/2025,P
116449,101,11/18/2025,P
116483,101,11/18/2025,P
116950,102,11/18/2025,P
116962,101,11/18/2025,P
117046,101,11/18/2025,A
117463,102,11/18/2025,P
117598,102,11/18/2025,P
117631,101,11/18/2025,P
118824,101,11/18/2025,P
118848,101,11/18/2025,P
119009,101,11/18/2025,P
119050,102,11/18/2025,P
119144,102,11/18/2025,P
119292,102,11/18/2025,T
119901,101,11/18/2025,T
120054,101,11/18/2025,P
120160,101,11/18/2025,P
120250,101,11/18/2025,E
120541,102,11/18/2025,P
120593,102,11/18/2025,P
120752,101,11/18/2025,P
120937,102,11/18/2025,P
121367,102,11/18/2025,P
121480,101,11/18/2025,P
122308,101,11/18/2025,P
122742,101,11/18/2025,P
122784,102,11/18/2025,P
123160,102,11/18/2025,P
123372,101,11/18/2025,P
123412,101,11/18/2025,P
123588,101,11/18/2025,P
123825,101,11/18/2025,P
124172,101,11/18/2025,P
124256,101,11/18/2025,P
124641,101,11/18/2025,P
124664,101,11/18/2025,P
125516,102,11/18/2025,P
125585,102,11/18/2025,P
126032,101,11/18/2025,P
126093,102,11/18/2025,P
126134,101,11/18/2025,P
126342,101,11/18/2025,P
126350,102,11/18/2025,P
126955,101,11/18/2025,E
127003,102,11/18/2025,P
127379,101,11/18/2025,P
127522,102,11/18/2025,P
127565,102,11/18/2025,P
127670,102,11/18/2025,P
127881,102,11/18/2025,P
127903,102,11/18/2025,P
128141,102,11/18/2025,P
128381,102,11/18/2025,P
128457,101,11/18/2025,P
128734,101,11/18/2025,P
128907,101,11/18/2025,P
129451,102,11/18/2025,T
129468,102,11/18/2025,P
129500,101,11/18/2025,P
129571,102,11/18/2025,P
129682,101,11/18/2025,P
129936,101,11/18/2025,P
129979,102,11/18/2025,P
129992,101,11/18/2025,P
130030,101,11/18/2025,P
130216,101,11/18/2025,A
130582,101,11/18/2025,P
130762,101,11/18/2025,P
130804,102,11/18/2025,P
130997,102,11/18/2025,P
131196,102,11/18/2025,P
131384,102,11/18/2025,P
131401,101,11/18/2025,P
131595,102,11/18/2025,P
131822,101,11/18/2025,P
132081,102,11/18/2025,P
132131,101,11/18/2025,P
132171,102,11/18/2025,P
132180,102,11/18/2025,P
132242,101,11/18/2025,P
132581,102,11/18/2025,P
132608,101,11/18/2025,P
132664,102,11/18/2025,P
132666,101,11/18/2025,P
132892,101,11/18/2025,P
132932,102,11/18/2025,P
133077,102,11/18/2025,P
133184,101,11/18/2025,P
133272,102,11/18/2025,P
133448,102,11/18/2025,P
133506,101,11/18/2025,P
133542,102,11/18/2025,P
133616,102,11/18/2025,A
133658,101,11/18/2025,P
133762,101,11/18/2025,P
133946,101,11/18/2025,P
134080,101,11/18/2025,P
134268,102,11/18/2025,T
134289,102,11/18/2025,P
134383,101,11/18/2025,P
135262,102,11/18/2025,P
135758,101,11/18/2025,P
135769,101,11/18/2025,P
135812,102,11/18/2025,P
135821,102,11/18/2025,P
135901,101,11/18/2025,P
135923,101,11/18/2025,P
136336,102,11/18/2025,P
136474,101,11/18/2025,P
136533,101,11/18/2025,P
136558,102,11/18/2025,P
136686,102,11/18/2025,P
136962,101,11/18/2025,P
137523,102,11/18/2025,P
137636,101,11/18/2025,P
137717,102,11/18/2025,P
137842,102,11/18/2025,P
138052,102,11/18/2025,P
138211,102,11/18/2025,P
138406,102,11/18/2025,P
138438,102,11/18/2025,E
138530,101,11/18/2025,P
139142,101,11/18/2025,P
139199,101,11/18/2025,P
139332,102,11/18/2025,P
139389,102,11/18/2025,P
139985,102,11/18/2025,P
100014,101,11/19/2025,P
100166,102,11/19/2025,P
100336,101,11/19/2025,P
100607,102,11/19/2025,P
100752,102,11/19/2025,P
100919,102,11/19/2025,P
100926,101,11/19/2025,P
101621,101,11/19/2025,P
101663,101,11/19/2025,P
101676,101,11/19/2025,P
101690,102,11/19/2025,P
102169,102,11/19/2025,P
102203,101,11/19/2025,P
102926,102,11/19/2025,P
103203,101,11/19/2025,P
103366,101,11/19/2025,T
104213,102,11/19/2025,P
104812,101,11/19/2025,P
105001,102,11/19/2025,P
105290,102,11/19/2025,P
105443,101,11/19/2025,P
105533,101,11/19/2025,P
105876,102,11/19/2025,P
105943,101,11/19/2025,P
106040,102,11/19/2025,P
106334,101,11/19/2025,T
106425,102,11/19/2025,P
106447,101,11/19/2025,P
106722,101,11/19/2025,P
106726,102,11/19/2025,P
106955,102,11/19/2025,P
107257,102,11/19/2025,P
107631,101,11/19/2025,P
107806,101,11/19/2025,P
107917,101,11/19/2025,P
107954,101,11/19/2025,P
107996,102,11/19/2025,P
108454,101,11/19/2025,P
108599,101,11/19/2025,P
108838,102,11/19/2025,P
108870,101,11/19/2025,P
109233,102,11/19/2025,P
109333,101,11/19/2025,P
109591,102,11/19/2025,P
109734,101,11/19/2025,P
109820,101,11/19/2025,P
110142,102,11/19/2025,P
110493,102,11/19/2025,P
111996,102,11/19/2025,A
112752,101,11/19/2025,A
112890,102,11/19/2025,P
113028,101,11/19/2025,P
113096,101,11/19/2025,P
113273,102,11/19/2025,P
113777,102,11/19/2025,P
114609,101,11/19/2025,P
114633,102,11/19/2025,P
114714,101,11/19/2025,P
115002,101,11/19/2025,P
115724,102,11/19/2025,P
116242,102,11/19/2025,P
116449,101,11/19/2025,P
116483,101,11/19/2025,P
116950,102,11/19/2025,T
116962,101,11/19/2025,P
117046,101,11/19/2025,P
117463,102,11/19/2025,P
117598,102,11/19/2025,P
117631,101,11/19/2025,E
118824,101,11/19/2025,P
118848,101,11/19/2025,P
119009,101,11/19/2025,P
119050,102,11/19/2025,P
119144,102,11/19/2025,P
119292,102,11/19/2025,P
119901,101,11/19/2025,P
120054,101,11/19/2025,P
120160,101,11/19/2025,P
120250,101,11/19/2025,P
120541,102,11/19/2025,P
120593,102,11/19/2025,P
120752,101,11/19/2025,P
120937,102,11/19/2025,T
121367,102,11/19/2025,P
121480,101,11/19/2025,P
122308,101,11/19/2025,P
122742,101,11/19/2025,A
122784,102,11/19/2025,P
123160,102,11/19/2025,p
123372,101,11/19/2025,T
123412,101,11/19/2025,P
123588,101,11/19/2025,P
123825,101,11/19/2025,P
124172,101,11/19/2025,E
124256,101,11/19/2025,E
124641,101,11/19/2025,P
124664,101,11/19/2025,P
125516,102,11/19/2025,P
125585,102,11/19/2025,P
126032,101,11/19/2025,P
126093,102,11/19/2025,P
126134,101,11/19/2025,P
126342,101,11/19/2025,P
126350,102,11/19/2025,P
126955,101,11/19/2025,P
127003,102,11/19/2025,P
127379,101,11/19/2025,P
127522,102,11/19/2025,P
127565,102,11/19/2025,P
127670,102,11/19/2025,P
127881,102,11/19/2025,P
127903,102,11/19/2025,P
128141,102,11/19/2025,P
128381,102,11/19/2025,P
128457,101,11/19/2025,P
128734,101,11/19/2025,P
128907,101,11/19/2025,P
129451,102,11/19/2025,P
129468,102,11/19/2025,P
129500,101,11/19/2025,P
129571,102,11/19/2025,P
129682,101,11/19/2025,P
129936,101,11/19/2025,P
129979,102,11/19/2025,P
129992,101,11/19/2025,P
130030,101,11/19/2025,P
130216,101,11/19/2025,P
130582,101,11/19/2025,P
130762,101,11/19/2025,P
130804,102,11/19/2025,P
130997,102,11/19/2025,P
131196,102,11/19/2025,P
131384,102,11/19/2025,P
131401,101,11/19/2025,P
131595,102,11/19/2025,P
131822,101,11/19/2025,P
132081,102,11/19/2025,P
132131,101,11/19/2025,T
132171,102,11/19/2025,P
132180,102,11/19/2025,E
132242,101,11/19/2025,P
132581,102,11/19/2025,P
132608,101,11/19/2025,P
132664,102,11/19/2025,P
132666,101,11/19/2025,P
132892,101,11/19/2025,P
132932,102,11/19/2025,P
133077,102,11/19/2025,P
133184,101,11/19/2025,A
133272,102,11/19/2025,P
133448,102,11/19/2025,T
133506,101,11/19/2025,P
133542,102,11/19/2025,P
133616,102,11/19/2025,P
133658,101,11/19/2025,P
133762,101,11/19/2025,P
133946,101,11/19/2025,P
134080,101,11/19/2025,P
134268,102,11/19/2025,P
134289,102,11/19/2025,P
134383,101,11/19/2025,P
135262,102,11/19/2025,P
135758,101,11/19/2025,P
135769,101,11/19/2025,P
135812,102,11/19/2025,P
135821,102,11/19/2025,p
135901,101,11/19/2025,P
135923,101,11/19/2025,P
136336,102,11/19/2025,P
136474,101,11/19/2025,P
136533,101,11/19/2025,P
136558,102,11/19/2025,P
136686,102,11/19/2025,P
136962,101,11/19/2025,P
137523,102,11/19/2025,P
137636,101,11/19/2025,P
137717,102,11/19/2025,P
137842,102,11/19/2025,P
138052,102,11/19/2025,T
138211,102,11/19/2025,P
138406,102,11/19/2025,P
138438,102,11/19/2025,P
138530,101,11/19/2025,P
139142,101,11/19/2025,P
139199,101,11/19/2025,P
139332,102,11/19/2025,P
139389,102,11/19/2025,T
139985,102,11/19/2025,P
100014,101,11/20/2025,P
100166,102,11/20/2025,P
100336,101,11/20/2025,P
100607,102,11/20/2025,P
100752,102,11/20/2025,p
100919,102,11/20/2025,T
100926,101,11/20/2025,P
101621,101,11/20/2025,P
101663,101,11/20/2025,P
101676,101,11/20/2025,P
101690,102,11/20/2025,P
102169,102,11/20/2025,P
102203,101,11/20/2025,P
102926,102,11/20/2025,P
103203,101,11/20/2025,P
103366,101,11/20/2025,P
104213,102,11/20/2025,E
104812,101,11/20/2025,P
105001,102,11/20/2025,T
105290,102,11/20/2025,P
105443,101,11/20/2025,A
105533,101,11/20/2025,P
105876,102,11/20/2025,P
105943,101,11/20/2025,P
106040,102,11/20/2025,P
106334,101,11/20/2025,P
106425,102,11/20/2025,P
106447,101,11/20/2025,P
106722,101,11/20/2025,P
106726,102,11/20/2025,P
106955,102,11/20/2025,P
107257,102,11/20/2025,P
107631,101,11/20/2025,P
107806,101,11/20/2025,P
107917,101,11/20/2025,P
107954,101,11/20/2025,P
107996,102,11/20/2025,P
108454,101,11/20/2025,P
108599,101,11/20/2025,P
108838,102,11/20/2025,P
108870,101,11/20/2025,P
109233,102,11/20/2025,P
109333,101,11/20/2025,T
109591,102,11/20/2025,P
109734,101,11/20/2025,P
109820,101,11/20/2025,P
110142,102,11/20/2025,P
110493,102,11/20/2025,P
111996,102,11/20/2025,P
112752,101,11/20/2025,P
112890,102,11/20/2025,P
113028,101,11/20/2025,P
113096,101,11/20/2025,P
113273,102,11/20/2025,P
113777,102,11/20/2025,P
114609,101,11/20/2025,T
114633,102,11/20/2025,P
114714,101,11/20/2025,P
115002,101,11/20/2025,P
115724,102,11/20/2025,P
116242,102,11/20/2025,P
116449,101,11/20/2025,P
116483,101,11/20/2025,P
116950,102,11/20/2025,P
116962,101,11/20/2025,P
117046,101,11/20/2025,P
117463,102,11/20/2025,A
117598,102,11/20/2025,P
117631,101,11/20/2025,T
118824,101,11/20/2025,P
118848,101,11/20/2025,P
119009,101,11/20/2025,P
119050,102,11/20/2025,P
119144,102,11/20/2025,P
119292,102,11/20/2025,p
119901,101,11/20/2025,P
120054,101,11/20/2025,P
120160,101,11/20/2025,P
120250,101,11/20/2025,P
120541,102,11/20/2025,P
120593,102,11/20/2025,P
120752,101,11/20/2025,P
120937,102,11/20/2025,T
121367,102,11/20/2025,P
121480,101,11/20/2025,A
122308,101,11/20/2025,P
122742,101,11/20/2025,A
122784,102,11/20/2025,P
123160,102,11/20/2025,P
123372,101,11/20/2025,P
123412,101,11/20/2025,P
123588,101,11/20/2025,T
123825,101,11/20/2025,P
124172,101,11/20/2025,P
124256,101,11/20/2025,P
124641,101,11/20/2025,P
124664,101,11/20/2025,P
125516,102,11/20/2025,P
125585,102,11/20/2025,P
126032,101,11/20/2025,P
126093,102,11/20/2025,P
126134,101,11/20/2025,P
126342,101,11/20/2025,P
126350,102,11/20/2025,P
126955,101,11/20/2025,T
127003,102,11/20/2025,P
127379,101,11/20/2025,P
127522,102,11/20/2025,P
127565,102,11/20/2025,P
127670,102,11/20/2025,P
127881,102,11/20/2025,P
127903,102,11/20/2025,T
128141,102,11/20/2025,P
128381,102,11/20/2025,P
128457,101,11/20/2025,P
128734,101,11/20/2025,P
128907,101,11/20/2025,P
129451,102,11/20/2025,P
129468,102,11/20/2025,P
129500,101,11/20/2025,P
129571,102,11/20/2025,P
129682,101,11/20/2025,T
129936,101,11/20/2025,P
129979,102,11/20/2025,P
129992,101,11/20/2025,P
130030,101,11/20/2025,T
130216,101,11/20/2025,P
130582,101,11/20/2025,p
130762,101,11/20/2025,P
130804,102,11/20/2025,P
130997,102,11/20/2025,P
131196,102,11/20/2025,P
131384,102,11/20/2025,E
131401,101,11/20/2025,P
131595,102,11/20/2025,P
131822,101,11/20/2025,P
132081,102,11/20/2025,P
132131,101,11/20/2025,P
132171,102,11/20/2025,P
132180,102,11/20/2025,P
132242,101,11/20/2025,P
132581,102,11/20/2025,P
132608,101,11/20/2025,P
132664,102,11/20/2025,P
132666,101,11/20/2025,P
132892,101,11/20/2025,P
132932,102,11/20/2025,P
133077,102,11/20/2025,P
133184,101,11/20/2025,P
133272,102,11/20/2025,P
133448,102,11/20/2025,P
133506,101,11/20/2025,P
133542,102,11/20/2025,P
133616,102,11/20/2025,P
133658,101,11/20/2025,P
133762,101,11/20/2025,P
133946,101,11/20/2025,P
134080,101,11/20/2025,P
134268,102,11/20/2025,P
134289,102,11/20/2025,P
134383,101,11/20/2025,P
135262,102,11/20/2025,P
135758,101,11/20/2025,P
135769,101,11/20/2025,P
135812,102,11/20/2025,P
135821,102,11/20/2025,A
135901,101,11/20/2025,T
135923,101,11/20/2025,P
136336,102,11/20/2025,P
136474,101,11/20/2025,P
136533,101,11/20/2025,P
136558,102,11/20/2025,P
136686,102,11/20/2025,P
136962,101,11/20/2025,P
137523,102,11/20/2025,P
137636,101,11/20/2025,P
137717,102,11/20/2025,P
137842,102,11/20/2025,P
138052,102,11/20/2025,P
138211,102,11/20/2025,P
138406,102,11/20/2025,P
138438,102,11/20/2025,P
138530,101,11/20/2025,P
139142,101,11/20/2025,P
139199,101,11/20/2025,P
139332,102,11/20/2025,P
139389,102,11/20/2025,P
139985,102,11/20/2025,P
100014,101,11/21/2025,P
100166,102,11/21/2025,P
100336,101,11/21/2025,P
100607,102,11/21/2025,P
100752,102,11/21/2025,P
100919,102,11/21/2025,p
100926,101,11/21/2025,P
101621,101,11/21/2025,P
101663,101,11/21/2025,P
101676,101,11/21/2025,P
101690,102,11/21/2025,A
102169,102,11/21/2025,P
102203,101,11/21/2025,P
102926,102,11/21/2025,P
103203,101,11/21/2025,P
103366,101,11/21/2025,P
104213,102,11/21/2025,A
104812,101,11/21/2025,P
105001,102,11/21/2025,P
105290,102,11/21/2025,P
105443,101,11/21/2025,P
105533,101,11/21/2025,P
105876,102,11/21/2025,P
105943,101,11/21/2025,p
106040,102,11/21/2025,P
106334,101,11/21/2025,P
106425,102,11/21/2025,P
106447,101,11/21/2025,P
106722,101,11/21/2025,P
106726,102,11/21/2025,P
106955,102,11/21/2025,P
107257,102,11/21/2025,P
107631,101,11/21/2025,P
107806,101,11/21/2025,P
107917,101,11/21/2025,A
107954,101,11/21/2025,P
107996,102,11/21/2025,P
108454,101,11/21/2025,P
108599,101,11/21/2025,P
108838,102,11/21/2025,P
108870,101,11/21/2025,P
109233,102,11/21/2025,P
109333,101,11/21/2025,P
109591,102,11/21/2025,P
109734,101,11/21/2025,P
109820,101,11/21/2025,P
110142,102,11/21/2025,P
110493,102,11/21/2025,P
111996,102,11/21/2025,P
112752,101,11/21/2025,P
112890,102,11/21/2025,P
113028,101,11/21/2025,P
113096,101,11/21/2025,A
113273,102,11/21/2025,P
113777,102,11/21/2025,P
114609,101,11/21/2025,P
114633,102,11/21/2025,P
114714,101,11/21/2025,p
115002,101,11/21/2025,P
115724,102,11/21/2025,P
116242,102,11/21/2025,P
116449,101,11/21/2025,P
116483,101,11/21/2025,P
116950,102,11/21/2025,P
116962,101,11/21/2025,P
117046,101,11/21/2025,P
117463,102,11/21/2025,P
117598,102,11/21/2025,P
117631,101,11/21/2025,P
118824,101,11/21/2025,P
118848,101,11/21/2025,P
119009,101,11/21/2025,P
119050,102,11/21/2025,P
119144,102,11/21/2025,P
119292,102,11/21/2025,P
119901,101,11/21/2025,P
120054,101,11/21/2025,P
120160,101,11/21/2025,P
120250,101,11/21/2025,P
120541,102,11/21/2025,P
120593,102,11/21/2025,P
120752,101,11/21/2025,P
120937,102,11/21/2025,P
121367,102,11/21/2025,P
121480,101,11/21/2025,P
122308,101,11/21/2025,A
122742,101,11/21/2025,P
122784,102,11/21/2025,P
123160,102,11/21/2025,P
123372,101,11/21/2025,P
123412,101,11/21/2025,P
123588,101,11/21/2025,P
123825,101,11/21/2025,P
124172,101,11/21/2025,P
124256,101,11/21/2025,P
124641,101,11/21/2025,P
124664,101,11/21/2025,P
125516,102,11/21/2025,P
125585,102,11/21/2025,P
126032,101,11/21/2025,P
126093,102,11/21/2025,P
126134,101,11/21/2025,P
126342,101,11/21/2025,P
126350,102,11/21/2025,P
126955,101,11/21/2025,P
127003,102,11/21/2025,P
127379,101,11/21/2025,P
127522,102,11/21/2025,E
127565,102,11/21/2025,P
127670,102,11/21/2025,P
127881,102,11/21/2025,P
127903,102,11/21/2025,A
128141,102,11/21/2025,P
128381,102,11/21/2025,P
128457,101,11/21/2025,P
128734,101,11/21/2025,P
128907,101,11/21/2025,P
129451,102,11/21/2025,P
129468,102,11/21/2025,P
129500,101,11/21/2025,P
129571,102,11/21/2025,P
129682,101,11/21/2025,P
129936,101,11/21/2025,P
129979,102,11/21/2025,P
129992,101,11/21/2025,P
130030,101,11/21/2025,A
130216,101,11/21/2025,P
130582,101,11/21/2025,P
130762,101,11/21/2025,P
130804,102,11/21/2025,P
130997,102,11/21/2025,P
131196,102,11/21/2025,P
131384,102,11/21/2025,P
131401,101,11/21/2025,P
131595,102,11/21/2025,P
131822,101,11/21/2025,P
132081,102,11/21/2025,P
132131,101,11/21/2025,P
132171,102,11/21/2025,P
132180,102,11/21/2025,P
132242,101,11/21/2025,P
132581,102,11/21/2025,P
132608,101,11/21/2025,P
132664,102,11/21/2025,P
132666,101,11/21/2025,P
132892,101,11/21/2025,P
132932,102,11/21/2025,P
133077,102,11/21/2025,P
133184,101,11/21/2025,P
133272,102,11/21/2025,A
133448,102,11/21/2025,P
133506,101,11/21/2025,P
133542,102,11/21/2025,P
133616,102,11/21/2025,P
133658,101,11/21/2025,P
133762,101,11/21/2025,P
133946,101,11/21/2025,P
134080,101,11/21/2025,P
134268,102,11/21/2025,P
134289,102,11/21/2025,P
134383,101,11/21/2025,P
135262,102,11/21/2025,P
135758,101,11/21/2025,P
135769,101,11/21/2025,P
135812,102,11/21/2025,P
135821,102,11/21/2025,P
135901,101,11/21/2025,P
135923,101,11/21/2025,P
136336,102,11/21/2025,T
136474,101,11/21/2025,P
136533,101,11/21/2025,P
136558,102,11/21/2025,P
136686,102,11/21/2025,P
136962,101,11/21/2025,P
137523,102,11/21/2025,P
137636,101,11/21/2025,P
137717,102,11/21/2025,P
137842,102,11/21/2025,P
138052,102,11/21/2025,P
138211,102,11/21/2025,P
138406,102,11/21/2025,P
138438,102,11/21/2025,P
138530,101,11/21/2025,E
139142,101,11/21/2025,P
139199,101,11/21/2025,P
139332,102,11/21/2025,P
139389,102,11/21/2025,P
139985,102,11/21/2025,P
100014,101,11/24/2025,P
100166,102,11/24/2025,P
100336,101,11/24/2025,P
100607,102,11/24/2025,P
100752,102,11/24/2025,P
100919,102,11/24/2025,P
100926,101,11/24/2025,P
101621,101,11/24/2025,P
101663,101,11/24/2025,P
101676,101,11/24/2025,P
101690,102,11/24/2025,P
102169,102,11/24/2025,P
102203,101,11/24/2025,P
102926,102,11/24/2025,P
103203,101,11/24/2025,P
103366,101,11/24/2025,P
104213,102,11/24/2025,P
104812,101,11/24/2025,E
105001,102,11/24/2025,P
105290,102,11/24/2025,P
105443,101,11/24/2025,P
105533,101,11/24/2025,P
105876,102,11/24/2025,P
105943,101,11/24/2025,P
106040,102,11/24/2025,P
106334,101,11/24/2025,P
106425,102,11/24/2025,P
106447,101,11/24/2025,P
106722,101,11/24/2025,P
106726,102,11/24/2025,P
106955,102,11/24/2025,P
107257,102,11/24/2025,P
107631,101,11/24/2025,p
107806,101,11/24/2025,P
107917,101,11/24/2025,P
107954,101,11/24/2025,P
107996,102,11/24/2025,P
108454,101,11/24/2025,P
108599,101,11/24/2025,P
108838,102,11/24/2025,P
108870,101,11/24/2025,P
109233,102,11/24/2025,P
109333,101,11/24/2025,E
109591,102,11/24/2025,P
109734,101,11/24/2025,P
109820,101,11/24/2025,P
110142,102,11/24/2025,P
110493,102,11/24/2025,P
111996,102,11/24/2025,P
112752,101,11/24/2025,P
112890,102,11/24/2025,P
113028,101,11/24/2025,P
113096,101,11/24/2025,E
113273,102,11/24/2025,E
113777,102,11/24/2025,P
114609,101,11/24/2025,P
114633,102,11/24/2025,P
114714,101,11/24/2025,P
115002,101,11/24/2025,P
115724,102,11/24/2025,P
116242,102,11/24/2025,P
116449,101,11/24/2025,T
116483,101,11/24/2025,P
116950,102,11/24/2025,P
116962,101,11/24/2025,P
117046,101,11/24/2025,P
117463,102,11/24/2025,P
117598,102,11/24/2025,P
117631,101,11/24/2025,P
118824,101,11/24/2025,P
118848,101,11/24/2025,P
119009,101,11/24/2025,P
119050,102,11/24/2025,P
119144,102,11/24/2025,P
119292,102,11/24/2025,P
119901,101,11/24/2025,P
120054,101,11/24/2025,P
120160,101,11/24/2025,T
120250,101,11/24/2025,T
120541,102,11/24/2025,P
120593,102,11/24/2025,P
120752,101,11/24/2025,P
120937,102,11/24/2025,P
121367,102,11/24/2025,P
121480,101,11/24/2025,P
122308,101,11/24/2025,P
122742,101,11/24/2025,P
122784,102,11/24/2025,P
123160,102,11/24/2025,P
123372,101,11/24/2025,P
123412,101,11/24/2025,P
123588,101,11/24/2025,P
123825,101,11/24/2025,P
124172,101,11/24/2025,P
124256,101,11/24/2025,P
124641,101,11/24/2025,P
124664,101,11/24/2025,P
125516,102,11/24/2025,P
125585,102,11/24/2025,P
126032,101,11/24/2025,P
126093,102,11/24/2025,A
126134,101,11/24/2025,P
126342,101,11/24/2025,P
126350,102,11/24/2025,P
126955,101,11/24/2025,P
127003,102,11/24/2025,P
127379,101,11/24/2025,P
127522,102,11/24/2025,P
127565,102,11/24/2025,T
127670,102,11/24/2025,P
127881,102,11/24/2025,P
127903,102,11/24/2025,P
128141,102,11/24/2025,P
128381,102,11/24/2025,P
128457,101,11/24/2025,P
128734,101,11/24/2025,P
128907,101,11/24/2025,P
129451,102,11/24/2025,P
129468,102,11/24/2025,P
129500,101,11/24/2025,P
129571,102,11/24/2025,P
129682,101,11/24/2025,P
129936,101,11/24/2025,P
129979,102,11/24/2025,P
129992,101,11/24/2025,P
130030,101,11/24/2025,A
130216,101,11/24/2025,P
130582,101,11/24/2025,P
130762,101,11/24/2025,P
130804,102,11/24/2025,P
130997,102,11/24/2025,P
131196,102,11/24/2025,P
131384,102,11/24/2025,P
131401,101,11/24/2025,P
131595,102,11/24/2025,P
131822,101,11/24/2025,P
132081,102,11/24/2025,P
132131,101,11/24/2025,P
132171,102,11/24/2025,P
132180,102,11/24/2025,P
132242,101,11/24/2025,P
132581,102,11/24/2025,P
132608,101,11/24/2025,P
132664,102,11/24/2025,P
132666,101,11/24/2025,P
132892,101,11/24/2025,P
132932,102,11/24/2025,P
133077,102,11/24/2025,P
133184,101,11/24/2025,P
133272,102,11/24/2025,P
133448,102,11/24/2025,P
133506,101,11/24/2025,P
133542,102,11/24/2025,P
133616,102,11/24/2025,P
133658,101,11/24/2025,P
133762,101,11/24/2025,A
133946,101,11/24/2025,P
134080,101,11/24/2025,E
134268,102,11/24/2025,P
134289,102,11/24/2025,P
134383,101,11/24/2025,P
135262,102,11/24/2025,P
135758,101,11/24/2025,A
135769,101,11/24/2025,P
135812,102,11/24/2025,P
135821,102,11/24/2025,P
135901,101,11/24/2025,P
135923,101,11/24/2025,T
136336,102,11/24/2025,P
136474,101,11/24/2025,T
136533,101,11/24/2025,P
136558,102,11/24/2025,P
136686,102,11/24/2025,P
136962,101,11/24/2025,P
137523,102,11/24/2025,P
137636,101,11/24/2025,P
137717,102,11/24/2025,P
137842,102,11/24/2025,P
138052,102,11/24/2025,P
138211,102,11/24/2025,P
138406,102,11/24/2025,P
138438,102,11/24/2025,P
138530,101,11/24/2025,P
139142,101,11/24/2025,P
139199,101,11/24/2025,P
139332,102,11/24/2025,P
139389,102,11/24/2025,P
139985,102,11/24/2025,P
100014,101,11/25/2025,P
100166,102,11/25/2025,P
100336,101,11/25/2025,P
100607,102,11/25/2025,P
100752,102,11/25/2025,P
100919,102,11/25/2025,P
100926,101,11/25/2025,P
101621,101,11/25/2025,P
101663,101,11/25/2025,A
101676,101,11/25/2025,P
101690,102,11/25/2025,P
102169,102,11/25/2025,P
102203,101,11/25/2025,P
102926,102,11/25/2025,P
103203,101,11/25/2025,P
103366,101,11/25/2025,P
104213,102,11/25/2025,P
104812,101,11/25/2025,P
105001,102,11/25/2025,P
105290,102,11/25/2025,P
105443,101,11/25/2025,A
105533,101,11/25/2025,P
105876,102,11/25/2025,P
105943,101,11/25/2025,P
106040,102,11/25/2025,P
106334,101,11/25/2025,P
106425,102,11/25/2025,P
106447,101,11/25/2025,P
106722,101,11/25/2025,P
106726,102,11/25/2025,P
106955,102,11/25/2025,P
107257,102,11/25/2025,P
107631,101,11/25/2025,P
107806,101,11/25/2025,P
107917,101,11/25/2025,P
107954,101,11/25/2025,P
107996,102,11/25/2025,P
108454,101,11/25/2025,P
108599,101,11/25/2025,P
108838,102,11/25/2025,P
108870,101,11/25/2025,P
109233,102,11/25/2025,P
109333,101,11/25/2025,P
109591,102,11/25/2025,P
109734,101,11/25/2025,A
109820,101,11/25/2025,P
110142,102,11/25/2025,P
110493,102,11/25/2025,P
111996,102,11/25/2025,P
112752,101,11/25/2025,P
112890,102,11/25/2025,P
113028,101,11/25/2025,P
113096,101,11/25/2025,P
113273,102,11/25/2025,P
113777,102,11/25/2025,P
114609,101,11/25/2025,P
114633,102,11/25/2025,P
114714,101,11/25/2025,P
115002,101,11/25/2025,P
115724,102,11/25/2025,T
116242,102,11/25/2025,P
116449,101,11/25/2025,T
116483,101,11/25/2025,P
116950,102,11/25/2025,P
116962,101,11/25/2025,P
117046,101,11/25/2025,P
117463,102,11/25/2025,P
117598,102,11/25/2025,P
117631,101,11/25/2025,E
118824,101,11/25/2025,P
118848,101,11/25/2025,P
119009,101,11/25/2025,P
119050,102,11/25/2025,P
119144,102,11/25/2025,P
119292,102,11/25/2025,P
119901,101,11/25/2025,P
120054,101,11/25/2025,P
120160,101,11/25/2025,P
120250,101,11/25/2025,P
120541,102,11/25/2025,P
120593,102,11/25/2025,T
120752,101,11/25/2025,A
120937,102,11/25/2025,P
121367,102,11/25/2025,P
121480,101,11/25/2025,P
122308,101,11/25/2025,P
122742,101,11/25/2025,P
122784,102,11/25/2025,T
123160,102,11/25/2025,P
123372,101,11/25/2025,P
123412,101,11/25/2025,E
123588,101,11/25/2025,P
123825,101,11/25/2025,P
124172,101,11/25/2025,P
124256,101,11/25/2025,P
124641,101,11/25/2025,P
124664,101,11/25/2025,E
125516,102,11/25/2025,P
125585,102,11/25/2025,P
126032,101,11/25/2025,P
126093,102,11/25/2025,P
126134,101,11/25/2025,P
126342,101,11/25/2025,P
126350,102,11/25/2025,P
126955,101,11/25/2025,E
127003,102,11/25/2025,T
127379,101,11/25/2025,P
127522,102,11/25/2025,P
127565,102,11/25/2025,P
127670,102,11/25/2025,P
127881,102,11/25/2025,P
127903,102,11/25/2025,P
128141,102,11/25/2025,P
128381,102,11/25/2025,P
128457,101,11/25/2025,P
128734,101,11/25/2025,P
128907,101,11/25/2025,P
129451,102,11/25/2025,P
129468,102,11/25/2025,P
129500,101,11/25/2025,E
129571,102,11/25/2025,E
129682,101,11/25/2025,P
129936,101,11/25/2025,P
129979,102,11/25/2025,P
129992,101,11/25/2025,P
130030,101,11/25/2025,P
130216,101,11/25/2025,P
130582,101,11/25/2025,P
130762,101,11/25/2025,P
130804,102,11/25/2025,P
130997,102,11/25/2025,A
131196,102,11/25/2025,P
131384,102,11/25/2025,P
131401,101,11/25/2025,E
131595,102,11/25/2025,P
131822,101,11/25/2025,P
132081,102,11/25/2025,P
132131,101,11/25/2025,P
132171,102,11/25/2025,P
132180,102,11/25/2025,P
132242,101,11/25/2025,P
132581,102,11/25/2025,P
132608,101,11/25/2025,P
132664,102,11/25/2025,P
132666,101,11/25/2025,P
132892,101,11/25/2025,P
132932,102,11/25/2025,E
133077,102,11/25/2025,P
133184,101,11/25/2025,P
133272,102,11/25/2025,P
133448,102,11/25/2025,P
133506,101,11/25/2025,P
133542,102,11/25/2025,p
133616,102,11/25/2025,T
133658,101,11/25/2025,P
133762,101,11/25/2025,A
133946,101,11/25/2025,P
134080,101,11/25/2025,P
134268,102,11/25/2025,P
134289,102,11/25/2025,P
134383,101,11/25/2025,P
135262,102,11/25/2025,P
135758,101,11/25/2025,P
135769,101,11/25/2025,P
135812,102,11/25/2025,P
135821,102,11/25/2025,P
135901,101,11/25/2025,P
135923,101,11/25/2025,P
136336,102,11/25/2025,P
136474,101,11/25/2025,P
136533,101,11/25/2025,P
136558,102,11/25/2025,P
136686,102,11/25/2025,P
136962,101,11/25/2025,P
137523,102,11/25/2025,P
137636,101,11/25/2025,P
137717,102,11/25/2025,P
137842,102,11/25/2025,P
138052,102,11/25/2025,P
138211,102,11/25/2025,P
138406,102,11/25/2025,P
138438,102,11/25/2025,T
138530,101,11/25/2025,P
139142,101,11/25/2025,P
139199,101,11/25/2025,P
139332,102,11/25/2025,P
139389,102,11/25/2025,T
139985,102,11/25/2025,P
101676,101,11/27/2025,P
102169,102,11/27/2025,P
109233,102,11/27/2025,P
100014,101,12/01/2025,P
100166,102,12/01/2025,P
100336,101,12/01/2025,P
100607,102,12/01/2025,T
100752,102,12/01/2025,P
100919,102,12/01/2025,P
100926,101,12/01/2025,P
101621,101,12/01/2025,P
101663,101,12/01/2025,P
101676,101,12/01/2025,P
101690,102,12/01/2025,P
102169,102,12/01/2025,P
102203,101,12/01/2025,P
102926,102,12/01/2025,P
103203,101,12/01/2025,P
103366,101,12/01/2025,P
104213,102,12/01/2025,P
104812,101,12/01/2025,A
105001,102,12/01/2025,P
105290,102,12/01/2025,P
105443,101,12/01/2025,P
105533,101,12/01/2025,P
105876,102,12/01/2025,P
105943,101,12/01/2025,P
106040,102,12/01/2025,P
106334,101,12/01/2025,P
106425,102,12/01/2025,E
106447,101,12/01/2025,P
106722,101,12/01/2025,P
106726,102,12/01/2025,P
106955,102,12/01/2025,P
107257,102,12/01/2025,P
107631,101,12/01/2025,P
107806,101,12/01/2025,P
107917,101,12/01/2025,P
107954,101,12/01/2025,T
107996,102,12/01/2025,P
108454,101,12/01/2025,P
108599,101,12/01/2025,P
108838,102,12/01/2025,P
108870,101,12/01/2025,e
109233,102,12/01/2025,P
109333,101,12/01/2025,P
109591,102,12/01/2025,P
109734,101,12/01/2025,P
109820,101,12/01/2025,P
110142,102,12/01/2025,P
110493,102,12/01/2025,P
111996,102,12/01/2025,P
112752,101,12/01/2025,P
112890,102,12/01/2025,P
113028,101,12/01/2025,P
113096,101,12/01/2025,P
113273,102,12/01/2025,P
113777,102,12/01/2025,P
114609,101,12/01/2025,P
114633,102,12/01/2025,P
114714,101,12/01/2025,P
115002,101,12/01/2025,P
115724,102,12/01/2025,P
116242,102,12/01/2025,P
116449,101,12/01/2025,P
116483,101,12/01/2025,T
116950,102,12/01/2025,P
116962,101,12/01/2025,P
117046,101,12/01/2025,P
117463,102,12/01/2025,P
117598,102,12/01/2025,P
117631,101,12/01/2025,P
118824,101,12/01/2025,P
118848,101,12/01/2025,P
119009,101,12/01/2025,P
119050,102,12/01/2025,P
119144,102,12/01/2025,A
119292,102,12/01/2025,P
119901,101,12/01/2025,P
120054,101,12/01/2025,P
120160,101,12/01/2025,P
120250,101,12/01/2025,P
120541,102,12/01/2025,P
120593,102,12/01/2025,P
120752,101,12/01/2025,P
120937,102,12/01/2025,P
121367,102,12/01/2025,T
121480,101,12/01/2025,P
122308,101,12/01/2025,P
122742,101,12/01/2025,P
122784,102,12/01/2025,P
123160,102,12/01/2025,P
123372,101,12/01/2025,P
123412,101,12/01/2025,P
123588,101,12/01/2025,P
123825,101,12/01/2025,P
124172,101,12/01/2025,T
124256,101,12/01/2025,P
124641,101,12/01/2025,P
124664,101,12/01/2025,P
125516,102,12/01/2025,P
125585,102,12/01/2025,P
126032,101,12/01/2025,P
126093,102,12/01/2025,P
126134,101,12/01/2025,P
126342,101,12/01/2025,P
126350,102,12/01/2025,P
126955,101,12/01/2025,P
127003,102,12/01/2025,P
127379,101,12/01/2025,A
127522,102,12/01/2025,P
127565,102,12/01/2025,P
127670,102,12/01/2025,T
127881,102,12/01/2025,P
127903,102,12/01/2025,P
128141,102,12/01/2025,P
128381,102,12/01/2025,P
128457,101,12/01/2025,T
128734,101,12/01/2025,P
128907,101,12/01/2025,P
129451,102,12/01/2025,p
129468,102,12/01/2025,P
129500,101,12/01/2025,P
129571,102,12/01/2025,P
129682,101,12/01/2025,P
129936,101,12/01/2025,P
129979,102,12/01/2025,P
129992,101,12/01/2025,P
130030,101,12/01/2025,P
130216,101,12/01/2025,P
130582,101,12/01/2025,P
130762,101,12/01/2025,P
130804,102,12/01/2025,P
130997,102,12/01/2025,P
131196,102,12/01/2025,T
131384,102,12/01/2025,P
131401,101,12/01/2025,P
131595,102,12/01/2025,P
131822,101,12/01/2025,P
132081,102,12/01/2025,P
132131,101,12/01/2025,P
132171,102,12/01/2025,P
132180,102,12/01/2025,P
132242,101,12/01/2025,P
132581,102,12/01/2025,P
132608,101,12/01/2025,T
132664,102,12/01/2025,P
132666,101,12/01/2025,P
132892,101,12/01/2025,P
132932,102,12/01/2025,P
133077,102,12/01/2025,P
133184,101,12/01/2025,P
133272,102,12/01/2025,P
133448,102,12/01/2025,P
133506,101,12/01/2025,P
133542,102,12/01/2025,P
133616,102,12/01/2025,P
133658,101,12/01/2025,P
133762,101,12/01/2025,A
133946,101,12/01/2025,P
134080,101,12/01/2025,T
134268,102,12/01/2025,P
134289,102,12/01/2025,P
134383,101,12/01/2025,T
135262,102,12/01/2025,P
135758,101,12/01/2025,P
135769,101,12/01/2025,P
135812,102,12/01/2025,P
135821,102,12/01/2025,P
135901,101,12/01/2025,P
135923,101,12/01/2025,P
136336,102,12/01/2025,T
136474,101,12/01/2025,P
136533,101,12/01/2025,P
136558,102,12/01/2025,P
136686,102,12/01/2025,P
136962,101,12/01/2025,P
137523,102,12/01/2025,P
137636,101,12/01/2025,P
137717,102,12/01/2025,P
137842,102,12/01/2025,P
138052,102,12/01/2025,P
138211,102,12/01/2025,P
138406,102,12/01/2025,P
138438,102,12/01/2025,P
138530,101,12/01/2025,P
139142,101,12/01/2025,P
139199,101,12/01/2025,P
139332,102,12/01/2025,P
139389,102,12/01/2025,P
139985,102,12/01/2025,P
100014,101,12/02/2025,P
100166,102,12/02/2025,P
100336,101,12/02/2025,P
100607,102,12/02/2025,P
100752,102,12/02/2025,P
100919,102,12/02/2025,P
100926,101,12/02/2025,P
101621,101,12/02/2025,P
101663,101,12/02/2025,P
101676,101,12/02/2025,P
101690,102,12/02/2025,P
102169,102,12/02/2025,E
102203,101,12/02/2025,P
102926,102,12/02/2025,P
103203,101,12/02/2025,P
103366,101,12/02/2025,P
104213,102,12/02/2025,P
104812,101,12/02/2025,P
105001,102,12/02/2025,P
105290,102,12/02/2025,P
105443,101,12/02/2025,P
105533,101,12/02/2025,P
105876,102,12/02/2025,P
105943,101,12/02/2025,P
106040,102,12/02/2025,P
106334,101,12/02/2025,P
106425,102,12/02/2025,P
106447,101,12/02/2025,P
106722,101,12/02/2025,P
106726,102,12/02/2025,P
106955,102,12/02/2025,P
107257,102,12/02/2025,A
107631,101,12/02/2025,P
107806,101,12/02/2025,P
107917,101,12/02/2025,E
107954,101,12/02/2025,P
107996,102,12/02/2025,P
108454,101,12/02/2025,P
108599,101,12/02/2025,P
108838,102,12/02/2025,P
108870,101,12/02/2025,P
109233,102,12/02/2025,P
109333,101,12/02/2025,P
109591,102,12/02/2025,P
109734,101,12/02/2025,P
109820,101,12/02/2025,P
110142,102,12/02/2025,T
110493,102,12/02/2025,P
111996,102,12/02/2025,T
112752,101,12/02/2025,P
112890,102,12/02/2025,P
113028,101,12/02/2025,P
113096,101,12/02/2025,A
113273,102,12/02/2025,P
113777,102,12/02/2025,P
114609,101,12/02/2025,P
114633,102,12/02/2025,P
114714,101,12/02/2025,P
115002,101,12/02/2025,P
115724,102,12/02/2025,P
116242,102,12/02/2025,P
116449,101,12/02/2025,T
116483,101,12/02/2025,P
116950,102,12/02/2025,P
116962,101,12/02/2025,P
117046,101,12/02/2025,T
117463,102,12/02/2025,P
117598,102,12/02/2025,A
117631,101,12/02/2025,P
118824,101,12/02/2025,P
118848,101,12/02/2025,P
119009,101,12/02/2025,P
119050,102,12/02/2025,P
119144,102,12/02/2025,P
119292,102,12/02/2025,P
119901,101,12/02/2025,P
120054,101,12/02/2025,P
120160,101,12/02/2025,P
120250,101,12/02/2025,P
120541,102,12/02/2025,P
120593,102,12/02/2025,P
120752,101,12/02/2025,P
120937,102,12/02/2025,P
121367,102,12/02/2025,P
121480,101,12/02/2025,P
122308,101,12/02/2025,E
122742,101,12/02/2025,P
122784,102,12/02/2025,P
123160,102,12/02/2025,P
123372,101,12/02/2025,T
123412,101,12/02/2025,E
123588,101,12/02/2025,P
123825,101,12/02/2025,P
124172,101,12/02/2025,P
124256,101,12/02/2025,P
124641,101,12/02/2025,P
124664,101,12/02/2025,P
125516,102,12/02/2025,P
125585,102,12/02/2025,P
126032,101,12/02/2025,P
126093,102,12/02/2025,P
126134,101,12/02/2025,P
126342,101,12/02/2025,P
126350,102,12/02/2025,P
126955,101,12/02/2025,P
127003,102,12/02/2025,T
127379,101,12/02/2025,P
127522,102,12/02/2025,P
127565,102,12/02/2025,P
127670,102,12/02/2025,p
127881,102,12/02/2025,P
127903,102,12/02/2025,P
128141,102,12/02/2025,P
128381,102,12/02/2025,P
128457,101,12/02/2025,P
128734,101,12/02/2025,P
128907,101,12/02/2025,P
129451,102,12/02/2025,P
129468,102,12/02/2025,A
129500,101,12/02/2025,P
129571,102,12/02/2025,P
129682,101,12/02/2025,P
129936,101,12/02/2025,P
129979,102,12/02/2025,P
129992,101,12/02/2025,P
130030,101,12/02/2025,T
130216,101,12/02/2025,P
130582,101,12/02/2025,T
130762,101,12/02/2025,P
130804,102,12/02/2025,P
130997,102,12/02/2025,P
131196,102,12/02/2025,P
131384,102,12/02/2025,P
131401,101,12/02/2025,P
131595,102,12/02/2025,P
131822,101,12/02/2025,P
132081,102,12/02/2025,P
132131,101,12/02/2025,P
132171,102,12/02/2025,P
132180,102,12/02/2025,P
132242,101,12/02/2025,P
132581,102,12/02/2025,P
132608,101,12/02/2025,P
132664,102,12/02/2025,E
132666,101,12/02/2025,P
132892,101,12/02/2025,P
132932,102,12/02/2025,P
133077,102,12/02/2025,P
133184,101,12/02/2025,P
133272,102,12/02/2025,P
133448,102,12/02/2025,P
133506,101,12/02/2025,P
133542,102,12/02/2025,P
133616,102,12/02/2025,P
133658,101,12/02/2025,P
133762,101,12/02/2025,P
133946,101,12/02/2025,P
134080,101,12/02/2025,P
134268,102,12/02/2025,P
134289,102,12/02/2025,P
134383,101,12/02/2025,P
135262,102,12/02/2025,P
135758,101,12/02/2025,P
135769,101,12/02/2025,P
135812,102,12/02/2025,P
135821,102,12/02/2025,P
135901,101,12/02/2025,P
135923,101,12/02/2025,P
136336,102,12/02/2025,P
136474,101,12/02/2025,P
136533,101,12/02/2025,P
136558,102,12/02/2025,P
136686,102,12/02/2025,P
136962,101,12/02/2025,P
137523,102,12/02/2025,P
137636,101,12/02/2025,P
137717,102,12/02/2025,P
137842,102,12/02/2025,P
138052,102,12/02/2025,P
138211,102,12/02/2025,P
138406,102,12/02/2025,P
138438,102,12/02/2025,P
138530,101,12/02/2025,E
139142,101,12/02/2025,P
139199,101,12/02/2025,P
139332,102,12/02/2025,P
139389,102,12/02/2025,P
139985,102,12/02/2025,P
100014,101,12/03/2025,P
100166,102,12/03/2025,P
100336,101,12/03/2025,P
100607,102,12/03/2025,P
100752,102,12/03/2025,P
100919,102,12/03/2025,P
100926,101,12/03/2025,P
101621,101,12/03/2025,P
101663,101,12/03/2025,P
101676,101,12/03/2025,P
101690,102,12/03/2025,E
102169,102,12/03/2025,P
102203,101,12/03/2025,P
102926,102,12/03/2025,P
103203,101,12/03/2025,P
103366,101,12/03/2025,E
104213,102,12/03/2025,P
104812,101,12/03/2025,P
105001,102,12/03/2025,P
105290,102,12/03/2025,P
105443,101,12/03/2025,P
105533,101,12/03/2025,T
105876,102,12/03/2025,P
105943,101,12/03/2025,P
106040,102,12/03/2025,P
106334,101,12/03/2025,P
106425,102,12/03/2025,P
106447,101,12/03/2025,P
106722,101,12/03/2025,P
106726,102,12/03/2025,P
106955,102,12/03/2025,P
107257,102,12/03/2025,P
107631,101,12/03/2025,P
107806,101,12/03/2025,P
107917,101,12/03/2025,P
107954,101,12/03/2025,P
107996,102,12/03/2025,P
108454,101,12/03/2025,P
108599,101,12/03/2025,p
108838,102,12/03/2025,A
108870,101,12/03/2025,P
109233,102,12/03/2025,P
109333,101,12/03/2025,P
109591,102,12/03/2025,P
109734,101,12/03/2025,P
109820,101,12/03/2025,P
110142,102,12/03/2025,P
110493,102,12/03/2025,P
111996,102,12/03/2025,E
112752,101,12/03/2025,A
112890,102,12/03/2025,P
113028,101,12/03/2025,P
113096,101,12/03/2025,E
113273,102,12/03/2025,P
113777,102,12/03/2025,P
114609,101,12/03/2025,P
114633,102,12/03/2025,T
114714,101,12/03/2025,P
115002,101,12/03/2025,P
115724,102,12/03/2025,P
116242,102,12/03/2025,P
116449,101,12/03/2025,P
116483,101,12/03/2025,P
116950,102,12/03/2025,P
116962,101,12/03/2025,P
117046,101,12/03/2025,P
117463,102,12/03/2025,P
117598,102,12/03/2025,P
117631,101,12/03/2025,P
118824,101,12/03/2025,P
118848,101,12/03/2025,P
119009,101,12/03/2025,E
119050,102,12/03/2025,P
119144,102,12/03/2025,P
119292,102,12/03/2025,P
119901,101,12/03/2025,P
120054,101,12/03/2025,P
120160,101,12/03/2025,P
120250,101,12/03/2025,A
120541,102,12/03/2025,P
120593,102,12/03/2025,P
120752,101,12/03/2025,P
120937,102,12/03/2025,P
121367,102,12/03/2025,P
121480,101,12/03/2025,P
122308,101,12/03/2025,P
122742,101,12/03/2025,P
122784,102,12/03/2025,P
123160,102,12/03/2025,P
123372,101,12/03/2025,P
123412,101,12/03/2025,P
123588,101,12/03/2025,P
123825,101,12/03/2025,P
124172,101,12/03/2025,P
124256,101,12/03/2025,p
124641,101,12/03/2025,P
124664,101,12/03/2025,P
125516,102,12/03/2025,P
125585,102,12/03/2025,P
126032,101,12/03/2025,P
126093,102,12/03/2025,P
126134,101,12/03/2025,P
126342,101,12/03/2025,P
126350,102,12/03/2025,P
126955,101,12/03/2025,P
127003,102,12/03/2025,P
127379,101,12/03/2025,P
127522,102,12/03/2025,P
127565,102,12/03/2025,P
127670,102,12/03/2025,P
127881,102,12/03/2025,E
127903,102,12/03/2025,P
128141,102,12/03/2025,P
128381,102,12/03/2025,P
128457,101,12/03/2025,P
128734,101,12/03/2025,P
128907,101,12/03/2025,T
129451,102,12/03/2025,P
129468,102,12/03/2025,p
129500,101,12/03/2025,P
129571,102,12/03/2025,P
129682,101,12/03/2025,A
129936,101,12/03/2025,P
129979,102,12/03/2025,P
129992,101,12/03/2025,P
130030,101,12/03/2025,P
130216,101,12/03/2025,P
130582,101,12/03/2025,P
130762,101,12/03/2025,P
130804,102,12/03/2025,P
130997,102,12/03/2025,P
131196,102,12/03/2025,P
131384,102,12/03/2025,P
131401,101,12/03/2025,P
131595,102,12/03/2025,P
131822,101,12/03/2025,P
132081,102,12/03/2025,P
132131,101,12/03/2025,P
132171,102,12/03/2025,P
132180,102,12/03/2025,P
132242,101,12/03/2025,P
132581,102,12/03/2025,T
132608,101,12/03/2025,P
132664,102,12/03/2025,P
132666,101,12/03/2025,P
132892,101,12/03/2025,P
132932,102,12/03/2025,P
133077,102,12/03/2025,P
133184,101,12/03/2025,P
133272,102,12/03/2025,P
133448,102,12/03/2025,P
133506,101,12/03/2025,P
133542,102,12/03/2025,P
133616,102,12/03/2025,P
133658,101,12/03/2025,P
133762,101,12/03/2025,P
133946,101,12/03/2025,P
134080,101,12/03/2025,p
134268,102,12/03/2025,P
134289,102,12/03/2025,P
134383,101,12/03/2025,P
135262,102,12/03/2025,P
135758,101,12/03/2025,P
135769,101,12/03/2025,P
135812,102,12/03/2025,P
135821,102,12/03/2025,P
135901,101,12/03/2025,P
135923,101,12/03/2025,P
136336,102,12/03/2025,P
136474,101,12/03/2025,P
136533,101,12/03/2025,p
136558,102,12/03/2025,P
136686,102,12/03/2025,P
136962,101,12/03/2025,P
137523,102,12/03/2025,P
137636,101,12/03/2025,P
137717,102,12/03/2025,P
137842,102,12/03/2025,P
138052,102,12/03/2025,P
138211,102,12/03/2025,P
138406,102,12/03/2025,P
138438,102,12/03/2025,P
138530,101,12/03/2025,P
139142,101,12/03/2025,E
139199,101,12/03/2025,P
139332,102,12/03/2025,P
139389,102,12/03/2025,P
139985,102,12/03/2025,P
100014,101,12/04/2025,E
100166,102,12/04/2025,P
100336,101,12/04/2025,P
100607,102,12/04/2025,P
100752,102,12/04/2025,P
100919,102,12/04/2025,P
100926,101,12/04/2025,T
101621,101,12/04/2025,P
101663,101,12/04/2025,P
101676,101,12/04/2025,T
101690,102,12/04/2025,P
102169,102,12/04/2025,P
102203,101,12/04/2025,P
102926,102,12/04/2025,P
103203,101,12/04/2025,P
103366,101,12/04/2025,P
104213,102,12/04/2025,P
104812,101,12/04/2025,P
105001,102,12/04/2025,P
105290,102,12/04/2025,P
105443,101,12/04/2025,P
105533,101,12/04/2025,P
105876,102,12/04/2025,P
105943,101,12/04/2025,P
106040,102,12/04/2025,P
106334,101,12/04/2025,P
106425,102,12/04/2025,P
106447,101,12/04/2025,P
106722,101,12/04/2025,P
106726,102,12/04/2025,P
106955,102,12/04/2025,P
107257,102,12/04/2025,P
107631,101,12/04/2025,P
107806,101,12/04/2025,P
107917,101,12/04/2025,P
107954,101,12/04/2025,P
107996,102,12/04/2025,P
108454,101,12/04/2025,P
108599,101,12/04/2025,P
108838,102,12/04/2025,P
108870,101,12/04/2025,T
109233,102,12/04/2025,P
109333,101,12/04/2025,P
109591,102,12/04/2025,P
109734,101,12/04/2025,E
109820,101,12/04/2025,A
110142,102,12/04/2025,P
110493,102,12/04/2025,P
111996,102,12/04/2025,T
112752,101,12/04/2025,E
112890,102,12/04/2025,T
113028,101,12/04/2025,P
113096,101,12/04/2025,P
113273,102,12/04/2025,P
113777,102,12/04/2025,P
114609,101,12/04/2025,P
114633,102,12/04/2025,P
114714,101,12/04/2025,P
115002,101,12/04/2025,P
115724,102,12/04/2025,P
116242,102,12/04/2025,P
116449,101,12/04/2025,P
116483,101,12/04/2025,P
116950,102,12/04/2025,P
116962,101,12/04/2025,P
117046,101,12/04/2025,P
117463,102,12/04/2025,T
117598,102,12/04/2025,P
117631,101,12/04/2025,P
118824,101,12/04/2025,P
118848,101,12/04/2025,P
119009,101,12/04/2025,P
119050,102,12/04/2025,P
119144,102,12/04/2025,P
119292,102,12/04/2025,P
119901,101,12/04/2025,P
120054,101,12/04/2025,P
120160,101,12/04/2025,P
120250,101,12/04/2025,P
120541,102,12/04/2025,P
120593,102,12/04/2025,P
120752,101,12/04/2025,P
120937,102,12/04/2025,P
121367,102,12/04/2025,P
121480,101,12/04/2025,T
122308,101,12/04/2025,P
122742,101,12/04/2025,P
122784,102,12/04/2025,P
123160,102,12/04/2025,P
123372,101,12/04/2025,P
123412,101,12/04/2025,P
123588,101,12/04/2025,P
123825,101,12/04/2025,P
124172,101,12/04/2025,P
124256,101,12/04/2025,A
124641,101,12/04/2025,T
124664,101,12/04/2025,P
125516,102,12/04/2025,P
125585,102,12/04/2025,A
126032,101,12/04/2025,P
126093,102,12/04/2025,A
126134,101,12/04/2025,P
126342,101,12/04/2025,P
126350,102,12/04/2025,P
126955,101,12/04/2025,P
127003,102,12/04/2025,P
127379,101,12/04/2025,P
127522,102,12/04/2025,P
127565,102,12/04/2025,P
127670,102,12/04/2025,P
127881,102,12/04/2025,P
127903,102,12/04/2025,E
128141,102,12/04/2025,P
128381,102,12/04/2025,P
128457,101,12/04/2025,P
128734,101,12/04/2025,P
128907,101,12/04/2025,P
129451,102,12/04/2025,P
129468,102,12/04/2025,P
129500,101,12/04/2025,P
129571,102,12/04/2025,P
129682,101,12/04/2025,P
129936,101,12/04/2025,P
129979,102,12/04/2025,P
129992,101,12/04/2025,P
130030,101,12/04/2025,P
130216,101,12/04/2025,P
130582,101,12/04/2025,P
130762,101,12/04/2025,P
130804,102,12/04/2025,P
130997,102,12/04/2025,P
131196,102,12/04/2025,P
131384,102,12/04/2025,P
131401,101,12/04/2025,P
131595,102,12/04/2025,P
131822,101,12/04/2025,P
132081,102,12/04/2025,P
132131,101,12/04/2025,P
132171,102,12/04/2025,P
132180,102,12/04/2025,P
132242,101,12/04/2025,T
132581,102,12/04/2025,P
132608,101,12/04/2025,P
132664,102,12/04/2025,P
132666,101,12/04/2025,P
132892,101,12/04/2025,P
132932,102,12/04/2025,E
133077,102,12/04/2025,P
133184,101,12/04/2025,E
133272,102,12/04/2025,P
133448,102,12/04/2025,P
133506,101,12/04/2025,P
133542,102,12/04/2025,P
133616,102,12/04/2025,P
133658,101,12/04/2025,P
133762,101,12/04/2025,P
133946,101,12/04/2025,P
134080,101,12/04/2025,P
134268,102,12/04/2025,P
134289,102,12/04/2025,P
134383,101,12/04/2025,T
135262,102,12/04/2025,P
135758,101,12/04/2025,P
135769,101,12/04/2025,P
135812,102,12/04/2025,P
135821,102,12/04/2025,P
135901,101,12/04/2025,P
135923,101,12/04/2025,P
136336,102,12/04/2025,P
136474,101,12/04/2025,P
136533,101,12/04/2025,P
136558,102,12/04/2025,P
136686,102,12/04/2025,P
136962,101,12/04/2025,P
137523,102,12/04/2025,P
137636,101,12/04/2025,P
137717,102,12/04/2025,P
137842,102,12/04/2025,P
138052,102,12/04/2025,A
138211,102,12/04/2025,P
138406,102,12/04/2025,P
138438,102,12/04/2025,P
138530,101,12/04/2025,P
139142,101,12/04/2025,P
139199,101,12/04/2025,P
139332,102,12/04/2025,P
139389,102,12/04/2025,P
139985,102,12/04/2025,P
100014,101,12/05/2025,P
100166,102,12/05/2025,P
100336,101,12/05/2025,P
100607,102,12/05/2025,P
100752,102,12/05/2025,P
100919,102,12/05/2025,P
100926,101,12/05/2025,P
101621,101,12/05/2025,P
101663,101,12/05/2025,P
101676,101,12/05/2025,P
101690,102,12/05/2025,P
102169,102,12/05/2025,P
102203,101,12/05/2025,P
102926,102,12/05/2025,E
103203,101,12/05/2025,P
103366,101,12/05/2025,P
104213,102,12/05/2025,P
104812,101,12/05/2025,P
105001,102,12/05/2025,P
105290,102,12/05/2025,P
105443,101,12/05/2025,P
105533,101,12/05/2025,P
105876,102,12/05/2025,P
105943,101,12/05/2025,P
106040,102,12/05/2025,P
106334,101,12/05/2025,P
106425,102,12/05/2025,T
106447,101,12/05/2025,P
106722,101,12/05/2025,P
106726,102,12/05/2025,P
106955,102,12/05/2025,P
107257,102,12/05/2025,P
107631,101,12/05/2025,P
107806,101,12/05/2025,P
107917,101,12/05/2025,E
107954,101,12/05/2025,P
107996,102,12/05/2025,P
108454,101,12/05/2025,p
108599,101,12/05/2025,P
108838,102,12/05/2025,P
108870,101,12/05/2025,P
109233,102,12/05/2025,P
109333,101,12/05/2025,T
109591,102,12/05/2025,P
109734,101,12/05/2025,T
109820,101,12/05/2025,P
110142,102,12/05/2025,P
110493,102,12/05/2025,P
111996,102,12/05/2025,A
112752,101,12/05/2025,P
112890,102,12/05/2025,P
113028,101,12/05/2025,A
113096,101,12/05/2025,P
113273,102,12/05/2025,P
113777,102,12/05/2025,P
114609,101,12/05/2025,P
114633,102,12/05/2025,P
114714,101,12/05/2025,P
115002,101,12/05/2025,P
115724,102,12/05/2025,P
116242,102,12/05/2025,P
116449,101,12/05/2025,P
116483,101,12/05/2025,P
116950,102,12/05/2025,P
116962,101,12/05/2025,P
117046,101,12/05/2025,P
117463,102,12/05/2025,P
117598,102,12/05/2025,P
117631,101,12/05/2025,A
118824,101,12/05/2025,P
118848,101,12/05/2025,P
119009,101,12/05/2025,P
119050,102,12/05/2025,P
119144,102,12/05/2025,P
119292,102,12/05/2025,P
119901,101,12/05/2025,P
120054,101,12/05/2025,P
120160,101,12/05/2025,P
120250,101,12/05/2025,P
120541,102,12/05/2025,T
120593,102,12/05/2025,P
120752,101,12/05/2025,P
120937,102,12/05/2025,A
121367,102,12/05/2025,P
121480,101,12/05/2025,E
122308,101,12/05/2025,E
122742,101,12/05/2025,P
122784,102,12/05/2025,P
123160,102,12/05/2025,P
123372,101,12/05/2025,P
123412,101,12/05/2025,P
123588,101,12/05/2025,P
123825,101,12/05/2025,P
124172,101,12/05/2025,P
124256,101,12/05/2025,P
124641,101,12/05/2025,P
124664,101,12/05/2025,P
125516,102,12/05/2025,P
125585,102,12/05/2025,P
126032,101,12/05/2025,P
126093,102,12/05/2025,P
126134,101,12/05/2025,P
126342,101,12/05/2025,P
126350,102,12/05/2025,P
126955,101,12/05/2025,P
127003,102,12/05/2025,T
127379,101,12/05/2025,P
127522,102,12/05/2025,P
127565,102,12/05/2025,P
127670,102,12/05/2025,P
127881,102,12/05/2025,P
127903,102,12/05/2025,P
128141,102,12/05/2025,T
128381,102,12/05/2025,P
128457,101,12/05/2025,P
128734,101,12/05/2025,P
128907,101,12/05/2025,P
129451,102,12/05/2025,P
129468,102,12/05/2025,P
129500,101,12/05/2025,P
129571,102,12/05/2025,P
129682,101,12/05/2025,P
129936,101,12/05/2025,P
129979,102,12/05/2025,P
129992,101,12/05/2025,P
130030,101,12/05/2025,A
130216,101,12/05/2025,P
130582,101,12/05/2025,P
130762,101,12/05/2025,P
130804,102,12/05/2025,P
130997,102,12/05/2025,P
131196,102,12/05/2025,P
131384,102,12/05/2025,P
131401,101,12/05/2025,P
131595,102,12/05/2025,P
131822,101,12/05/2025,P
132081,102,12/05/2025,P
132131,101,12/05/2025,P
132171,102,12/05/2025,T
132180,102,12/05/2025,P
132242,101,12/05/2025,A
132581,102,12/05/2025,P
132608,101,12/05/2025,P
132664,102,12/05/2025,P
132666,101,12/05/2025,P
132892,101,12/05/2025,P
132932,102,12/05/2025,P
133077,102,12/05/2025,P
133184,101,12/05/2025,S
133272,102,12/05/2025,P
133448,102,12/05/2025,P
133506,101,12/05/2025,P
133542,102,12/05/2025,T
133616,102,12/05/2025,P
133658,101,12/05/2025,T
133762,101,12/05/2025,P
133946,101,12/05/2025,P
134080,101,12/05/2025,P
134268,102,12/05/2025,P
134289,102,12/05/2025,P
134383,101,12/05/2025,P
135262,102,12/05/2025,P
135758,101,12/05/2025,E
135769,101,12/05/2025,P
135812,102,12/05/2025,P
135821,102,12/05/2025,P
135901,101,12/05/2025,P
135923,101,12/05/2025,P
136336,102,12/05/2025,P
136474,101,12/05/2025,P
136533,101,12/05/2025,P
136558,102,12/05/2025,P
136686,102,12/05/2025,P
136962,101,12/05/2025,P
137523,102,12/05/2025,P
137636,101,12/05/2025,P
137717,102,12/05/2025,P
137842,102,12/05/2025,P
138052,102,12/05/2025,A
138211,102,12/05/2025,P
138406,102,12/05/2025,T
138438,102,12/05/2025,P
138530,101,12/05/2025,P
139142,101,12/05/2025,P
139199,101,12/05/2025,P
139332,102,12/05/2025,P
139389,102,12/05/2025,P
139985,102,12/05/2025,P
100014,101,12/08/2025,P
100166,102,12/08/2025,P
100336,101,12/08/2025,P
100607,102,12/08/2025,P
100752,102,12/08/2025,P
100919,102,12/08/2025,P
100926,101,12/08/2025,P
101621,101,12/08/2025,P
101663,101,12/08/2025,S
101676,101,12/08/2025,P
101690,102,12/08/2025,P
102169,102,12/08/2025,P
102203,101,12/08/2025,P
102926,102,12/08/2025,P
103203,101,12/08/2025,P
103366,101,12/08/2025,E
104213,102,12/08/2025,P
104812,101,12/08/2025,P
105001,102,12/08/2025,P
105290,102,12/08/2025,P
105443,101,12/08/2025,P
105533,101,12/08/2025,P
105876,102,12/08/2025,P
105943,101,12/08/2025,P
106040,102,12/08/2025,P
106334,101,12/08/2025,P
106425,102,12/08/2025,P
106447,101,12/08/2025,P
106722,101,12/08/2025,P
106726,102,12/08/2025,P
106955,102,12/08/2025,P
107257,102,12/08/2025,P
107631,101,12/08/2025,P
107806,101,12/08/2025,P
107917,101,12/08/2025,E
107954,101,12/08/2025,E
107996,102,12/08/2025,P
108454,101,12/08/2025,P
108599,101,12/08/2025,P
108838,102,12/08/2025,P
108870,101,12/08/2025,P
109233,102,12/08/2025,P
109333,101,12/08/2025,P
109591,102,12/08/2025,P
109734,101,12/08/2025,P
109820,101,12/08/2025,P
110142,102,12/08/2025,P
110493,102,12/08/2025,P
111996,102,12/08/2025,A
112752,101,12/08/2025,P
112890,102,12/08/2025,P
113028,101,12/08/2025,P
113096,101,12/08/2025,P
113273,102,12/08/2025,P
113777,102,12/08/2025,E
114609,101,12/08/2025,P
114633,102,12/08/2025,P
114714,101,12/08/2025,P
115002,101,12/08/2025,P
115724,102,12/08/2025,P
116242,102,12/08/2025,P
116449,101,12/08/2025,P
116483,101,12/08/2025,P
116950,102,12/08/2025,P
116962,101,12/08/2025,P
117046,101,12/08/2025,P
117463,102,12/08/2025,P
117598,102,12/08/2025,P
117631,101,12/08/2025,P
118824,101,12/08/2025,P
118848,101,12/08/2025,P
119009,101,12/08/2025,P
119050,102,12/08/2025,P
119144,102,12/08/2025,P
119292,102,12/08/2025,P
119901,101,12/08/2025,P
120054,101,12/08/2025,T
120160,101,12/08/2025,P
120250,101,12/08/2025,P
120541,102,12/08/2025,P
120593,102,12/08/2025,P
120752,101,12/08/2025,P
120937,102,12/08/2025,P
121367,102,12/08/2025,P
121480,101,12/08/2025,P
122308,101,12/08/2025,P
122742,101,12/08/2025,P
122784,102,12/08/2025,P
123160,102,12/08/2025,P
123372,101,12/08/2025,P
123412,101,12/08/2025,P
123588,101,12/08/2025,P
123825,101,12/08/2025,P
124172,101,12/08/2025,P
124256,101,12/08/2025,P
124641,101,12/08/2025,P
124664,101,12/08/2025,P
125516,102,12/08/2025,T
125585,102,12/08/2025,P
126032,101,12/08/2025,P
126093,102,12/08/2025,P
126134,101,12/08/2025,P
126342,101,12/08/2025,E
126350,102,12/08/2025,P
126955,101,12/08/2025,P
127003,102,12/08/2025,P
127379,101,12/08/2025,P
127522,102,12/08/2025,P
127565,102,12/08/2025,P
127670,102,12/08/2025,P
127881,102,12/08/2025,P
127903,102,12/08/2025,P
128141,102,12/08/2025,P
128381,102,12/08/2025,P
128457,101,12/08/2025,P
128734,101,12/08/2025,P
128907,101,12/08/2025,P
129451,102,12/08/2025,P
129468,102,12/08/2025,P
129500,101,12/08/2025,P
129571,102,12/08/2025,P
129682,101,12/08/2025,P
129936,101,12/08/2025,P
129979,102,12/08/2025,P
129992,101,12/08/2025,P
130030,101,12/08/2025,E
130216,101,12/08/2025,P
130582,101,12/08/2025,P
130762,101,12/08/2025,P
130804,102,12/08/2025,P
130997,102,12/08/2025,P
131196,102,12/08/2025,P
131384,102,12/08/2025,P
131401,101,12/08/2025,P
131595,102,12/08/2025,P
131822,101,12/08/2025,P
132081,102,12/08/2025,P
132131,101,12/08/2025,P
132171,102,12/08/2025,P
132180,102,12/08/2025,P
132242,101,12/08/2025,P
132581,102,12/08/2025,P
132608,101,12/08/2025,P
132664,102,12/08/2025,P
132666,101,12/08/2025,P
132892,101,12/08/2025,P
132932,102,12/08/2025,P
133077,102,12/08/2025,P
133184,101,12/08/2025,P
133272,102,12/08/2025,P
133448,102,12/08/2025,P
133506,101,12/08/2025,P
133542,102,12/08/2025,P
133616,102,12/08/2025,P
133658,101,12/08/2025,P
133762,101,12/08/2025,P
133946,101,12/08/2025,P
134080,101,12/08/2025,P
134268,102,12/08/2025,P
134289,102,12/08/2025,p
134383,101,12/08/2025,A
135262,102,12/08/2025,P
135758,101,12/08/2025,P
135769,101,12/08/2025,P
135812,102,12/08/2025,P
135821,102,12/08/2025,P
135901,101,12/08/2025,P
135923,101,12/08/2025,P
136336,102,12/08/2025,P
136474,101,12/08/2025,P
136533,101,12/08/2025,P
136558,102,12/08/2025,P
136686,102,12/08/2025,P
136962,101,12/08/2025,P
137523,102,12/08/2025,P
137636,101,12/08/2025,P
137717,102,12/08/2025,P
137842,102,12/08/2025,P
138052,102,12/08/2025,P
138211,102,12/08/2025,P
138406,102,12/08/2025,P
138438,102,12/08/2025,P
138530,101,12/08/2025,P
139142,101,12/08/2025,P
139199,101,12/08/2025,T
139332,102,12/08/2025,P
139389,102,12/08/2025,P
139985,102,12/08/2025,P
100014,101,12/09/2025,P
100166,102,12/09/2025,P
100336,101,12/09/2025,P
100607,102,12/09/2025,P
100752,102,12/09/2025,P
100919,102,12/09/2025,E
100926,101,12/09/2025,A
101621,101,12/09/2025,P
101663,101,12/09/2025,P
101676,101,12/09/2025,P
101690,102,12/09/2025,P
102169,102,12/09/2025,E
102203,101,12/09/2025,P
102926,102,12/09/2025,P
103203,101,12/09/2025,P
103366,101,12/09/2025,A
104213,102,12/09/2025,P
104812,101,12/09/2025,P
105001,102,12/09/2025,P
105290,102,12/09/2025,P
105443,101,12/09/2025,P
105533,101,12/09/2025,P
105876,102,12/09/2025,P
105943,101,12/09/2025,P
106040,102,12/09/2025,P
106334,101,12/09/2025,P
106425,102,12/09/2025,E
106447,101,12/09/2025,P
106722,101,12/09/2025,P
106726,102,12/09/2025,P
106955,102,12/09/2025,P
107257,102,12/09/2025,P
107631,101,12/09/2025,P
107806,101,12/09/2025,P
107917,101,12/09/2025,P
107954,101,12/09/2025,P
107996,102,12/09/2025,P
108454,101,12/09/2025,P
108599,101,12/09/2025,P
108838,102,12/09/2025,P
108870,101,12/09/2025,P
109233,102,12/09/2025,P
109333,101,12/09/2025,P
109591,102,12/09/2025,P
109734,101,12/09/2025,P
109820,101,12/09/2025,P
110142,102,12/09/2025,P
110493,102,12/09/2025,P
111996,102,12/09/2025,P
112752,101,12/09/2025,P
112890,102,12/09/2025,P
113028,101,12/09/2025,P
113096,101,12/09/2025,A
113273,102,12/09/2025,P
113777,102,12/09/2025,P
114609,101,12/09/2025,P
114633,102,12/09/2025,P
114714,101,12/09/2025,P
115002,101,12/09/2025,P
115724,102,12/09/2025,P
116242,102,12/09/2025,P
116449,101,12/09/2025,P
116483,101,12/09/2025,P
116950,102,12/09/2025,P
116962,101,12/09/2025,P
117046,101,12/09/2025,T
117463,102,12/09/2025,P
117598,102,12/09/2025,P
117631,101,12/09/2025,P
118824,101,12/09/2025,P
118848,101,12/09/2025,P
119009,101,12/09/2025,P
119050,102,12/09/2025,P
119144,102,12/09/2025,P
119292,102,12/09/2025,P
119901,101,12/09/2025,P
120054,101,12/09/2025,P
120160,101,12/09/2025,E
120250,101,12/09/2025,P
120541,102,12/09/2025,P
120593,102,12/09/2025,P
120752,101,12/09/2025,P
120937,102,12/09/2025,T
121367,102,12/09/2025,A
121480,101,12/09/2025,P
122308,101,12/09/2025,S
122742,101,12/09/2025,P
122784,102,12/09/2025,P
123160,102,12/09/2025,P
123372,101,12/09/2025,P
123412,101,12/09/2025,P
123588,101,12/09/2025,P
123825,101,12/09/2025,P
124172,101,12/09/2025,P
124256,101,12/09/2025,P
124641,101,12/09/2025,P
124664,101,12/09/2025,P
125516,102,12/09/2025,P
125585,102,12/09/2025,P
126032,101,12/09/2025,P
126093,102,12/09/2025,P
126134,101,12/09/2025,P
126342,101,12/09/2025,P
126350,102,12/09/2025,P
126955,101,12/09/2025,P
127003,102,12/09/2025,A
127379,101,12/09/2025,P
127522,102,12/09/2025,P
127565,102,12/09/2025,P
127670,102,12/09/2025,P
127881,102,12/09/2025,P
127903,102,12/09/2025,A
128141,102,12/09/2025,P
128381,102,12/09/2025,P
128457,101,12/09/2025,P
128734,101,12/09/2025,P
128907,101,12/09/2025,P
129451,102,12/09/2025,P
129468,102,12/09/2025,P
129500,101,12/09/2025,P
129571,102,12/09/2025,P
129682,101,12/09/2025,P
129936,101,12/09/2025,P
129979,102,12/09/2025,P
129992,101,12/09/2025,P
130030,101,12/09/2025,P
130216,101,12/09/2025,P
130582,101,12/09/2025,P
130762,101,12/09/2025,P
130804,102,12/09/2025,P
130997,102,12/09/2025,P
131196,102,12/09/2025,P
131384,102,12/09/2025,P
131401,101,12/09/2025,P
131595,102,12/09/2025,P
131822,101,12/09/2025,P
132081,102,12/09/2025,P
132131,101,12/09/2025,P
132171,102,12/09/2025,P
132180,102,12/09/2025,P
132242,101,12/09/2025,T
132581,102,12/09/2025,P
132608,101,12/09/2025,P
132664,102,12/09/2025,P
132666,101,12/09/2025,P
132892,101,12/09/2025,P
132932,102,12/09/2025,P
133077,102,12/09/2025,P
133184,101,12/09/2025,P
133272,102,12/09/2025,P
133448,102,12/09/2025,P
133506,101,12/09/2025,P
133542,102,12/09/2025,P
133616,102,12/09/2025,E
133658,101,12/09/2025,P
133762,101,12/09/2025,E
133946,101,12/09/2025,P
134080,101,12/09/2025,P
134268,102,12/09/2025,P
134289,102,12/09/2025,A
134383,101,12/09/2025,P
135262,102,12/09/2025,P
135758,101,12/09/2025,T
135769,101,12/09/2025,P
135812,102,12/09/2025,P
135821,102,12/09/2025,E
135901,101,12/09/2025,P
135923,101,12/09/2025,P
136336,102,12/09/2025,P
136474,101,12/09/2025,P
136533,101,12/09/2025,P
136558,102,12/09/2025,P
136686,102,12/09/2025,P
136962,101,12/09/2025,P
137523,102,12/09/2025,P
137636,101,12/09/2025,P
137717,102,12/09/2025,P
137842,102,12/09/2025,P
138052,102,12/09/2025,P
138211,102,12/09/2025,P
138406,102,12/09/2025,P
138438,102,12/09/2025,P
138530,101,12/09/2025,P
139142,101,12/09/2025,P
139199,101,12/09/2025,P
139332,102,12/09/2025,P
139389,102,12/09/2025,P
139985,102,12/09/2025,P
100014,101,12/10/2025,P
100166,102,12/10/2025,P
100336,101,12/10/2025,P
100607,102,12/10/2025,P
100752,102,12/10/2025,P
100919,102,12/10/2025,E
100926,101,12/10/2025,P
101621,101,12/10/2025,P
101663,101,12/10/2025,P
101676,101,12/10/2025,P
101690,102,12/10/2025,P
102169,102,12/10/2025,P
102203,101,12/10/2025,P
102926,102,12/10/2025,P
103203,101,12/10/2025,P
103366,101,12/10/2025,T
104213,102,12/10/2025,P
104812,101,12/10/2025,P
105001,102,12/10/2025,P
105290,102,12/10/2025,P
105443,101,12/10/2025,P
105533,101,12/10/2025,P
105876,102,12/10/2025,P
105943,101,12/10/2025,P
106040,102,12/10/2025,P
106334,101,12/10/2025,P
106425,102,12/10/2025,P
106447,101,12/10/2025,P
106722,101,12/10/2025,P
106726,102,12/10/2025,P
106955,102,12/10/2025,P
107257,102,12/10/2025,P
107631,101,12/10/2025,P
107806,101,12/10/2025,P
107917,101,12/10/2025,P
107954,101,12/10/2025,P
107996,102,12/10/2025,P
108454,101,12/10/2025,P
108599,101,12/10/2025,P
108838,102,12/10/2025,P
108870,101,12/10/2025,P
109233,102,12/10/2025,P
109333,101,12/10/2025,P
109591,102,12/10/2025,P
109734,101,12/10/2025,P
109820,101,12/10/2025,P
110142,102,12/10/2025,P
110493,102,12/10/2025,P
111996,102,12/10/2025,A
112752,101,12/10/2025,P
112890,102,12/10/2025,P
113028,101,12/10/2025,P
113096,101,12/10/2025,P
113273,102,12/10/2025,P
113777,102,12/10/2025,P
114609,101,12/10/2025,P
114633,102,12/10/2025,P
114714,101,12/10/2025,P
115002,101,12/10/2025,P
115724,102,12/10/2025,P
116242,102,12/10/2025,P
116449,101,12/10/2025,P
116483,101,12/10/2025,P
116950,102,12/10/2025,P
116962,101,12/10/2025,P
117046,101,12/10/2025,P
117463,102,12/10/2025,P
117598,102,12/10/2025,p
117631,101,12/10/2025,P
118824,101,12/10/2025,P
118848,101,12/10/2025,A
119009,101,12/10/2025,E
119050,102,12/10/2025,P
119144,102,12/10/2025,P
119292,102,12/10/2025,P
119901,101,12/10/2025,P
120054,101,12/10/2025,P
120160,101,12/10/2025,P
120250,101,12/10/2025,P
120541,102,12/10/2025,P
120593,102,12/10/2025,P
120752,101,12/10/2025,P
120937,102,12/10/2025,T
121367,102,12/10/2025,P
121480,101,12/10/2025,P
122308,101,12/10/2025,P
122742,101,12/10/2025,P
122784,102,12/10/2025,P
123160,102,12/10/2025,P
123372,101,12/10/2025,P
123412,101,12/10/2025,P
123588,101,12/10/2025,P
123825,101,12/10/2025,P
124172,101,12/10/2025,P
124256,101,12/10/2025,P
124641,101,12/10/2025,P
124664,101,12/10/2025,P
125516,102,12/10/2025,P
125585,102,12/10/2025,P
126032,101,12/10/2025,P
126093,102,12/10/2025,P
126134,101,12/10/2025,P
126342,101,12/10/2025,P
126350,102,12/10/2025,P
126955,101,12/10/2025,P
127003,102,12/10/2025,P
127379,101,12/10/2025,P
127522,102,12/10/2025,P
127565,102,12/10/2025,P
127670,102,12/10/2025,P
127881,102,12/10/2025,T
127903,102,12/10/2025,E
128141,102,12/10/2025,P
128381,102,12/10/2025,P
128457,101,12/10/2025,P
128734,101,12/10/2025,P
128907,101,12/10/2025,P
129451,102,12/10/2025,P
129468,102,12/10/2025,P
129500,101,12/10/2025,P
129571,102,12/10/2025,P
129682,101,12/10/2025,P
129936,101,12/10/2025,T
129979,102,12/10/2025,P
129992,101,12/10/2025,P
130030,101,12/10/2025,P
130216,101,12/10/2025,P
130582,101,12/10/2025,P
130762,101,12/10/2025,P
130804,102,12/10/2025,P
130997,102,12/10/2025,P
131196,102,12/10/2025,T
131384,102,12/10/2025,P
131401,101,12/10/2025,P
131595,102,12/10/2025,P
131822,101,12/10/2025,P
132081,102,12/10/2025,P
132131,101,12/10/2025,P
132171,102,12/10/2025,P
132180,102,12/10/2025,P
132242,101,12/10/2025,P
132581,102,12/10/2025,P
132608,101,12/10/2025,P
132664,102,12/10/2025,A
132666,101,12/10/2025,P
132892,101,12/10/2025,P
132932,102,12/10/2025,P
133077,102,12/10/2025,P
133184,101,12/10/2025,P
133272,102,12/10/2025,A
133448,102,12/10/2025,P
133506,101,12/10/2025,P
133542,102,12/10/2025,P
133616,102,12/10/2025,P
133658,101,12/10/2025,P
133762,101,12/10/2025,E
133946,101,12/10/2025,P
134080,101,12/10/2025,P
134268,102,12/10/2025,P
134289,102,12/10/2025,P
134383,101,12/10/2025,P
135262,102,12/10/2025,P
135758,101,12/10/2025,P
135769,101,12/10/2025,P
135812,102,12/10/2025,P
135821,102,12/10/2025,P
135901,101,12/10/2025,P
135923,101,12/10/2025,P
136336,102,12/10/2025,T
136474,101,12/10/2025,P
136533,101,12/10/2025,P
136558,102,12/10/2025,P
136686,102,12/10/2025,P
136962,101,12/10/2025,P
137523,102,12/10/2025,P
137636,101,12/10/2025,P
137717,102,12/10/2025,P
137842,102,12/10/2025,P
138052,102,12/10/2025,P
138211,102,12/10/2025,P
138406,102,12/10/2025,P
138438,102,12/10/2025,P
138530,101,12/10/2025,P
139142,101,12/10/2025,P
139199,101,12/10/2025,P
139332,102,12/10/2025,P
139389,102,12/10/2025,P
139985,102,12/10/2025,P
100014,101,12/11/2025,P
100166,102,12/11/2025,P
100336,101,12/11/2025,P
100607,102,12/11/2025,P
100752,102,12/11/2025,P
100919,102,12/11/2025,P
100926,101,12/11/2025,P
101621,101,12/11/2025,P
101663,101,12/11/2025,P
101676,101,12/11/2025,P
101690,102,12/11/2025,P
102169,102,12/11/2025,E
102203,101,12/11/2025,P
102926,102,12/11/2025,P
103203,101,12/11/2025,P
103366,101,12/11/2025,P
104213,102,12/11/2025,P
104812,101,12/11/2025,A
105001,102,12/11/2025,P
105290,102,12/11/2025,P
105443,101,12/11/2025,P
105533,101,12/11/2025,P
105876,102,12/11/2025,P
105943,101,12/11/2025,P
106040,102,12/11/2025,P
106334,101,12/11/2025,P
106425,102,12/11/2025,P
106447,101,12/11/2025,P
106722,101,12/11/2025,P
106726,102,12/11/2025,P
106955,102,12/11/2025,P
107257,102,12/11/2025,P
107631,101,12/11/2025,P
107806,101,12/11/2025,P
107917,101,12/11/2025,P
107954,101,12/11/2025,P
107996,102,12/11/2025,P
108454,101,12/11/2025,P
108599,101,12/11/2025,P
108838,102,12/11/2025,P
108870,101,12/11/2025,P
109233,102,12/11/2025,P
109333,101,12/11/2025,P
109591,102,12/11/2025,P
109734,101,12/11/2025,P
109820,101,12/11/2025,P
110142,102,12/11/2025,P
110493,102,12/11/2025,T
111996,102,12/11/2025,P
112752,101,12/11/2025,P
112890,102,12/11/2025,P
113028,101,12/11/2025,P
113096,101,12/11/2025,E
113273,102,12/11/2025,P
113777,102,12/11/2025,P
114609,101,12/11/2025,A
114633,102,12/11/2025,P
114714,101,12/11/2025,P
115002,101,12/11/2025,E
115724,102,12/11/2025,P
116242,102,12/11/2025,P
116449,101,12/11/2025,P
116483,101,12/11/2025,P
116950,102,12/11/2025,P
116962,101,12/11/2025,P
117046,101,12/11/2025,P
117463,102,12/11/2025,P
117598,102,12/11/2025,P
117631,101,12/11/2025,P
118824,101,12/11/2025,P
118848,101,12/11/2025,P
119009,101,12/11/2025,P
119050,102,12/11/2025,P
119144,102,12/11/2025,P
119292,102,12/11/2025,P
119901,101,12/11/2025,P
120054,101,12/11/2025,P
120160,101,12/11/2025,P
120250,101,12/11/2025,P
120541,102,12/11/2025,P
120593,102,12/11/2025,P
120752,101,12/11/2025,P
120937,102,12/11/2025,P
121367,102,12/11/2025,P
121480,101,12/11/2025,P
122308,101,12/11/2025,S
122742,101,12/11/2025,P
122784,102,12/11/2025,P
123160,102,12/11/2025,P
123372,101,12/11/2025,P
123412,101,12/11/2025,P
123588,101,12/11/2025,P
123825,101,12/11/2025,P
124172,101,12/11/2025,P
124256,101,12/11/2025,P
124641,101,12/11/2025,P
124664,101,12/11/2025,P
125516,102,12/11/2025,P
125585,102,12/11/2025,P
126032,101,12/11/2025,P
126093,102,12/11/2025,P
126134,101,12/11/2025,T
126342,101,12/11/2025,P
126350,102,12/11/2025,P
126955,101,12/11/2025,P
127003,102,12/11/2025,P
127379,101,12/11/2025,P
127522,102,12/11/2025,P
127565,102,12/11/2025,P
127670,102,12/11/2025,P
127881,102,12/11/2025,T
127903,102,12/11/2025,P
128141,102,12/11/2025,P
128381,102,12/11/2025,P
128457,101,12/11/2025,P
128734,101,12/11/2025,P
128907,101,12/11/2025,P
129451,102,12/11/2025,P
129468,102,12/11/2025,P
129500,101,12/11/2025,P
129571,102,12/11/2025,P
129682,101,12/11/2025,P
129936,101,12/11/2025,P
129979,102,12/11/2025,P
129992,101,12/11/2025,P
130030,101,12/11/2025,P
130216,101,12/11/2025,P
130582,101,12/11/2025,P
130762,101,12/11/2025,P
130804,102,12/11/2025,P
130997,102,12/11/2025,P
131196,102,12/11/2025,P
131384,102,12/11/2025,S
131401,101,12/11/2025,P
131595,102,12/11/2025,P
131822,101,12/11/2025,P
132081,102,12/11/2025,P
132131,101,12/11/2025,P
132171,102,12/11/2025,P
132180,102,12/11/2025,P
132242,101,12/11/2025,P
132581,102,12/11/2025,P
132608,101,12/11/2025,P
132664,102,12/11/2025,P
132666,101,12/11/2025,P
132892,101,12/11/2025,P
132932,102,12/11/2025,E
133077,102,12/11/2025,P
133184,101,12/11/2025,P
133272,102,12/11/2025,P
133448,102,12/11/2025,P
133506,101,12/11/2025,P
133542,102,12/11/2025,P
133616,102,12/11/2025,P
133658,101,12/11/2025,P
133762,101,12/11/2025,P
133946,101,12/11/2025,P
134080,101,12/11/2025,P
134268,102,12/11/2025,P
134289,102,12/11/2025,P
134383,101,12/11/2025,P
135262,102,12/11/2025,P
135758,101,12/11/2025,P
135769,101,12/11/2025,P
135812,102,12/11/2025,P
135821,102,12/11/2025,P
135901,101,12/11/2025,P
135923,101,12/11/2025,P
136336,102,12/11/2025,P
136474,101,12/11/2025,P
136533,101,12/11/2025,P
136558,102,12/11/2025,P
136686,102,12/11/2025,P
136962,101,12/11/2025,P
137523,102,12/11/2025,P
137636,101,12/11/2025,p
137717,102,12/11/2025,P
137842,102,12/11/2025,P
138052,102,12/11/2025,P
138211,102,12/11/2025,P
138406,102,12/11/2025,P
138438,102,12/11/2025,P
138530,101,12/11/2025,A
139142,101,12/11/2025,P
139199,101,12/11/2025,P
139332,102,12/11/2025,P
139389,102,12/11/2025,P
139985,102,12/11/2025,P
100014,101,12/12/2025,P
100166,102,12/12/2025,P
100336,101,12/12/2025,P
100607,102,12/12/2025,P
100752,102,12/12/2025,P
100919,102,12/12/2025,P
100926,101,12/12/2025,P
101621,101,12/12/2025,P
101663,101,12/12/2025,T
101676,101,12/12/2025,P
101690,102,12/12/2025,T
102169,102,12/12/2025,P
102203,101,12/12/2025,P
102926,102,12/12/2025,P
103203,101,12/12/2025,P
103366,101,12/12/2025,A
104213,102,12/12/2025,P
104812,101,12/12/2025,P
105001,102,12/12/2025,P
105290,102,12/12/2025,P
105443,101,12/12/2025,P
105533,101,12/12/2025,P
105876,102,12/12/2025,P
105943,101,12/12/2025,P
106040,102,12/12/2025,P
106334,101,12/12/2025,P
106425,102,12/12/2025,P
106447,101,12/12/2025,P
106722,101,12/12/2025,P
106726,102,12/12/2025,P
106955,102,12/12/2025,P
107257,102,12/12/2025,P
107631,101,12/12/2025,P
107806,101,12/12/2025,P
107917,101,12/12/2025,P
107954,101,12/12/2025,P
107996,102,12/12/2025,P
108454,101,12/12/2025,P
108599,101,12/12/2025,P
108838,102,12/12/2025,P
108870,101,12/12/2025,E
109233,102,12/12/2025,P
109333,101,12/12/2025,P
109591,102,12/12/2025,P
109734,101,12/12/2025,P
109820,101,12/12/2025,P
110142,102,12/12/2025,P
110493,102,12/12/2025,P
111996,102,12/12/2025,A
112752,101,12/12/2025,P
112890,102,12/12/2025,P
113028,101,12/12/2025,P
113096,101,12/12/2025,A
113273,102,12/12/2025,P
113777,102,12/12/2025,P
114609,101,12/12/2025,P
114633,102,12/12/2025,T
114714,101,12/12/2025,P
115002,101,12/12/2025,P
115724,102,12/12/2025,P
116242,102,12/12/2025,P
116449,101,12/12/2025,P
116483,101,12/12/2025,P
116950,102,12/12/2025,P
116962,101,12/12/2025,P
117046,101,12/12/2025,P
117463,102,12/12/2025,P
117598,102,12/12/2025,P
117631,101,12/12/2025,P
118824,101,12/12/2025,P
118848,101,12/12/2025,P
119009,101,12/12/2025,P
119050,102,12/12/2025,P
119144,102,12/12/2025,P
119292,102,12/12/2025,P
119901,101,12/12/2025,P
120054,101,12/12/2025,P
120160,101,12/12/2025,P
120250,101,12/12/2025,E
120541,102,12/12/2025,P
120593,102,12/12/2025,P
120752,101,12/12/2025,P
120937,102,12/12/2025,P
121367,102,12/12/2025,P
121480,101,12/12/2025,P
122308,101,12/12/2025,P
122742,101,12/12/2025,P
122784,102,12/12/2025,P
123160,102,12/12/2025,P
123372,101,12/12/2025,P
123412,101,12/12/2025,T
123588,101,12/12/2025,P
123825,101,12/12/2025,P
124172,101,12/12/2025,P
124256,101,12/12/2025,P
124641,101,12/12/2025,P
124664,101,12/12/2025,P
125516,102,12/12/2025,P
125585,102,12/12/2025,P
126032,101,12/12/2025,P
126093,102,12/12/2025,P
126134,101,12/12/2025,E
126342,101,12/12/2025,P
126350,102,12/12/2025,P
126955,101,12/12/2025,P
127003,102,12/12/2025,P
127379,101,12/12/2025,E
127522,102,12/12/2025,P
127565,102,12/12/2025,P
127670,102,12/12/2025,P
127881,102,12/12/2025,P
127903,102,12/12/2025,P
128141,102,12/12/2025,P
128381,102,12/12/2025,P
128457,101,12/12/2025,P
128734,101,12/12/2025,P
128907,101,12/12/2025,P
129451,102,12/12/2025,P
129468,102,12/12/2025,P
129500,101,12/12/2025,P
129571,102,12/12/2025,P
129682,101,12/12/2025,P
129936,101,12/12/2025,P
129979,102,12/12/2025,P
129992,101,12/12/2025,P
130030,101,12/12/2025,P
130216,101,12/12/2025,E
130582,101,12/12/2025,P
130762,101,12/12/2025,P
130804,102,12/12/2025,P
130997,102,12/12/2025,P
131196,102,12/12/2025,P
131384,102,12/12/2025,P
131401,101,12/12/2025,P
131595,102,12/12/2025,P
131822,101,12/12/2025,P
132081,102,12/12/2025,P
132131,101,12/12/2025,P
132171,102,12/12/2025,P
132180,102,12/12/2025,P
132242,101,12/12/2025,P
132581,102,12/12/2025,P
132608,101,12/12/2025,P
132664,102,12/12/2025,P
132666,101,12/12/2025,P
132892,101,12/12/2025,P
132932,102,12/12/2025,E
133077,102,12/12/2025,T
133184,101,12/12/2025,P
133272,102,12/12/2025,P
133448,102,12/12/2025,P
133506,101,12/12/2025,P
133542,102,12/12/2025,P
133616,102,12/12/2025,P
133658,101,12/12/2025,P
133762,101,12/12/2025,P
133946,101,12/12/2025,P
134080,101,12/12/2025,P
134268,102,12/12/2025,P
134289,102,12/12/2025,P
134383,101,12/12/2025,P
135262,102,12/12/2025,P
135758,101,12/12/2025,P
135769,101,12/12/2025,P
135812,102,12/12/2025,P
135821,102,12/12/2025,P
135901,101,12/12/2025,T
135923,101,12/12/2025,P
136336,102,12/12/2025,T
136474,101,12/12/2025,P
136533,101,12/12/2025,P
136558,102,12/12/2025,P
136686,102,12/12/2025,P
136962,101,12/12/2025,P
137523,102,12/12/2025,P
137636,101,12/12/2025,P
137717,102,12/12/2025,P
137842,102,12/12/2025,P
138052,102,12/12/2025,P
138211,102,12/12/2025,P
138406,102,12/12/2025,P
138438,102,12/12/2025,E
138530,101,12/12/2025,A
139142,101,12/12/2025,P
139199,101,12/12/2025,P
139332,102,12/12/2025,P
139389,102,12/12/2025,P
139985,102,12/12/2025,P
100014,101,12/15/2025,T
100166,102,12/15/2025,P
100336,101,12/15/2025,P
100607,102,12/15/2025,P
100752,102,12/15/2025,P
100919,102,12/15/2025,P
100926,101,12/15/2025,P
101621,101,12/15/2025,P
101663,101,12/15/2025,P
101676,101,12/15/2025,P
101690,102,12/15/2025,P
102169,102,12/15/2025,P
102203,101,12/15/2025,P
102926,102,12/15/2025,P
103203,101,12/15/2025,P
103366,101,12/15/2025,P
104213,102,12/15/2025,A
104812,101,12/15/2025,P
105001,102,12/15/2025,P
105290,102,12/15/2025,A
105443,101,12/15/2025,P
105533,101,12/15/2025,P
105876,102,12/15/2025,P
105943,101,12/15/2025,P
106040,102,12/15/2025,P
106334,101,12/15/2025,P
106425,102,12/15/2025,P
106447,101,12/15/2025,P
106722,101,12/15/2025,P
106726,102,12/15/2025,P
106955,102,12/15/2025,P
107257,102,12/15/2025,P
107631,101,12/15/2025,P
107806,101,12/15/2025,P
107917,101,12/15/2025,P
107954,101,12/15/2025,P
107996,102,12/15/2025,P
108454,101,12/15/2025,P
108599,101,12/15/2025,P
108838,102,12/15/2025,P
108870,101,12/15/2025,E
109233,102,12/15/2025,P
109333,101,12/15/2025,P
109591,102,12/15/2025,P
109734,101,12/15/2025,P
109820,101,12/15/2025,E
110142,102,12/15/2025,P
110493,102,12/15/2025,P
111996,102,12/15/2025,p
112752,101,12/15/2025,P
112890,102,12/15/2025,P
113028,101,12/15/2025,P
113096,101,12/15/2025,P
113273,102,12/15/2025,P
113777,102,12/15/2025,E
114609,101,12/15/2025,P
114633,102,12/15/2025,P
114714,101,12/15/2025,P
115002,101,12/15/2025,P
115724,102,12/15/2025,P
116242,102,12/15/2025,T
116449,101,12/15/2025,P
116483,101,12/15/2025,P
116950,102,12/15/2025,P
116962,101,12/15/2025,P
117046,101,12/15/2025,P
117463,102,12/15/2025,P
117598,102,12/15/2025,P
117631,101,12/15/2025,P
118824,101,12/15/2025,P
118848,101,12/15/2025,P
119009,101,12/15/2025,P
119050,102,12/15/2025,P
119144,102,12/15/2025,P
119292,102,12/15/2025,P
119901,101,12/15/2025,P
120054,101,12/15/2025,P
120160,101,12/15/2025,P
120250,101,12/15/2025,E
120541,102,12/15/2025,P
120593,102,12/15/2025,P
120752,101,12/15/2025,P
120937,102,12/15/2025,P
121367,102,12/15/2025,P
121480,101,12/15/2025,P
122308,101,12/15/2025,P
122742,101,12/15/2025,P
122784,102,12/15/2025,P
123160,102,12/15/2025,P
123372,101,12/15/2025,P
123412,101,12/15/2025,P
123588,101,12/15/2025,P
123825,101,12/15/2025,P
124172,101,12/15/2025,P
124256,101,12/15/2025,E
124641,101,12/15/2025,E
124664,101,12/15/2025,P
125516,102,12/15/2025,P
125585,102,12/15/2025,T
126032,101,12/15/2025,P
126093,102,12/15/2025,P
126134,101,12/15/2025,P
126342,101,12/15/2025,P
126350,102,12/15/2025,P
126955,101,12/15/2025,P
127003,102,12/15/2025,P
127379,101,12/15/2025,A
127522,102,12/15/2025,P
127565,102,12/15/2025,P
127670,102,12/15/2025,P
127881,102,12/15/2025,P
127903,102,12/15/2025,P
128141,102,12/15/2025,P
128381,102,12/15/2025,P
128457,101,12/15/2025,P
128734,101,12/15/2025,P
128907,101,12/15/2025,P
129451,102,12/15/2025,P
129468,102,12/15/2025,P
129500,101,12/15/2025,P
129571,102,12/15/2025,P
129682,101,12/15/2025,P
129936,101,12/15/2025,P
129979,102,12/15/2025,P
129992,101,12/15/2025,P
130030,101,12/15/2025,P
130216,101,12/15/2025,P
130582,101,12/15/2025,P
130762,101,12/15/2025,P
130804,102,12/15/2025,P
130997,102,12/15/2025,P
131196,102,12/15/2025,P
131384,102,12/15/2025,P
131401,101,12/15/2025,P
131595,102,12/15/2025,P
131822,101,12/15/2025,P
132081,102,12/15/2025,T
132131,101,12/15/2025,P
132171,102,12/15/2025,P
132180,102,12/15/2025,P
132242,101,12/15/2025,E
132581,102,12/15/2025,P
132608,101,12/15/2025,P
132664,102,12/15/2025,P
132666,101,12/15/2025,P
132892,101,12/15/2025,P
132932,102,12/15/2025,E
133077,102,12/15/2025,P
133184,101,12/15/2025,P
133272,102,12/15/2025,P
133448,102,12/15/2025,P
133506,101,12/15/2025,P
133542,102,12/15/2025,P
133616,102,12/15/2025,P
133658,101,12/15/2025,P
133762,101,12/15/2025,P
133946,101,12/15/2025,P
134080,101,12/15/2025,P
134268,102,12/15/2025,P
134289,102,12/15/2025,P
134383,101,12/15/2025,P
135262,102,12/15/2025,T
135758,101,12/15/2025,P
135769,101,12/15/2025,P
135812,102,12/15/2025,P
135821,102,12/15/2025,P
135901,101,12/15/2025,P
135923,101,12/15/2025,T
136336,102,12/15/2025,P
136474,101,12/15/2025,P
136533,101,12/15/2025,P
136558,102,12/15/2025,P
136686,102,12/15/2025,P
136962,101,12/15/2025,P
137523,102,12/15/2025,P
137636,101,12/15/2025,P
137717,102,12/15/2025,P
137842,102,12/15/2025,P
138052,102,12/15/2025,P
138211,102,12/15/2025,P
138406,102,12/15/2025,P
138438,102,12/15/2025,P
138530,101,12/15/2025,P
139142,101,12/15/2025,P
139199,101,12/15/2025,P
139332,102,12/15/2025,P
139389,102,12/15/2025,P
139985,102,12/15/2025,P
100014,101,12/16/2025,P
100166,102,12/16/2025,P
100336,101,12/16/2025,P
100607,102,12/16/2025,P
100752,102,12/16/2025,A
100919,102,12/16/2025,A
100926,101,12/16/2025,P
101621,101,12/16/2025,P
101663,101,12/16/2025,P
101676,101,12/16/2025,E
101690,102,12/16/2025,P
102169,102,12/16/2025,P
102203,101,12/16/2025,P
102926,102,12/16/2025,P
103203,101,12/16/2025,P
103366,101,12/16/2025,P
104213,102,12/16/2025,P
104812,101,12/16/2025,P
105001,102,12/16/2025,P
105290,102,12/16/2025,P
105443,101,12/16/2025,P
105533,101,12/16/2025,P
105876,102,12/16/2025,P
105943,101,12/16/2025,P
106040,102,12/16/2025,P
106334,101,12/16/2025,P
106425,102,12/16/2025,P
106447,101,12/16/2025,P
106722,101,12/16/2025,P
106726,102,12/16/2025,P
106955,102,12/16/2025,P
107257,102,12/16/2025,P
107631,101,12/16/2025,P
107806,101,12/16/2025,A
107917,101,12/16/2025,T
107954,101,12/16/2025,A
107996,102,12/16/2025,P
108454,101,12/16/2025,P
108599,101,12/16/2025,P
108838,102,12/16/2025,P
108870,101,12/16/2025,P
109233,102,12/16/2025,P
109333,101,12/16/2025,P
109591,102,12/16/2025,P
109734,101,12/16/2025,P
109820,101,12/16/2025,P
110142,102,12/16/2025,P
110493,102,12/16/2025,P
111996,102,12/16/2025,P
112752,101,12/16/2025,P
112890,102,12/16/2025,P
113028,101,12/16/2025,P
113096,101,12/16/2025,P
113273,102,12/16/2025,P
113777,102,12/16/2025,P
114609,101,12/16/2025,P
114633,102,12/16/2025,P
114714,101,12/16/2025,P
115002,101,12/16/2025,P
115724,102,12/16/2025,P
116242,102,12/16/2025,P
116449,101,12/16/2025,P
116483,101,12/16/2025,P
116950,102,12/16/2025,P
116962,101,12/16/2025,P
117046,101,12/16/2025,P
117463,102,12/16/2025,P
117598,102,12/16/2025,P
117631,101,12/16/2025,P
118824,101,12/16/2025,P
118848,101,12/16/2025,P
119009,101,12/16/2025,P
119050,102,12/16/2025,P
119144,102,12/16/2025,P
119292,102,12/16/2025,P
119901,101,12/16/2025,P
120054,101,12/16/2025,P
120160,101,12/16/2025,P
120250,101,12/16/2025,P
120541,102,12/16/2025,P
120593,102,12/16/2025,P
120752,101,12/16/2025,P
120937,102,12/16/2025,A
121367,102,12/16/2025,P
121480,101,12/16/2025,P
122308,101,12/16/2025,P
122742,101,12/16/2025,P
122784,102,12/16/2025,P
123160,102,12/16/2025,A
123372,101,12/16/2025,P
123412,101,12/16/2025,P
123588,101,12/16/2025,P
123825,101,12/16/2025,P
124172,101,12/16/2025,T
124256,101,12/16/2025,E
124641,101,12/16/2025,T
124664,101,12/16/2025,T
125516,102,12/16/2025,P
125585,102,12/16/2025,P
126032,101,12/16/2025,P
126093,102,12/16/2025,P
126134,101,12/16/2025,P
126342,101,12/16/2025,P
126350,102,12/16/2025,P
126955,101,12/16/2025,P
127003,102,12/16/2025,P
127379,101,12/16/2025,P
127522,102,12/16/2025,P
127565,102,12/16/2025,P
127670,102,12/16/2025,P
127881,102,12/16/2025,P
127903,102,12/16/2025,P
128141,102,12/16/2025,P
128381,102,12/16/2025,P
128457,101,12/16/2025,P
128734,101,12/16/2025,P
128907,101,12/16/2025,P
129451,102,12/16/2025,P
129468,102,12/16/2025,P
129500,101,12/16/2025,P
129571,102,12/16/2025,P
129682,101,12/16/2025,P
129936,101,12/16/2025,P
129979,102,12/16/2025,P
129992,101,12/16/2025,P
130030,101,12/16/2025,P
130216,101,12/16/2025,S
130582,101,12/16/2025,P
130762,101,12/16/2025,T
130804,102,12/16/2025,P
130997,102,12/16/2025,P
131196,102,12/16/2025,P
131384,102,12/16/2025,A
131401,101,12/16/2025,P
131595,102,12/16/2025,P
131822,101,12/16/2025,P
132081,102,12/16/2025,P
132131,101,12/16/2025,P
132171,102,12/16/2025,P
132180,102,12/16/2025,P
132242,101,12/16/2025,P
132581,102,12/16/2025,T
132608,101,12/16/2025,T
132664,102,12/16/2025,P
132666,101,12/16/2025,P
132892,101,12/16/2025,P
132932,102,12/16/2025,P
133077,102,12/16/2025,P
133184,101,12/16/2025,T
133272,102,12/16/2025,P
133448,102,12/16/2025,T
133506,101,12/16/2025,P
133542,102,12/16/2025,P
133616,102,12/16/2025,E
133658,101,12/16/2025,P
133762,101,12/16/2025,P
133946,101,12/16/2025,P
134080,101,12/16/2025,P
134268,102,12/16/2025,P
134289,102,12/16/2025,P
134383,101,12/16/2025,P
135262,102,12/16/2025,P
135758,101,12/16/2025,P
135769,101,12/16/2025,P
135812,102,12/16/2025,P
135821,102,12/16/2025,P
135901,101,12/16/2025,P
135923,101,12/16/2025,P
136336,102,12/16/2025,P
136474,101,12/16/2025,P
136533,101,12/16/2025,P
136558,102,12/16/2025,P
136686,102,12/16/2025,T
136962,101,12/16/2025,P
137523,102,12/16/2025,P
137636,101,12/16/2025,P
137717,102,12/16/2025,P
137842,102,12/16/2025,P
138052,102,12/16/2025,P
138211,102,12/16/2025,P
138406,102,12/16/2025,P
138438,102,12/16/2025,P
138530,101,12/16/2025,P
139142,101,12/16/2025,P
139199,101,12/16/2025,P
139332,102,12/16/2025,P
139389,102,12/16/2025,P
139985,102,12/16/2025,P
100014,101,12/17/2025,P
100166,102,12/17/2025,P
100336,101,12/17/2025,P
100607,102,12/17/2025,P
100752,102,12/17/2025,P
100919,102,12/17/2025,T
100926,101,12/17/2025,P
101621,101,12/17/2025,p
101663,101,12/17/2025,P
101676,101,12/17/2025,P
101690,102,12/17/2025,T
102169,102,12/17/2025,T
102203,101,12/17/2025,P
102926,102,12/17/2025,T
103203,101,12/17/2025,P
103366,101,12/17/2025,P
104213,102,12/17/2025,P
104812,101,12/17/2025,P
105001,102,12/17/2025,P
105290,102,12/17/2025,P
105443,101,12/17/2025,P
105533,101,12/17/2025,P
105876,102,12/17/2025,P
105943,101,12/17/2025,P
106040,102,12/17/2025,P
106334,101,12/17/2025,P
106425,102,12/17/2025,E
106447,101,12/17/2025,P
106722,101,12/17/2025,P
106726,102,12/17/2025,P
106955,102,12/17/2025,P
107257,102,12/17/2025,P
107631,101,12/17/2025,P
107806,101,12/17/2025,P
107917,101,12/17/2025,P
107954,101,12/17/2025,P
107996,102,12/17/2025,P
108454,101,12/17/2025,P
108599,101,12/17/2025,P
108838,102,12/17/2025,P
108870,101,12/17/2025,A
109233,102,12/17/2025,P
109333,101,12/17/2025,P
109591,102,12/17/2025,P
109734,101,12/17/2025,P
109820,101,12/17/2025,P
110142,102,12/17/2025,P
110493,102,12/17/2025,T
111996,102,12/17/2025,P
112752,101,12/17/2025,P
112890,102,12/17/2025,P
113028,101,12/17/2025,P
113096,101,12/17/2025,P
113273,102,12/17/2025,P
113777,102,12/17/2025,P
114609,101,12/17/2025,P
114633,102,12/17/2025,P
114714,101,12/17/2025,P
115002,101,12/17/2025,P
115724,102,12/17/2025,P
116242,102,12/17/2025,P
116449,101,12/17/2025,P
116483,101,12/17/2025,P
116950,102,12/17/2025,P
116962,101,12/17/2025,P
117046,101,12/17/2025,P
117463,102,12/17/2025,P
117598,102,12/17/2025,P
117631,101,12/17/2025,P
118824,101,12/17/2025,P
118848,101,12/17/2025,P
119009,101,12/17/2025,P
119050,102,12/17/2025,P
119144,102,12/17/2025,P
119292,102,12/17/2025,T
119901,101,12/17/2025,P
120054,101,12/17/2025,P
120160,101,12/17/2025,P
120250,101,12/17/2025,P
120541,102,12/17/2025,P
120593,102,12/17/2025,P
120752,101,12/17/2025,P
120937,102,12/17/2025,P
121367,102,12/17/2025,P
121480,101,12/17/2025,P
122308,101,12/17/2025,P
122742,101,12/17/2025,P
122784,102,12/17/2025,P
123160,102,12/17/2025,P
123372,101,12/17/2025,A
123412,101,12/17/2025,P
123588,101,12/17/2025,P
123825,101,12/17/2025,P
124172,101,12/17/2025,P
124256,101,12/17/2025,P
124641,101,12/17/2025,P
124664,101,12/17/2025,P
125516,102,12/17/2025,P
125585,102,12/17/2025,P
126032,101,12/17/2025,P
126093,102,12/17/2025,P
126134,101,12/17/2025,T
126342,101,12/17/2025,P
126350,102,12/17/2025,P
126955,101,12/17/2025,P
127003,102,12/17/2025,P
127379,101,12/17/2025,P
127522,102,12/17/2025,P
127565,102,12/17/2025,P
127670,102,12/17/2025,P
127881,102,12/17/2025,P
127903,102,12/17/2025,P
128141,102,12/17/2025,P
128381,102,12/17/2025,P
128457,101,12/17/2025,P
128734,101,12/17/2025,P
128907,101,12/17/2025,P
129451,102,12/17/2025,P
129468,102,12/17/2025,P
129500,101,12/17/2025,P
129571,102,12/17/2025,E
129682,101,12/17/2025,P
129936,101,12/17/2025,P
129979,102,12/17/2025,P
129992,101,12/17/2025,P
130030,101,12/17/2025,P
130216,101,12/17/2025,P
130582,101,12/17/2025,P
130762,101,12/17/2025,P
130804,102,12/17/2025,P
130997,102,12/17/2025,P
131196,102,12/17/2025,P
131384,102,12/17/2025,P
131401,101,12/17/2025,P
131595,102,12/17/2025,P
131822,101,12/17/2025,P
132081,102,12/17/2025,P
132131,101,12/17/2025,P
132171,102,12/17/2025,P
132180,102,12/17/2025,P
132242,101,12/17/2025,P
132581,102,12/17/2025,P
132608,101,12/17/2025,P
132664,102,12/17/2025,P
132666,101,12/17/2025,P
132892,101,12/17/2025,P
132932,102,12/17/2025,P
133077,102,12/17/2025,P
133184,101,12/17/2025,P
133272,102,12/17/2025,P
133448,102,12/17/2025,P
133506,101,12/17/2025,P
133542,102,12/17/2025,P
133616,102,12/17/2025,P
133658,101,12/17/2025,P
133762,101,12/17/2025,A
133946,101,12/17/2025,T
134080,101,12/17/2025,P
134268,102,12/17/2025,P
134289,102,12/17/2025,S
134383,101,12/17/2025,P
135262,102,12/17/2025,P
135758,101,12/17/2025,P
135769,101,12/17/2025,P
135812,102,12/17/2025,P
135821,102,12/17/2025,t
135901,101,12/17/2025,P
135923,101,12/17/2025,P
136336,102,12/17/2025,P
136474,101,12/17/2025,P
136533,101,12/17/2025,P
136558,102,12/17/2025,P
136686,102,12/17/2025,P
136962,101,12/17/2025,P
137523,102,12/17/2025,p
137636,101,12/17/2025,P
137717,102,12/17/2025,P
137842,102,12/17/2025,P
138052,102,12/17/2025,P
138211,102,12/17/2025,P
138406,102,12/17/2025,P
138438,102,12/17/2025,P
138530,101,12/17/2025,P
139142,101,12/17/2025,P
139199,101,12/17/2025,P
139332,102,12/17/2025,P
139389,102,12/17/2025,P
139985,102,12/17/2025,P
100014,101,12/18/2025,P
100166,102,12/18/2025,P
100336,101,12/18/2025,P
100607,102,12/18/2025,P
100752,102,12/18/2025,P
100919,102,12/18/2025,E
100926,101,12/18/2025,P
101621,101,12/18/2025,P
101663,101,12/18/2025,P
101676,101,12/18/2025,P
101690,102,12/18/2025,P
102169,102,12/18/2025,P
102203,101,12/18/2025,P
102926,102,12/18/2025,P
103203,101,12/18/2025,P
103366,101,12/18/2025,P
104213,102,12/18/2025,P
104812,101,12/18/2025,A
105001,102,12/18/2025,P
105290,102,12/18/2025,P
105443,101,12/18/2025,P
105533,101,12/18/2025,P
105876,102,12/18/2025,P
105943,101,12/18/2025,P
106040,102,12/18/2025,P
106334,101,12/18/2025,P
106425,102,12/18/2025,P
106447,101,12/18/2025,P
106722,101,12/18/2025,P
106726,102,12/18/2025,P
106955,102,12/18/2025,P
107257,102,12/18/2025,T
107631,101,12/18/2025,T
107806,101,12/18/2025,P
107917,101,12/18/2025,P
107954,101,12/18/2025,T
107996,102,12/18/2025,P
108454,101,12/18/2025,P
108599,101,12/18/2025,P
108838,102,12/18/2025,P
108870,101,12/18/2025,E
109233,102,12/18/2025,P
109333,101,12/18/2025,P
109591,102,12/18/2025,T
109734,101,12/18/2025,P
109820,101,12/18/2025,P
110142,102,12/18/2025,P
110493,102,12/18/2025,P
111996,102,12/18/2025,A
112752,101,12/18/2025,P
112890,102,12/18/2025,T
113028,101,12/18/2025,P
113096,101,12/18/2025,P
113273,102,12/18/2025,p
113777,102,12/18/2025,P
114609,101,12/18/2025,P
114633,102,12/18/2025,P
114714,101,12/18/2025,P
115002,101,12/18/2025,P
115724,102,12/18/2025,P
116242,102,12/18/2025,P
116449,101,12/18/2025,P
116483,101,12/18/2025,P
116950,102,12/18/2025,P
116962,101,12/18/2025,P
117046,101,12/18/2025,P
117463,102,12/18/2025,P
117598,102,12/18/2025,P
117631,101,12/18/2025,p
118824,101,12/18/2025,P
118848,101,12/18/2025,P
119009,101,12/18/2025,P
119050,102,12/18/2025,P
119144,102,12/18/2025,P
119292,102,12/18/2025,P
119901,101,12/18/2025,P
120054,101,12/18/2025,P
120160,101,12/18/2025,P
120250,101,12/18/2025,P
120541,102,12/18/2025,E
120593,102,12/18/2025,P
120752,101,12/18/2025,T
120937,102,12/18/2025,P
121367,102,12/18/2025,P
121480,101,12/18/2025,P
122308,101,12/18/2025,P
122742,101,12/18/2025,P
122784,102,12/18/2025,P
123160,102,12/18/2025,P
123372,101,12/18/2025,P
123412,101,12/18/2025,P
123588,101,12/18/2025,P
123825,101,12/18/2025,P
124172,101,12/18/2025,P
124256,101,12/18/2025,P
124641,101,12/18/2025,P
124664,101,12/18/2025,P
125516,102,12/18/2025,P
125585,102,12/18/2025,E
126032,101,12/18/2025,P
126093,102,12/18/2025,P
126134,101,12/18/2025,P
126342,101,12/18/2025,P
126350,102,12/18/2025,P
126955,101,12/18/2025,A
127003,102,12/18/2025,P
127379,101,12/18/2025,P
127522,102,12/18/2025,P
127565,102,12/18/2025,P
127670,102,12/18/2025,P
127881,102,12/18/2025,P
127903,102,12/18/2025,P
128141,102,12/18/2025,P
128381,102,12/18/2025,P
128457,101,12/18/2025,P
128734,101,12/18/2025,P
128907,101,12/18/2025,P
129451,102,12/18/2025,P
129468,102,12/18/2025,P
129500,101,12/18/2025,P
129571,102,12/18/2025,P
129682,101,12/18/2025,P
129936,101,12/18/2025,P
129979,102,12/18/2025,P
129992,101,12/18/2025,P
130030,101,12/18/2025,P
130216,101,12/18/2025,P
130582,101,12/18/2025,P
130762,101,12/18/2025,P
130804,102,12/18/2025,T
130997,102,12/18/2025,P
131196,102,12/18/2025,P
131384,102,12/18/2025,P
131401,101,12/18/2025,P
131595,102,12/18/2025,T
131822,101,12/18/2025,a
132081,102,12/18/2025,P
132131,101,12/18/2025,T
132171,102,12/18/2025,P
132180,102,12/18/2025,P
132242,101,12/18/2025,P
132581,102,12/18/2025,P
132608,101,12/18/2025,P
132664,102,12/18/2025,P
132666,101,12/18/2025,P
132892,101,12/18/2025,P
132932,102,12/18/2025,P
133077,102,12/18/2025,P
133184,101,12/18/2025,p
133272,102,12/18/2025,P
133448,102,12/18/2025,P
133506,101,12/18/2025,P
133542,102,12/18/2025,P
133616,102,12/18/2025,P
133658,101,12/18/2025,T
133762,101,12/18/2025,P
133946,101,12/18/2025,P
134080,101,12/18/2025,p
134268,102,12/18/2025,P
134289,102,12/18/2025,P
134383,101,12/18/2025,P
135262,102,12/18/2025,P
135758,101,12/18/2025,P
135769,101,12/18/2025,P
135812,102,12/18/2025,P
135821,102,12/18/2025,P
135901,101,12/18/2025,T
135923,101,12/18/2025,P
136336,102,12/18/2025,P
136474,101,12/18/2025,P
136533,101,12/18/2025,p
136558,102,12/18/2025,T
136686,102,12/18/2025,A
136962,101,12/18/2025,P
137523,102,12/18/2025,P
137636,101,12/18/2025,P
137717,102,12/18/2025,P
137842,102,12/18/2025,P
138052,102,12/18/2025,P
138211,102,12/18/2025,P
138406,102,12/18/2025,P
138438,102,12/18/2025,P
138530,101,12/18/2025,P
139142,101,12/18/2025,P
139199,101,12/18/2025,P
139332,102,12/18/2025,P
139389,102,12/18/2025,P
139985,102,12/18/2025,P
100014,101,12/19/2025,P
100166,102,12/19/2025,P
100336,101,12/19/2025,P
100607,102,12/19/2025,P
100752,102,12/19/2025,P
100919,102,12/19/2025,P
100926,101,12/19/2025,P
101621,101,12/19/2025,P
101663,101,12/19/2025,P
101676,101,12/19/2025,P
101690,102,12/19/2025,P
102169,102,12/19/2025,P
102203,101,12/19/2025,P
102926,102,12/19/2025,P
103203,101,12/19/2025,P
103366,101,12/19/2025,T
104213,102,12/19/2025,P
104812,101,12/19/2025,P
105001,102,12/19/2025,P
105290,102,12/19/2025,P
105443,101,12/19/2025,P
105533,101,12/19/2025,P
105876,102,12/19/2025,P
105943,101,12/19/2025,P
106040,102,12/19/2025,P
106334,101,12/19/2025,T
106425,102,12/19/2025,P
106447,101,12/19/2025,P
106722,101,12/19/2025,A
106726,102,12/19/2025,P
106955,102,12/19/2025,P
107257,102,12/19/2025,P
107631,101,12/19/2025,T
107806,101,12/19/2025,P
107917,101,12/19/2025,A
107954,101,12/19/2025,P
107996,102,12/19/2025,P
108454,101,12/19/2025,P
108599,101,12/19/2025,P
108838,102,12/19/2025,P
108870,101,12/19/2025,P
109233,102,12/19/2025,P
109333,101,12/19/2025,P
109591,102,12/19/2025,T
109734,101,12/19/2025,A
109820,101,12/19/2025,P
110142,102,12/19/2025,P
110493,102,12/19/2025,P
111996,102,12/19/2025,P
112752,101,12/19/2025,P
112890,102,12/19/2025,A
113028,101,12/19/2025,P
113096,101,12/19/2025,P
113273,102,12/19/2025,E
113777,102,12/19/2025,P
114609,101,12/19/2025,P
114633,102,12/19/2025,P
114714,101,12/19/2025,P
115002,101,12/19/2025,P
115724,102,12/19/2025,P
116242,102,12/19/2025,P
116449,101,12/19/2025,P
116483,101,12/19/2025,P
116950,102,12/19/2025,P
116962,101,12/19/2025,P
117046,101,12/19/2025,P
117463,102,12/19/2025,P
117598,102,12/19/2025,P
117631,101,12/19/2025,P
118824,101,12/19/2025,P
118848,101,12/19/2025,P
119009,101,12/19/2025,E
119050,102,12/19/2025,P
119144,102,12/19/2025,P
119292,102,12/19/2025,T
119901,101,12/19/2025,P
120054,101,12/19/2025,P
120160,101,12/19/2025,P
120250,101,12/19/2025,P
120541,102,12/19/2025,P
120593,102,12/19/2025,P
120752,101,12/19/2025,P
120937,102,12/19/2025,P
121367,102,12/19/2025,P
121480,101,12/19/2025,e
122308,101,12/19/2025,P
122742,101,12/19/2025,P
122784,102,12/19/2025,P
123160,102,12/19/2025,P
123372,101,12/19/2025,P
123412,101,12/19/2025,T
123588,101,12/19/2025,P
123825,101,12/19/2025,T
124172,101,12/19/2025,T
124256,101,12/19/2025,P
124641,101,12/19/2025,P
124664,101,12/19/2025,P
125516,102,12/19/2025,P
125585,102,12/19/2025,P
126032,101,12/19/2025,P
126093,102,12/19/2025,P
126134,101,12/19/2025,P
126342,101,12/19/2025,P
126350,102,12/19/2025,P
126955,101,12/19/2025,P
127003,102,12/19/2025,P
127379,101,12/19/2025,P
127522,102,12/19/2025,T
127565,102,12/19/2025,P
127670,102,12/19/2025,p
127881,102,12/19/2025,P
127903,102,12/19/2025,P
128141,102,12/19/2025,P
128381,102,12/19/2025,P
128457,101,12/19/2025,P
128734,101,12/19/2025,P
128907,101,12/19/2025,P
129451,102,12/19/2025,P
129468,102,12/19/2025,P
129500,101,12/19/2025,P
129571,102,12/19/2025,P
129682,101,12/19/2025,P
129936,101,12/19/2025,P
129979,102,12/19/2025,P
129992,101,12/19/2025,P
130030,101,12/19/2025,P
130216,101,12/19/2025,P
130582,101,12/19/2025,P
130762,101,12/19/2025,P
130804,102,12/19/2025,P
130997,102,12/19/2025,P
131196,102,12/19/2025,P
131384,102,12/19/2025,A
131401,101,12/19/2025,P
131595,102,12/19/2025,P
131822,101,12/19/2025,P
132081,102,12/19/2025,P
132131,101,12/19/2025,P
132171,102,12/19/2025,P
132180,102,12/19/2025,P
132242,101,12/19/2025,P
132581,102,12/19/2025,P
132608,101,12/19/2025,P
132664,102,12/19/2025,P
132666,101,12/19/2025,P
132892,101,12/19/2025,P
132932,102,12/19/2025,P
133077,102,12/19/2025,P
133184,101,12/19/2025,P
133272,102,12/19/2025,P
133448,102,12/19/2025,P
133506,101,12/19/2025,P
133542,102,12/19/2025,P
133616,102,12/19/2025,P
133658,101,12/19/2025,P
133762,101,12/19/2025,A
133946,101,12/19/2025,P
134080,101,12/19/2025,T
134268,102,12/19/2025,P
134289,102,12/19/2025,P
134383,101,12/19/2025,P
135262,102,12/19/2025,P
135758,101,12/19/2025,P
135769,101,12/19/2025,P
135812,102,12/19/2025,P
135821,102,12/19/2025,P
135901,101,12/19/2025,P
135923,101,12/19/2025,P
136336,102,12/19/2025,P
136474,101,12/19/2025,P
136533,101,12/19/2025,P
136558,102,12/19/2025,P
136686,102,12/19/2025,P
136962,101,12/19/2025,P
137523,102,12/19/2025,P
137636,101,12/19/2025,P
137717,102,12/19/2025,P
137842,102,12/19/2025,P
138052,102,12/19/2025,P
138211,102,12/19/2025,P
138406,102,12/19/2025,P
138438,102,12/19/2025,P
138530,101,12/19/2025,E
139142,101,12/19/2025,P
139199,101,12/19/2025,P
139332,102,12/19/2025,P
139389,102,12/19/2025,P
139985,102,12/19/2025,P
100014,101,01/05/2026,T
100166,102,01/05/2026,P
100336,101,01/05/2026,P
100607,102,01/05/2026,P
100752,102,01/05/2026,P
100919,102,01/05/2026,P
100926,101,01/05/2026,P
101621,101,01/05/2026,P
101663,101,01/05/2026,A
101676,101,01/05/2026,P
101690,102,01/05/2026,P
102169,102,01/05/2026,P
102203,101,01/05/2026,P
102926,102,01/05/2026,P
103203,101,01/05/2026,P
103366,101,01/05/2026,P
104213,102,01/05/2026,P
104812,101,01/05/2026,P
105001,102,01/05/2026,P
105290,102,01/05/2026,P
105443,101,01/05/2026,P
105533,101,01/05/2026,P
105876,102,01/05/2026,P
105943,101,01/05/2026,P
106040,102,01/05/2026,P
106334,101,01/05/2026,P
106425,102,01/05/2026,P
106447,101,01/05/2026,A
106722,101,01/05/2026,P
106726,102,01/05/2026,P
106955,102,01/05/2026,P
107257,102,01/05/2026,P
107631,101,01/05/2026,P
107806,101,01/05/2026,P
107917,101,01/05/2026,S
107954,101,01/05/2026,P
107996,102,01/05/2026,P
108454,101,01/05/2026,P
108599,101,01/05/2026,P
108838,102,01/05/2026,P
108870,101,01/05/2026,P
109233,102,01/05/2026,P
109333,101,01/05/2026,P
109591,102,01/05/2026,P
109734,101,01/05/2026,P
109820,101,01/05/2026,P
110142,102,01/05/2026,P
110493,102,01/05/2026,P
111996,102,01/05/2026,E
112752,101,01/05/2026,P
112890,102,01/05/2026,P
113028,101,01/05/2026,P
113096,101,01/05/2026,P
113273,102,01/05/2026,P
113777,102,01/05/2026,P
114609,101,01/05/2026,P
114633,102,01/05/2026,P
114714,101,01/05/2026,P
115002,101,01/05/2026,P
115724,102,01/05/2026,P
116242,102,01/05/2026,P
116449,101,01/05/2026,P
116483,101,01/05/2026,E
116950,102,01/05/2026,P
116962,101,01/05/2026,P
117046,101,01/05/2026,P
117463,102,01/05/2026,P
117598,102,01/05/2026,P
117631,101,01/05/2026,P
118824,101,01/05/2026,P
118848,101,01/05/2026,P
119009,101,01/05/2026,P
119050,102,01/05/2026,P
119144,102,01/05/2026,T
119292,102,01/05/2026,P
119901,101,01/05/2026,P
120054,101,01/05/2026,P
120160,101,01/05/2026,P
120250,101,01/05/2026,A
120541,102,01/05/2026,P
120593,102,01/05/2026,P
120752,101,01/05/2026,P
120937,102,01/05/2026,P
121367,102,01/05/2026,P
121480,101,01/05/2026,P
122308,101,01/05/2026,E
122742,101,01/05/2026,E
122784,102,01/05/2026,T
123160,102,01/05/2026,P
123372,101,01/05/2026,P
123412,101,01/05/2026,P
123588,101,01/05/2026,P
123825,101,01/05/2026,P
124172,101,01/05/2026,P
124256,101,01/05/2026,P
124641,101,01/05/2026,P
124664,101,01/05/2026,P
125516,102,01/05/2026,P
125585,102,01/05/2026,P
126032,101,01/05/2026,P
126093,102,01/05/2026,P
126134,101,01/05/2026,P
126342,101,01/05/2026,P
126350,102,01/05/2026,P
126955,101,01/05/2026,P
127003,102,01/05/2026,P
127379,101,01/05/2026,P
127522,102,01/05/2026,P
127565,102,01/05/2026,P
127670,102,01/05/2026,P
127881,102,01/05/2026,P
127903,102,01/05/2026,A
128141,102,01/05/2026,P
128381,102,01/05/2026,P
128457,101,01/05/2026,P
128734,101,01/05/2026,A
128907,101,01/05/2026,P
129451,102,01/05/2026,P
129468,102,01/05/2026,P
129500,101,01/05/2026,P
129571,102,01/05/2026,T
129682,101,01/05/2026,P
129936,101,01/05/2026,P
129979,102,01/05/2026,P
129992,101,01/05/2026,P
130030,101,01/05/2026,P
130216,101,01/05/2026,P
130582,101,01/05/2026,P
130762,101,01/05/2026,P
130804,102,01/05/2026,P
130997,102,01/05/2026,P
131196,102,01/05/2026,P
131384,102,01/05/2026,P
131401,101,01/05/2026,P
131595,102,01/05/2026,P
131822,101,01/05/2026,P
132081,102,01/05/2026,P
132131,101,01/05/2026,P
132171,102,01/05/2026,A
132180,102,01/05/2026,P
132242,101,01/05/2026,P
132581,102,01/05/2026,P
132608,101,01/05/2026,P
132664,102,01/05/2026,P
132666,101,01/05/2026,P
132892,101,01/05/2026,P
132932,102,01/05/2026,P
133077,102,01/05/2026,P
133184,101,01/05/2026,P
133272,102,01/05/2026,P
133448,102,01/05/2026,P
133506,101,01/05/2026,P
133542,102,01/05/2026,P
133616,102,01/05/2026,P
133658,101,01/05/2026,P
133762,101,01/05/2026,P
133946,101,01/05/2026,T
134080,101,01/05/2026,P
134268,102,01/05/2026,P
134289,102,01/05/2026,P
134383,101,01/05/2026,P
135262,102,01/05/2026,P
135758,101,01/05/2026,P
135769,101,01/05/2026,P
135812,102,01/05/2026,P
135821,102,01/05/2026,P
135901,101,01/05/2026,P
135923,101,01/05/2026,P
136336,102,01/05/2026,P
136474,101,01/05/2026,P
136533,101,01/05/2026,P
136558,102,01/05/2026,P
136686,102,01/05/2026,P
136962,101,01/05/2026,P
137523,102,01/05/2026,P
137636,101,01/05/2026,P
137717,102,01/05/2026,P
137842,102,01/05/2026,P
138052,102,01/05/2026,P
138211,102,01/05/2026,P
138406,102,01/05/2026,P
138438,102,01/05/2026,P
138530,101,01/05/2026,P
139142,101,01/05/2026,P
139199,101,01/05/2026,P
139332,102,01/05/2026,P
139389,102,01/05/2026,P
139985,102,01/05/2026,P
100014,101,01/06/2026,P
100166,102,01/06/2026,P
100336,101,01/06/2026,P
100607,102,01/06/2026,P
100752,102,01/06/2026,P
100919,102,01/06/2026,P
100926,101,01/06/2026,P
101621,101,01/06/2026,P
101663,101,01/06/2026,P
101676,101,01/06/2026,P
101690,102,01/06/2026,P
102169,102,01/06/2026,P
102203,101,01/06/2026,P
102926,102,01/06/2026,P
103203,101,01/06/2026,P
103366,101,01/06/2026,P
104213,102,01/06/2026,A
104812,101,01/06/2026,E
105001,102,01/06/2026,P
105290,102,01/06/2026,P
105443,101,01/06/2026,E
105533,101,01/06/2026,P
105876,102,01/06/2026,P
105943,101,01/06/2026,P
106040,102,01/06/2026,P
106334,101,01/06/2026,P
106425,102,01/06/2026,P
106447,101,01/06/2026,T
106722,101,01/06/2026,P
106726,102,01/06/2026,P
106955,102,01/06/2026,P
107257,102,01/06/2026,P
107631,101,01/06/2026,P
107806,101,01/06/2026,P
107917,101,01/06/2026,P
107954,101,01/06/2026,T
107996,102,01/06/2026,P
108454,101,01/06/2026,P
108599,101,01/06/2026,P
108838,102,01/06/2026,P
108870,101,01/06/2026,P
109233,102,01/06/2026,P
109333,101,01/06/2026,P
109591,102,01/06/2026,P
109734,101,01/06/2026,P
109820,101,01/06/2026,P
110142,102,01/06/2026,P
110493,102,01/06/2026,P
111996,102,01/06/2026,P
112752,101,01/06/2026,P
112890,102,01/06/2026,P
113028,101,01/06/2026,P
113096,101,01/06/2026,P
113273,102,01/06/2026,P
113777,102,01/06/2026,P
114609,101,01/06/2026,P
114633,102,01/06/2026,P
114714,101,01/06/2026,T
115002,101,01/06/2026,P
115724,102,01/06/2026,P
116242,102,01/06/2026,P
116449,101,01/06/2026,P
116483,101,01/06/2026,E
116950,102,01/06/2026,P
116962,101,01/06/2026,P
117046,101,01/06/2026,P
117463,102,01/06/2026,P
117598,102,01/06/2026,P
117631,101,01/06/2026,P
118824,101,01/06/2026,P
118848,101,01/06/2026,P
119009,101,01/06/2026,P
119050,102,01/06/2026,P
119144,102,01/06/2026,P
119292,102,01/06/2026,P
119901,101,01/06/2026,P
120054,101,01/06/2026,P
120160,101,01/06/2026,P
120250,101,01/06/2026,P
120541,102,01/06/2026,P
120593,102,01/06/2026,P
120752,101,01/06/2026,P
120937,102,01/06/2026,P
121367,102,01/06/2026,P
121480,101,01/06/2026,t
122308,101,01/06/2026,P
122742,101,01/06/2026,T
122784,102,01/06/2026,P
123160,102,01/06/2026,P
123372,101,01/06/2026,P
123412,101,01/06/2026,P
123588,101,01/06/2026,P
123825,101,01/06/2026,P
124172,101,01/06/2026,P
124256,101,01/06/2026,P
124641,101,01/06/2026,P
124664,101,01/06/2026,P
125516,102,01/06/2026,P
125585,102,01/06/2026,P
126032,101,01/06/2026,A
126093,102,01/06/2026,T
126134,101,01/06/2026,P
126342,101,01/06/2026,P
126350,102,01/06/2026,P
126955,101,01/06/2026,P
127003,102,01/06/2026,P
127379,101,01/06/2026,A
127522,102,01/06/2026,E
127565,102,01/06/2026,P
127670,102,01/06/2026,P
127881,102,01/06/2026,E
127903,102,01/06/2026,P
128141,102,01/06/2026,P
128381,102,01/06/2026,P
128457,101,01/06/2026,P
128734,101,01/06/2026,P
128907,101,01/06/2026,P
129451,102,01/06/2026,P
129468,102,01/06/2026,P
129500,101,01/06/2026,E
129571,102,01/06/2026,P
129682,101,01/06/2026,P
129936,101,01/06/2026,P
129979,102,01/06/2026,P
129992,101,01/06/2026,P
130030,101,01/06/2026,P
130216,101,01/06/2026,E
130582,101,01/06/2026,P
130762,101,01/06/2026,P
130804,102,01/06/2026,P
130997,102,01/06/2026,P
131196,102,01/06/2026,P
131384,102,01/06/2026,P
131401,101,01/06/2026,A
131595,102,01/06/2026,P
131822,101,01/06/2026,P
132081,102,01/06/2026,P
132131,101,01/06/2026,P
132171,102,01/06/2026,P
132180,102,01/06/2026,P
132242,101,01/06/2026,P
132581,102,01/06/2026,P
132608,101,01/06/2026,P
132664,102,01/06/2026,P
132666,101,01/06/2026,P
132892,101,01/06/2026,P
132932,102,01/06/2026,P
133077,102,01/06/2026,P
133184,101,01/06/2026,P
133272,102,01/06/2026,P
133448,102,01/06/2026,P
133506,101,01/06/2026,P
133542,102,01/06/2026,P
133616,102,01/06/2026,P
133658,101,01/06/2026,P
133762,101,01/06/2026,P
133946,101,01/06/2026,P
134080,101,01/06/2026,P
134268,102,01/06/2026,P
134289,102,01/06/2026,P
134383,101,01/06/2026,P
135262,102,01/06/2026,P
135758,101,01/06/2026,P
135769,101,01/06/2026,E
135812,102,01/06/2026,T
135821,102,01/06/2026,P
135901,101,01/06/2026,P
135923,101,01/06/2026,P
136336,102,01/06/2026,P
136474,101,01/06/2026,P
136533,101,01/06/2026,P
136558,102,01/06/2026,P
136686,102,01/06/2026,P
136962,101,01/06/2026,P
137523,102,01/06/2026,P
137636,101,01/06/2026,T
137717,102,01/06/2026,P
137842,102,01/06/2026,P
138052,102,01/06/2026,P
138211,102,01/06/2026,P
138406,102,01/06/2026,P
138438,102,01/06/2026,S
138530,101,01/06/2026,P
139142,101,01/06/2026,P
139199,101,01/06/2026,P
139332,102,01/06/2026,P
139389,102,01/06/2026,P
139985,102,01/06/2026,P
100014,101,01/07/2026,S
100166,102,01/07/2026,P
100336,101,01/07/2026,P
100607,102,01/07/2026,P
100752,102,01/07/2026,P
100919,102,01/07/2026,A
100926,101,01/07/2026,P
101621,101,01/07/2026,P
101663,101,01/07/2026,P
101676,101,01/07/2026,P
101690,102,01/07/2026,P
102169,102,01/07/2026,P
102203,101,01/07/2026,P
102926,102,01/07/2026,P
103203,101,01/07/2026,P
103366,101,01/07/2026,P
104213,102,01/07/2026,A
104812,101,01/07/2026,A
105001,102,01/07/2026,P
105290,102,01/07/2026,P
105443,101,01/07/2026,P
105533,101,01/07/2026,P
105876,102,01/07/2026,P
105943,101,01/07/2026,P
106040,102,01/07/2026,P
106334,101,01/07/2026,P
106425,102,01/07/2026,P
106447,101,01/07/2026,P
106722,101,01/07/2026,P
106726,102,01/07/2026,P
106955,102,01/07/2026,P
107257,102,01/07/2026,P
107631,101,01/07/2026,P
107806,101,01/07/2026,P
107917,101,01/07/2026,P
107954,101,01/07/2026,P
107996,102,01/07/2026,P
108454,101,01/07/2026,P
108599,101,01/07/2026,P
108838,102,01/07/2026,P
108870,101,01/07/2026,T
109233,102,01/07/2026,T
109333,101,01/07/2026,A
109591,102,01/07/2026,P
109734,101,01/07/2026,T
109820,101,01/07/2026,T
110142,102,01/07/2026,P
110493,102,01/07/2026,P
111996,102,01/07/2026,P
112752,101,01/07/2026,P
112890,102,01/07/2026,P
113028,101,01/07/2026,P
113096,101,01/07/2026,P
113273,102,01/07/2026,P
113777,102,01/07/2026,P
114609,101,01/07/2026,E
114633,102,01/07/2026,P
114714,101,01/07/2026,P
115002,101,01/07/2026,P
115724,102,01/07/2026,P
116242,102,01/07/2026,P
116449,101,01/07/2026,P
116483,101,01/07/2026,P
116950,102,01/07/2026,P
116962,101,01/07/2026,P
117046,101,01/07/2026,P
117463,102,01/07/2026,P
117598,102,01/07/2026,P
117631,101,01/07/2026,P
118824,101,01/07/2026,P
118848,101,01/07/2026,P
119009,101,01/07/2026,P
119050,102,01/07/2026,P
119144,102,01/07/2026,P
119292,102,01/07/2026,P
119901,101,01/07/2026,P
120054,101,01/07/2026,P
120160,101,01/07/2026,E
120250,101,01/07/2026,E
120541,102,01/07/2026,P
120593,102,01/07/2026,P
120752,101,01/07/2026,P
120937,102,01/07/2026,P
121367,102,01/07/2026,P
121480,101,01/07/2026,P
122308,101,01/07/2026,P
122742,101,01/07/2026,P
122784,102,01/07/2026,P
123160,102,01/07/2026,T
123372,101,01/07/2026,P
123412,101,01/07/2026,P
123588,101,01/07/2026,P
123825,101,01/07/2026,P
124172,101,01/07/2026,P
124256,101,01/07/2026,P
124641,101,01/07/2026,P
124664,101,01/07/2026,P
125516,102,01/07/2026,P
125585,102,01/07/2026,P
126032,101,01/07/2026,P
126093,102,01/07/2026,P
126134,101,01/07/2026,P
126342,101,01/07/2026,P
126350,102,01/07/2026,P
126955,101,01/07/2026,P
127003,102,01/07/2026,P
127379,101,01/07/2026,P
127522,102,01/07/2026,P
127565,102,01/07/2026,P
127670,102,01/07/2026,P
127881,102,01/07/2026,P
127903,102,01/07/2026,E
128141,102,01/07/2026,P
128381,102,01/07/2026,P
128457,101,01/07/2026,P
128734,101,01/07/2026,P
128907,101,01/07/2026,P
129451,102,01/07/2026,P
129468,102,01/07/2026,P
129500,101,01/07/2026,P
129571,102,01/07/2026,P
129682,101,01/07/2026,P
129936,101,01/07/2026,P
129979,102,01/07/2026,P
129992,101,01/07/2026,P
130030,101,01/07/2026,P
130216,101,01/07/2026,P
130582,101,01/07/2026,P
130762,101,01/07/2026,P
130804,102,01/07/2026,P
130997,102,01/07/2026,P
131196,102,01/07/2026,P
131384,102,01/07/2026,P
131401,101,01/07/2026,P
131595,102,01/07/2026,P
131822,101,01/07/2026,P
132081,102,01/07/2026,A
132131,101,01/07/2026,P
132171,102,01/07/2026,P
132180,102,01/07/2026,P
132242,101,01/07/2026,P
132581,102,01/07/2026,P
132608,101,01/07/2026,P
132664,102,01/07/2026,E
132666,101,01/07/2026,P
132892,101,01/07/2026,P
132932,102,01/07/2026,P
133077,102,01/07/2026,P
133184,101,01/07/2026,P
133272,102,01/07/2026,P
133448,102,01/07/2026,P
133506,101,01/07/2026,P
133542,102,01/07/2026,P
133616,102,01/07/2026,P
133658,101,01/07/2026,P
133762,101,01/07/2026,E
133946,101,01/07/2026,P
134080,101,01/07/2026,P
134268,102,01/07/2026,P
134289,102,01/07/2026,P
134383,101,01/07/2026,P
135262,102,01/07/2026,P
135758,101,01/07/2026,P
135769,101,01/07/2026,P
135812,102,01/07/2026,P
135821,102,01/07/2026,P
135901,101,01/07/2026,P
135923,101,01/07/2026,P
136336,102,01/07/2026,P
136474,101,01/07/2026,P
136533,101,01/07/2026,P
136558,102,01/07/2026,T
136686,102,01/07/2026,P
136962,101,01/07/2026,P
137523,102,01/07/2026,P
137636,101,01/07/2026,P
137717,102,01/07/2026,P
137842,102,01/07/2026,P
138052,102,01/07/2026,P
138211,102,01/07/2026,E
138406,102,01/07/2026,P
138438,102,01/07/2026,P
138530,101,01/07/2026,P
139142,101,01/07/2026,P
139199,101,01/07/2026,P
139332,102,01/07/2026,P
139389,102,01/07/2026,T
139985,102,01/07/2026,P
100014,101,01/08/2026,P
100166,102,01/08/2026,P
100336,101,01/08/2026,T
100607,102,01/08/2026,P
100752,102,01/08/2026,P
100919,102,01/08/2026,E
100926,101,01/08/2026,P
101621,101,01/08/2026,P
101663,101,01/08/2026,P
101676,101,01/08/2026,T
101690,102,01/08/2026,P
102169,102,01/08/2026,A
102203,101,01/08/2026,P
102926,102,01/08/2026,P
103203,101,01/08/2026,P
103366,101,01/08/2026,T
104213,102,01/08/2026,A
104812,101,01/08/2026,P
105001,102,01/08/2026,P
105290,102,01/08/2026,P
105443,101,01/08/2026,P
105533,101,01/08/2026,P
105876,102,01/08/2026,P
105943,101,01/08/2026,P
106040,102,01/08/2026,P
106334,101,01/08/2026,P
106425,102,01/08/2026,P
106447,101,01/08/2026,P
106722,101,01/08/2026,T
106726,102,01/08/2026,P
106955,102,01/08/2026,P
107257,102,01/08/2026,P
107631,101,01/08/2026,P
107806,101,01/08/2026,P
107917,101,01/08/2026,P
107954,101,01/08/2026,P
107996,102,01/08/2026,P
108454,101,01/08/2026,P
108599,101,01/08/2026,P
108838,102,01/08/2026,P
108870,101,01/08/2026,P
109233,102,01/08/2026,P
109333,101,01/08/2026,P
109591,102,01/08/2026,P
109734,101,01/08/2026,P
109820,101,01/08/2026,T
110142,102,01/08/2026,P
110493,102,01/08/2026,P
111996,102,01/08/2026,P
112752,101,01/08/2026,P
112890,102,01/08/2026,P
113028,101,01/08/2026,P
113096,101,01/08/2026,E
113273,102,01/08/2026,P
113777,102,01/08/2026,P
114609,101,01/08/2026,P
114633,102,01/08/2026,P
114714,101,01/08/2026,E
115002,101,01/08/2026,P
115724,102,01/08/2026,P
116242,102,01/08/2026,P
116449,101,01/08/2026,P
116483,101,01/08/2026,P
116950,102,01/08/2026,P
116962,101,01/08/2026,P
117046,101,01/08/2026,P
117463,102,01/08/2026,P
117598,102,01/08/2026,P
117631,101,01/08/2026,P
118824,101,01/08/2026,E
118848,101,01/08/2026,P
119009,101,01/08/2026,P
119050,102,01/08/2026,P
119144,102,01/08/2026,P
119292,102,01/08/2026,P
119901,101,01/08/2026,P
120054,101,01/08/2026,P
120160,101,01/08/2026,P
120250,101,01/08/2026,P
120541,102,01/08/2026,P
120593,102,01/08/2026,P
120752,101,01/08/2026,P
120937,102,01/08/2026,P
121367,102,01/08/2026,P
121480,101,01/08/2026,P
122308,101,01/08/2026,A
122742,101,01/08/2026,E
122784,102,01/08/2026,P
123160,102,01/08/2026,P
123372,101,01/08/2026,P
123412,101,01/08/2026,P
123588,101,01/08/2026,P
123825,101,01/08/2026,P
124172,101,01/08/2026,P
124256,101,01/08/2026,P
124641,101,01/08/2026,P
124664,101,01/08/2026,P
125516,102,01/08/2026,P
125585,102,01/08/2026,p
126032,101,01/08/2026,p
126093,102,01/08/2026,P
126134,101,01/08/2026,E
126342,101,01/08/2026,P
126350,102,01/08/2026,P
126955,101,01/08/2026,P
127003,102,01/08/2026,P
127379,101,01/08/2026,P
127522,102,01/08/2026,P
127565,102,01/08/2026,P
127670,102,01/08/2026,P
127881,102,01/08/2026,P
127903,102,01/08/2026,P
128141,102,01/08/2026,P
128381,102,01/08/2026,P
128457,101,01/08/2026,P
128734,101,01/08/2026,P
128907,101,01/08/2026,P
129451,102,01/08/2026,P
129468,102,01/08/2026,P
129500,101,01/08/2026,P
129571,102,01/08/2026,P
129682,101,01/08/2026,P
129936,101,01/08/2026,P
129979,102,01/08/2026,p
129992,101,01/08/2026,P
130030,101,01/08/2026,P
130216,101,01/08/2026,P
130582,101,01/08/2026,P
130762,101,01/08/2026,P
130804,102,01/08/2026,A
130997,102,01/08/2026,P
131196,102,01/08/2026,P
131384,102,01/08/2026,P
131401,101,01/08/2026,P
131595,102,01/08/2026,P
131822,101,01/08/2026,P
132081,102,01/08/2026,P
132131,101,01/08/2026,P
132171,102,01/08/2026,P
132180,102,01/08/2026,E
132242,101,01/08/2026,P
132581,102,01/08/2026,P
132608,101,01/08/2026,P
132664,102,01/08/2026,T
132666,101,01/08/2026,P
132892,101,01/08/2026,P
132932,102,01/08/2026,P
133077,102,01/08/2026,P
133184,101,01/08/2026,P
133272,102,01/08/2026,P
133448,102,01/08/2026,P
133506,101,01/08/2026,P
133542,102,01/08/2026,P
133616,102,01/08/2026,P
133658,101,01/08/2026,P
133762,101,01/08/2026,P
133946,101,01/08/2026,P
134080,101,01/08/2026,P
134268,102,01/08/2026,P
134289,102,01/08/2026,P
134383,101,01/08/2026,P
135262,102,01/08/2026,P
135758,101,01/08/2026,P
135769,101,01/08/2026,P
135812,102,01/08/2026,P
135821,102,01/08/2026,P
135901,101,01/08/2026,P
135923,101,01/08/2026,P
136336,102,01/08/2026,T
136474,101,01/08/2026,P
136533,101,01/08/2026,T
136558,102,01/08/2026,P
136686,102,01/08/2026,P
136962,101,01/08/2026,P
137523,102,01/08/2026,P
137636,101,01/08/2026,P
137717,102,01/08/2026,P
137842,102,01/08/2026,P
138052,102,01/08/2026,P
138211,102,01/08/2026,P
138406,102,01/08/2026,P
138438,102,01/08/2026,P
138530,101,01/08/2026,A
139142,101,01/08/2026,P
139199,101,01/08/2026,P
139332,102,01/08/2026,P
139389,102,01/08/2026,P
139985,102,01/08/2026,P
100014,101,01/09/2026,P
100166,102,01/09/2026,P
100336,101,01/09/2026,P
100607,102,01/09/2026,T
100752,102,01/09/2026,P
100919,102,01/09/2026,P
100926,101,01/09/2026,P
101621,101,01/09/2026,P
101663,101,01/09/2026,P
101676,101,01/09/2026,P
101690,102,01/09/2026,P
102169,102,01/09/2026,P
102203,101,01/09/2026,P
102926,102,01/09/2026,P
103203,101,01/09/2026,P
103366,101,01/09/2026,P
104213,102,01/09/2026,P
104812,101,01/09/2026,P
105001,102,01/09/2026,P
105290,102,01/09/2026,P
105443,101,01/09/2026,P
105533,101,01/09/2026,P
105876,102,01/09/2026,P
105943,101,01/09/2026,P
106040,102,01/09/2026,P
106334,101,01/09/2026,P
106425,102,01/09/2026,P
106447,101,01/09/2026,P
106722,101,01/09/2026,P
106726,102,01/09/2026,P
106955,102,01/09/2026,P
107257,102,01/09/2026,P
107631,101,01/09/2026,P
107806,101,01/09/2026,P
107917,101,01/09/2026,P
107954,101,01/09/2026,P
107996,102,01/09/2026,P
108454,101,01/09/2026,P
108599,101,01/09/2026,P
108838,102,01/09/2026,P
108870,101,01/09/2026,P
109233,102,01/09/2026,P
109333,101,01/09/2026,P
109591,102,01/09/2026,P
109734,101,01/09/2026,p
109820,101,01/09/2026,P
110142,102,01/09/2026,P
110493,102,01/09/2026,P
111996,102,01/09/2026,P
112752,101,01/09/2026,P
112890,102,01/09/2026,P
113028,101,01/09/2026,P
113096,101,01/09/2026,E
113273,102,01/09/2026,P
113777,102,01/09/2026,P
114609,101,01/09/2026,P
114633,102,01/09/2026,P
114714,101,01/09/2026,P
115002,101,01/09/2026,P
115724,102,01/09/2026,P
116242,102,01/09/2026,P
116449,101,01/09/2026,P
116483,101,01/09/2026,P
116950,102,01/09/2026,P
116962,101,01/09/2026,P
117046,101,01/09/2026,P
117463,102,01/09/2026,P
117598,102,01/09/2026,P
117631,101,01/09/2026,P
118824,101,01/09/2026,P
118848,101,01/09/2026,P
119009,101,01/09/2026,P
119050,102,01/09/2026,P
119144,102,01/09/2026,P
119292,102,01/09/2026,P
119901,101,01/09/2026,P
120054,101,01/09/2026,P
120160,101,01/09/2026,P
120250,101,01/09/2026,P
120541,102,01/09/2026,P
120593,102,01/09/2026,P
120752,101,01/09/2026,P
120937,102,01/09/2026,P
121367,102,01/09/2026,P
121480,101,01/09/2026,P
122308,101,01/09/2026,P
122742,101,01/09/2026,P
122784,102,01/09/2026,P
123160,102,01/09/2026,P
123372,101,01/09/2026,p
123412,101,01/09/2026,P
123588,101,01/09/2026,P
123825,101,01/09/2026,P
124172,101,01/09/2026,P
124256,101,01/09/2026,P
124641,101,01/09/2026,P
124664,101,01/09/2026,P
125516,102,01/09/2026,P
125585,102,01/09/2026,P
126032,101,01/09/2026,T
126093,102,01/09/2026,E
126134,101,01/09/2026,P
126342,101,01/09/2026,P
126350,102,01/09/2026,P
126955,101,01/09/2026,P
127003,102,01/09/2026,P
127379,101,01/09/2026,P
127522,102,01/09/2026,P
127565,102,01/09/2026,P
127670,102,01/09/2026,P
127881,102,01/09/2026,P
127903,102,01/09/2026,P
128141,102,01/09/2026,P
128381,102,01/09/2026,P
128457,101,01/09/2026,P
128734,101,01/09/2026,P
128907,101,01/09/2026,P
129451,102,01/09/2026,P
129468,102,01/09/2026,P
129500,101,01/09/2026,P
129571,102,01/09/2026,P
129682,101,01/09/2026,P
129936,101,01/09/2026,P
129979,102,01/09/2026,P
129992,101,01/09/2026,P
130030,101,01/09/2026,P
130216,101,01/09/2026,S
130582,101,01/09/2026,P
130762,101,01/09/2026,P
130804,102,01/09/2026,P
130997,102,01/09/2026,P
131196,102,01/09/2026,P
131384,102,01/09/2026,p
131401,101,01/09/2026,P
131595,102,01/09/2026,P
131822,101,01/09/2026,P
132081,102,01/09/2026,P
132131,101,01/09/2026,P
132171,102,01/09/2026,P
132180,102,01/09/2026,P
132242,101,01/09/2026,A
132581,102,01/09/2026,P
132608,101,01/09/2026,P
132664,102,01/09/2026,P
132666,101,01/09/2026,P
132892,101,01/09/2026,P
132932,102,01/09/2026,P
133077,102,01/09/2026,P
133184,101,01/09/2026,P
133272,102,01/09/2026,P
133448,102,01/09/2026,P
133506,101,01/09/2026,P
133542,102,01/09/2026,P
133616,102,01/09/2026,E
133658,101,01/09/2026,P
133762,101,01/09/2026,P
133946,101,01/09/2026,P
134080,101,01/09/2026,P
134268,102,01/09/2026,P
134289,102,01/09/2026,T
134383,101,01/09/2026,P
135262,102,01/09/2026,P
135758,101,01/09/2026,P
135769,101,01/09/2026,P
135812,102,01/09/2026,P
135821,102,01/09/2026,P
135901,101,01/09/2026,P
135923,101,01/09/2026,P
136336,102,01/09/2026,P
136474,101,01/09/2026,P
136533,101,01/09/2026,P
136558,102,01/09/2026,P
136686,102,01/09/2026,T
136962,101,01/09/2026,P
137523,102,01/09/2026,P
137636,101,01/09/2026,P
137717,102,01/09/2026,P
137842,102,01/09/2026,P
138052,102,01/09/2026,P
138211,102,01/09/2026,P
138406,102,01/09/2026,P
138438,102,01/09/2026,P
138530,101,01/09/2026,P
139142,101,01/09/2026,P
139199,101,01/09/2026,P
139332,102,01/09/2026,P
139389,102,01/09/2026,P
139985,102,01/09/2026,P
100014,101,01/12/2026,P
100166,102,01/12/2026,P
100336,101,01/12/2026,P
100607,102,01/12/2026,P
100752,102,01/12/2026,P
100919,102,01/12/2026,P
100926,101,01/12/2026,P
101621,101,01/12/2026,P
101663,101,01/12/2026,A
101676,101,01/12/2026,P
101690,102,01/12/2026,P
102169,102,01/12/2026,P
102203,101,01/12/2026,P
102926,102,01/12/2026,P
103203,101,01/12/2026,P
103366,101,01/12/2026,P
104213,102,01/12/2026,P
104812,101,01/12/2026,A
105001,102,01/12/2026,P
105290,102,01/12/2026,P
105443,101,01/12/2026,P
105533,101,01/12/2026,P
105876,102,01/12/2026,P
105943,101,01/12/2026,P
106040,102,01/12/2026,P
106334,101,01/12/2026,P
106425,102,01/12/2026,P
106447,101,01/12/2026,P
106722,101,01/12/2026,P
106726,102,01/12/2026,P
106955,102,01/12/2026,P
107257,102,01/12/2026,P
107631,101,01/12/2026,P
107806,101,01/12/2026,P
107917,101,01/12/2026,P
107954,101,01/12/2026,P
107996,102,01/12/2026,P
108454,101,01/12/2026,P
108599,101,01/12/2026,P
108838,102,01/12/2026,T
108870,101,01/12/2026,T
109233,102,01/12/2026,P
109333,101,01/12/2026,P
109591,102,01/12/2026,P
109734,101,01/12/2026,P
109820,101,01/12/2026,P
110142,102,01/12/2026,P
110493,102,01/12/2026,P
111996,102,01/12/2026,P
112752,101,01/12/2026,P
112890,102,01/12/2026,P
113028,101,01/12/2026,P
113096,101,01/12/2026,P
113273,102,01/12/2026,P
113777,102,01/12/2026,P
114609,101,01/12/2026,P
114633,102,01/12/2026,P
114714,101,01/12/2026,A
115002,101,01/12/2026,P
115724,102,01/12/2026,P
116242,102,01/12/2026,P
116449,101,01/12/2026,P
116483,101,01/12/2026,P
116950,102,01/12/2026,P
116962,101,01/12/2026,P
117046,101,01/12/2026,P
117463,102,01/12/2026,P
117598,102,01/12/2026,P
117631,101,01/12/2026,P
118824,101,01/12/2026,P
118848,101,01/12/2026,P
119009,101,01/12/2026,P
119050,102,01/12/2026,p
119144,102,01/12/2026,P
119292,102,01/12/2026,P
119901,101,01/12/2026,P
120054,101,01/12/2026,P
120160,101,01/12/2026,P
120250,101,01/12/2026,P
120541,102,01/12/2026,P
120593,102,01/12/2026,P
120752,101,01/12/2026,P
120937,102,01/12/2026,T
121367,102,01/12/2026,P
121480,101,01/12/2026,P
122308,101,01/12/2026,E
122742,101,01/12/2026,P
122784,102,01/12/2026,P
123160,102,01/12/2026,P
123372,101,01/12/2026,P
123412,101,01/12/2026,P
123588,101,01/12/2026,P
123825,101,01/12/2026,P
124172,101,01/12/2026,P
124256,101,01/12/2026,P
124641,101,01/12/2026,P
124664,101,01/12/2026,T
125516,102,01/12/2026,P
125585,102,01/12/2026,P
126032,101,01/12/2026,p
126093,102,01/12/2026,P
126134,101,01/12/2026,T
126342,101,01/12/2026,P
126350,102,01/12/2026,P
126955,101,01/12/2026,P
127003,102,01/12/2026,P
127379,101,01/12/2026,P
127522,102,01/12/2026,P
127565,102,01/12/2026,P
127670,102,01/12/2026,P
127881,102,01/12/2026,P
127903,102,01/12/2026,P
128141,102,01/12/2026,P
128381,102,01/12/2026,P
128457,101,01/12/2026,P
128734,101,01/12/2026,T
128907,101,01/12/2026,P
129451,102,01/12/2026,P
129468,102,01/12/2026,P
129500,101,01/12/2026,P
129571,102,01/12/2026,P
129682,101,01/12/2026,P
129936,101,01/12/2026,A
129979,102,01/12/2026,P
129992,101,01/12/2026,P
130030,101,01/12/2026,E
130216,101,01/12/2026,P
130582,101,01/12/2026,P
130762,101,01/12/2026,P
130804,102,01/12/2026,P
130997,102,01/12/2026,P
131196,102,01/12/2026,P
131384,102,01/12/2026,P
131401,101,01/12/2026,P
131595,102,01/12/2026,P
131822,101,01/12/2026,P
132081,102,01/12/2026,P
132131,101,01/12/2026,P
132171,102,01/12/2026,P
132180,102,01/12/2026,P
132242,101,01/12/2026,P
132581,102,01/12/2026,P
132608,101,01/12/2026,P
132664,102,01/12/2026,P
132666,101,01/12/2026,T
132892,101,01/12/2026,P
132932,102,01/12/2026,P
133077,102,01/12/2026,P
133184,101,01/12/2026,P
133272,102,01/12/2026,P
133448,102,01/12/2026,p
133506,101,01/12/2026,P
133542,102,01/12/2026,P
133616,102,01/12/2026,P
133658,101,01/12/2026,P
133762,101,01/12/2026,P
133946,101,01/12/2026,P
134080,101,01/12/2026,P
134268,102,01/12/2026,P
134289,102,01/12/2026,P
134383,101,01/12/2026,P
135262,102,01/12/2026,P
135758,101,01/12/2026,P
135769,101,01/12/2026,P
135812,102,01/12/2026,P
135821,102,01/12/2026,P
135901,101,01/12/2026,E
135923,101,01/12/2026,P
136336,102,01/12/2026,P
136474,101,01/12/2026,P
136533,101,01/12/2026,T
136558,102,01/12/2026,P
136686,102,01/12/2026,P
136962,101,01/12/2026,P
137523,102,01/12/2026,P
137636,101,01/12/2026,P
137717,102,01/12/2026,P
137842,102,01/12/2026,P
138052,102,01/12/2026,P
138211,102,01/12/2026,P
138406,102,01/12/2026,P
138438,102,01/12/2026,P
138530,101,01/12/2026,A
139142,101,01/12/2026,P
139199,101,01/12/2026,P
139332,102,01/12/2026,P
139389,102,01/12/2026,P
139985,102,01/12/2026,P
100014,101,01/13/2026,P
100166,102,01/13/2026,P
100336,101,01/13/2026,P
100607,102,01/13/2026,P
100752,102,01/13/2026,P
100919,102,01/13/2026,P
100926,101,01/13/2026,P
101621,101,01/13/2026,P
101663,101,01/13/2026,A
101676,101,01/13/2026,P
101690,102,01/13/2026,P
102169,102,01/13/2026,E
102203,101,01/13/2026,T
102926,102,01/13/2026,P
103203,101,01/13/2026,P
103366,101,01/13/2026,P
104213,102,01/13/2026,P
104812,101,01/13/2026,P
105001,102,01/13/2026,T
105290,102,01/13/2026,P
105443,101,01/13/2026,P
105533,101,01/13/2026,P
105876,102,01/13/2026,P
105943,101,01/13/2026,P
106040,102,01/13/2026,P
106334,101,01/13/2026,P
106425,102,01/13/2026,P
106447,101,01/13/2026,P
106722,101,01/13/2026,P
106726,102,01/13/2026,P
106955,102,01/13/2026,P
107257,102,01/13/2026,P
107631,101,01/13/2026,P
107806,101,01/13/2026,A
107917,101,01/13/2026,P
107954,101,01/13/2026,P
107996,102,01/13/2026,P
108454,101,01/13/2026,P
108599,101,01/13/2026,P
108838,102,01/13/2026,P
108870,101,01/13/2026,P
109233,102,01/13/2026,P
109333,101,01/13/2026,P
109591,102,01/13/2026,P
109734,101,01/13/2026,P
109820,101,01/13/2026,P
110142,102,01/13/2026,P
110493,102,01/13/2026,P
111996,102,01/13/2026,P
112752,101,01/13/2026,P
112890,102,01/13/2026,P
113028,101,01/13/2026,P
113096,101,01/13/2026,A
113273,102,01/13/2026,S
113777,102,01/13/2026,P
114609,101,01/13/2026,P
114633,102,01/13/2026,P
114714,101,01/13/2026,P
115002,101,01/13/2026,A
115724,102,01/13/2026,P
116242,102,01/13/2026,P
116449,101,01/13/2026,P
116483,101,01/13/2026,P
116950,102,01/13/2026,P
116962,101,01/13/2026,P
117046,101,01/13/2026,P
117463,102,01/13/2026,P
117598,102,01/13/2026,T
117631,101,01/13/2026,P
118824,101,01/13/2026,P
118848,101,01/13/2026,P
119009,101,01/13/2026,T
119050,102,01/13/2026,P
119144,102,01/13/2026,P
119292,102,01/13/2026,p
119901,101,01/13/2026,P
120054,101,01/13/2026,P
120160,101,01/13/2026,P
120250,101,01/13/2026,P
120541,102,01/13/2026,P
120593,102,01/13/2026,P
120752,101,01/13/2026,P
120937,102,01/13/2026,P
121367,102,01/13/2026,P
121480,101,01/13/2026,P
122308,101,01/13/2026,P
122742,101,01/13/2026,P
122784,102,01/13/2026,P
123160,102,01/13/2026,P
123372,101,01/13/2026,P
123412,101,01/13/2026,P
123588,101,01/13/2026,P
123825,101,01/13/2026,P
124172,101,01/13/2026,P
124256,101,01/13/2026,A
124641,101,01/13/2026,P
124664,101,01/13/2026,P
125516,102,01/13/2026,P
125585,102,01/13/2026,T
126032,101,01/13/2026,P
126093,102,01/13/2026,P
126134,101,01/13/2026,P
126342,101,01/13/2026,P
126350,102,01/13/2026,P
126955,101,01/13/2026,P
127003,102,01/13/2026,T
127379,101,01/13/2026,P
127522,102,01/13/2026,P
127565,102,01/13/2026,P
127670,102,01/13/2026,P
127881,102,01/13/2026,P
127903,102,01/13/2026,P
128141,102,01/13/2026,P
128381,102,01/13/2026,P
128457,101,01/13/2026,P
128734,101,01/13/2026,P
128907,101,01/13/2026,P
129451,102,01/13/2026,P
129468,102,01/13/2026,P
129500,101,01/13/2026,P
129571,102,01/13/2026,P
129682,101,01/13/2026,P
129936,101,01/13/2026,P
129979,102,01/13/2026,P
129992,101,01/13/2026,P
130030,101,01/13/2026,P
130216,101,01/13/2026,P
130582,101,01/13/2026,P
130762,101,01/13/2026,P
130804,102,01/13/2026,T
130997,102,01/13/2026,P
131196,102,01/13/2026,P
131384,102,01/13/2026,P
131401,101,01/13/2026,P
131595,102,01/13/2026,P
131822,101,01/13/2026,P
132081,102,01/13/2026,P
132131,101,01/13/2026,P
132171,102,01/13/2026,T
132180,102,01/13/2026,P
132242,101,01/13/2026,P
132581,102,01/13/2026,P
132608,101,01/13/2026,P
132664,102,01/13/2026,P
132666,101,01/13/2026,P
132892,101,01/13/2026,P
132932,102,01/13/2026,A
133077,102,01/13/2026,P
133184,101,01/13/2026,P
133272,102,01/13/2026,P
133448,102,01/13/2026,P
133506,101,01/13/2026,P
133542,102,01/13/2026,P
133616,102,01/13/2026,E
133658,101,01/13/2026,P
133762,101,01/13/2026,P
133946,101,01/13/2026,P
134080,101,01/13/2026,P
134268,102,01/13/2026,P
134289,102,01/13/2026,A
134383,101,01/13/2026,E
135262,102,01/13/2026,P
135758,101,01/13/2026,P
135769,101,01/13/2026,P
135812,102,01/13/2026,P
135821,102,01/13/2026,T
135901,101,01/13/2026,P
135923,101,01/13/2026,P
136336,102,01/13/2026,P
136474,101,01/13/2026,P
136533,101,01/13/2026,P
136558,102,01/13/2026,P
136686,102,01/13/2026,P
136962,101,01/13/2026,P
137523,102,01/13/2026,P
137636,101,01/13/2026,P
137717,102,01/13/2026,P
137842,102,01/13/2026,T
138052,102,01/13/2026,P
138211,102,01/13/2026,P
138406,102,01/13/2026,P
138438,102,01/13/2026,P
138530,101,01/13/2026,P
139142,101,01/13/2026,P
139199,101,01/13/2026,A
139332,102,01/13/2026,P
139389,102,01/13/2026,P
139985,102,01/13/2026,P
100014,101,01/14/2026,P
100166,102,01/14/2026,P
100336,101,01/14/2026,P
100607,102,01/14/2026,P
100752,102,01/14/2026,P
100919,102,01/14/2026,A
100926,101,01/14/2026,P
101621,101,01/14/2026,P
101663,101,01/14/2026,P
101676,101,01/14/2026,P
101690,102,01/14/2026,P
102169,102,01/14/2026,P
102203,101,01/14/2026,P
102926,102,01/14/2026,A
103203,101,01/14/2026,P
103366,101,01/14/2026,P
104213,102,01/14/2026,P
104812,101,01/14/2026,P
105001,102,01/14/2026,P
105290,102,01/14/2026,P
105443,101,01/14/2026,P
105533,101,01/14/2026,P
105876,102,01/14/2026,P
105943,101,01/14/2026,P
106040,102,01/14/2026,P
106334,101,01/14/2026,P
106425,102,01/14/2026,P
106447,101,01/14/2026,P
106722,101,01/14/2026,P
106726,102,01/14/2026,P
106955,102,01/14/2026,P
107257,102,01/14/2026,P
107631,101,01/14/2026,A
107806,101,01/14/2026,P
107917,101,01/14/2026,P
107954,101,01/14/2026,E
107996,102,01/14/2026,P
108454,101,01/14/2026,P
108599,101,01/14/2026,P
108838,102,01/14/2026,P
108870,101,01/14/2026,P
109233,102,01/14/2026,P
109333,101,01/14/2026,P
109591,102,01/14/2026,P
109734,101,01/14/2026,P
109820,101,01/14/2026,P
110142,102,01/14/2026,P
110493,102,01/14/2026,T
111996,102,01/14/2026,P
112752,101,01/14/2026,P
112890,102,01/14/2026,E
113028,101,01/14/2026,P
113096,101,01/14/2026,P
113273,102,01/14/2026,P
113777,102,01/14/2026,P
114609,101,01/14/2026,E
114633,102,01/14/2026,P
114714,101,01/14/2026,P
115002,101,01/14/2026,P
115724,102,01/14/2026,P
116242,102,01/14/2026,P
116449,101,01/14/2026,P
116483,101,01/14/2026,P
116950,102,01/14/2026,E
116962,101,01/14/2026,A
117046,101,01/14/2026,P
117463,102,01/14/2026,P
117598,102,01/14/2026,P
117631,101,01/14/2026,P
118824,101,01/14/2026,P
118848,101,01/14/2026,P
119009,101,01/14/2026,P
119050,102,01/14/2026,P
119144,102,01/14/2026,P
119292,102,01/14/2026,P
119901,101,01/14/2026,P
120054,101,01/14/2026,P
120160,101,01/14/2026,P
120250,101,01/14/2026,P
120541,102,01/14/2026,P
120593,102,01/14/2026,P
120752,101,01/14/2026,A
120937,102,01/14/2026,P
121367,102,01/14/2026,P
121480,101,01/14/2026,P
122308,101,01/14/2026,A
122742,101,01/14/2026,P
122784,102,01/14/2026,P
123160,102,01/14/2026,P
123372,101,01/14/2026,P
123412,101,01/14/2026,P
123588,101,01/14/2026,P
123825,101,01/14/2026,P
124172,101,01/14/2026,P
124256,101,01/14/2026,P
124641,101,01/14/2026,P
124664,101,01/14/2026,P
125516,102,01/14/2026,P
125585,102,01/14/2026,P
126032,101,01/14/2026,P
126093,102,01/14/2026,P
126134,101,01/14/2026,P
126342,101,01/14/2026,P
126350,102,01/14/2026,P
126955,101,01/14/2026,E
127003,102,01/14/2026,P
127379,101,01/14/2026,P
127522,102,01/14/2026,P
127565,102,01/14/2026,P
127670,102,01/14/2026,T
127881,102,01/14/2026,P
127903,102,01/14/2026,P
128141,102,01/14/2026,P
128381,102,01/14/2026,P
128457,101,01/14/2026,P
128734,101,01/14/2026,P
128907,101,01/14/2026,P
129451,102,01/14/2026,P
129468,102,01/14/2026,P
129500,101,01/14/2026,P
129571,102,01/14/2026,P
129682,101,01/14/2026,E
129936,101,01/14/2026,P
129979,102,01/14/2026,P
129992,101,01/14/2026,P
130030,101,01/14/2026,A
130216,101,01/14/2026,P
130582,101,01/14/2026,P
130762,101,01/14/2026,P
130804,102,01/14/2026,P
130997,102,01/14/2026,P
131196,102,01/14/2026,P
131384,102,01/14/2026,P
131401,101,01/14/2026,P
131595,102,01/14/2026,P
131822,101,01/14/2026,A
132081,102,01/14/2026,E
132131,101,01/14/2026,P
132171,102,01/14/2026,P
132180,102,01/14/2026,P
132242,101,01/14/2026,E
132581,102,01/14/2026,P
132608,101,01/14/2026,P
132664,102,01/14/2026,P
132666,101,01/14/2026,P
132892,101,01/14/2026,P
132932,102,01/14/2026,P
133077,102,01/14/2026,P
133184,101,01/14/2026,P
133272,102,01/14/2026,P
133448,102,01/14/2026,P
133506,101,01/14/2026,P
133542,102,01/14/2026,P
133616,102,01/14/2026,T
133658,101,01/14/2026,P
133762,101,01/14/2026,P
133946,101,01/14/2026,P
134080,101,01/14/2026,P
134268,102,01/14/2026,P
134289,102,01/14/2026,P
134383,101,01/14/2026,P
135262,102,01/14/2026,P
135758,101,01/14/2026,P
135769,101,01/14/2026,P
135812,102,01/14/2026,P
135821,102,01/14/2026,P
135901,101,01/14/2026,P
135923,101,01/14/2026,P
136336,102,01/14/2026,P
136474,101,01/14/2026,P
136533,101,01/14/2026,P
136558,102,01/14/2026,P
136686,102,01/14/2026,P
136962,101,01/14/2026,P
137523,102,01/14/2026,P
137636,101,01/14/2026,P
137717,102,01/14/2026,P
137842,102,01/14/2026,P
138052,102,01/14/2026,P
138211,102,01/14/2026,P
138406,102,01/14/2026,P
138438,102,01/14/2026,P
138530,101,01/14/2026,P
139142,101,01/14/2026,P
139199,101,01/14/2026,T
139332,102,01/14/2026,P
139389,102,01/14/2026,P
139985,102,01/14/2026,P
100014,101,01/15/2026,P
100166,102,01/15/2026,P
100336,101,01/15/2026,P
100607,102,01/15/2026,P
100752,102,01/15/2026,P
100919,102,01/15/2026,P
100926,101,01/15/2026,P
101621,101,01/15/2026,P
101663,101,01/15/2026,P
101676,101,01/15/2026,P
101690,102,01/15/2026,P
102169,102,01/15/2026,P
102203,101,01/15/2026,P
102926,102,01/15/2026,P
103203,101,01/15/2026,P
103366,101,01/15/2026,P
104213,102,01/15/2026,P
104812,101,01/15/2026,P
105001,102,01/15/2026,P
105290,102,01/15/2026,P
105443,101,01/15/2026,P
105533,101,01/15/2026,P
105876,102,01/15/2026,P
105943,101,01/15/2026,P
106040,102,01/15/2026,P
106334,101,01/15/2026,P
106425,102,01/15/2026,E
106447,101,01/15/2026,P
106722,101,01/15/2026,P
106726,102,01/15/2026,P
106955,102,01/15/2026,P
107257,102,01/15/2026,P
107631,101,01/15/2026,P
107806,101,01/15/2026,P
107917,101,01/15/2026,E
107954,101,01/15/2026,T
107996,102,01/15/2026,P
108454,101,01/15/2026,P
108599,101,01/15/2026,P
108838,102,01/15/2026,P
108870,101,01/15/2026,P
109233,102,01/15/2026,p
109333,101,01/15/2026,P
109591,102,01/15/2026,P
109734,101,01/15/2026,P
109820,101,01/15/2026,P
110142,102,01/15/2026,P
110493,102,01/15/2026,T
111996,102,01/15/2026,P
112752,101,01/15/2026,P
112890,102,01/15/2026,P
113028,101,01/15/2026,P
113096,101,01/15/2026,A
113273,102,01/15/2026,P
113777,102,01/15/2026,P
114609,101,01/15/2026,A
114633,102,01/15/2026,P
114714,101,01/15/2026,P
115002,101,01/15/2026,P
115724,102,01/15/2026,P
116242,102,01/15/2026,P
116449,101,01/15/2026,P
116483,101,01/15/2026,P
116950,102,01/15/2026,P
116962,101,01/15/2026,T
117046,101,01/15/2026,P
117463,102,01/15/2026,P
117598,102,01/15/2026,P
117631,101,01/15/2026,P
118824,101,01/15/2026,P
118848,101,01/15/2026,P
119009,101,01/15/2026,P
119050,102,01/15/2026,P
119144,102,01/15/2026,P
119292,102,01/15/2026,P
119901,101,01/15/2026,P
120054,101,01/15/2026,P
120160,101,01/15/2026,P
120250,101,01/15/2026,P
120541,102,01/15/2026,P
120593,102,01/15/2026,E
120752,101,01/15/2026,P
120937,102,01/15/2026,P
121367,102,01/15/2026,P
121480,101,01/15/2026,E
122308,101,01/15/2026,E
122742,101,01/15/2026,P
122784,102,01/15/2026,P
123160,102,01/15/2026,P
123372,101,01/15/2026,P
123412,101,01/15/2026,P
123588,101,01/15/2026,P
123825,101,01/15/2026,E
124172,101,01/15/2026,P
124256,101,01/15/2026,P
124641,101,01/15/2026,T
124664,101,01/15/2026,P
125516,102,01/15/2026,P
125585,102,01/15/2026,P
126032,101,01/15/2026,P
126093,102,01/15/2026,P
126134,101,01/15/2026,P
126342,101,01/15/2026,P
126350,102,01/15/2026,P
126955,101,01/15/2026,P
127003,102,01/15/2026,P
127379,101,01/15/2026,P
127522,102,01/15/2026,P
127565,102,01/15/2026,P
127670,102,01/15/2026,P
127881,102,01/15/2026,P
127903,102,01/15/2026,P
128141,102,01/15/2026,P
128381,102,01/15/2026,P
128457,101,01/15/2026,P
128734,101,01/15/2026,P
128907,101,01/15/2026,P
129451,102,01/15/2026,P
129468,102,01/15/2026,P
129500,101,01/15/2026,P
129571,102,01/15/2026,P
129682,101,01/15/2026,P
129936,101,01/15/2026,P
129979,102,01/15/2026,P
129992,101,01/15/2026,P
130030,101,01/15/2026,P
130216,101,01/15/2026,P
130582,101,01/15/2026,P
130762,101,01/15/2026,P
130804,102,01/15/2026,P
130997,102,01/15/2026,P
131196,102,01/15/2026,P
131384,102,01/15/2026,P
131401,101,01/15/2026,P
131595,102,01/15/2026,P
131822,101,01/15/2026,P
132081,102,01/15/2026,P
132131,101,01/15/2026,P
132171,102,01/15/2026,P
132180,102,01/15/2026,P
132242,101,01/15/2026,P
132581,102,01/15/2026,P
132608,101,01/15/2026,P
132664,102,01/15/2026,P
132666,101,01/15/2026,P
132892,101,01/15/2026,P
132932,102,01/15/2026,P
133077,102,01/15/2026,P
133184,101,01/15/2026,P
133272,102,01/15/2026,E
133448,102,01/15/2026,P
133506,101,01/15/2026,P
133542,102,01/15/2026,P
133616,102,01/15/2026,P
133658,101,01/15/2026,P
133762,101,01/15/2026,P
133946,101,01/15/2026,P
134080,101,01/15/2026,P
134268,102,01/15/2026,P
134289,102,01/15/2026,P
134383,101,01/15/2026,P
135262,102,01/15/2026,P
135758,101,01/15/2026,P
135769,101,01/15/2026,P
135812,102,01/15/2026,P
135821,102,01/15/2026,P
135901,101,01/15/2026,P
135923,101,01/15/2026,P
136336,102,01/15/2026,P
136474,101,01/15/2026,P
136533,101,01/15/2026,P
136558,102,01/15/2026,p
136686,102,01/15/2026,P
136962,101,01/15/2026,P
137523,102,01/15/2026,P
137636,101,01/15/2026,P
137717,102,01/15/2026,P
137842,102,01/15/2026,P
138052,102,01/15/2026,P
138211,102,01/15/2026,P
138406,102,01/15/2026,P
138438,102,01/15/2026,P
138530,101,01/15/2026,P
139142,101,01/15/2026,P
139199,101,01/15/2026,P
139332,102,01/15/2026,P
139389,102,01/15/2026,P
139985,102,01/15/2026,P
100014,101,01/16/2026,T
100166,102,01/16/2026,P
100336,101,01/16/2026,P
100607,102,01/16/2026,P
100752,102,01/16/2026,P
100919,102,01/16/2026,P
100926,101,01/16/2026,P
101621,101,01/16/2026,P
101663,101,01/16/2026,P
101676,101,01/16/2026,P
101690,102,01/16/2026,P
102169,102,01/16/2026,P
102203,101,01/16/2026,P
102926,102,01/16/2026,P
103203,101,01/16/2026,T
103366,101,01/16/2026,P
104213,102,01/16/2026,P
104812,101,01/16/2026,P
105001,102,01/16/2026,P
105290,102,01/16/2026,P
105443,101,01/16/2026,P
105533,101,01/16/2026,P
105876,102,01/16/2026,P
105943,101,01/16/2026,P
106040,102,01/16/2026,P
106334,101,01/16/2026,P
106425,102,01/16/2026,E
106447,101,01/16/2026,P
106722,101,01/16/2026,P
106726,102,01/16/2026,P
106955,102,01/16/2026,P
107257,102,01/16/2026,P
107631,101,01/16/2026,P
107806,101,01/16/2026,P
107917,101,01/16/2026,P
107954,101,01/16/2026,P
107996,102,01/16/2026,P
108454,101,01/16/2026,E
108599,101,01/16/2026,P
108838,102,01/16/2026,P
108870,101,01/16/2026,P
109233,102,01/16/2026,P
109333,101,01/16/2026,P
109591,102,01/16/2026,P
109734,101,01/16/2026,P
109820,101,01/16/2026,P
110142,102,01/16/2026,P
110493,102,01/16/2026,P
111996,102,01/16/2026,P
112752,101,01/16/2026,P
112890,102,01/16/2026,P
113028,101,01/16/2026,P
113096,101,01/16/2026,P
113273,102,01/16/2026,P
113777,102,01/16/2026,P
114609,101,01/16/2026,P
114633,102,01/16/2026,P
114714,101,01/16/2026,P
115002,101,01/16/2026,P
115724,102,01/16/2026,T
116242,102,01/16/2026,P
116449,101,01/16/2026,T
116483,101,01/16/2026,P
116950,102,01/16/2026,P
116962,101,01/16/2026,P
117046,101,01/16/2026,P
117463,102,01/16/2026,P
117598,102,01/16/2026,P
117631,101,01/16/2026,P
118824,101,01/16/2026,P
118848,101,01/16/2026,P
119009,101,01/16/2026,P
119050,102,01/16/2026,P
119144,102,01/16/2026,P
119292,102,01/16/2026,P
119901,101,01/16/2026,P
120054,101,01/16/2026,P
120160,101,01/16/2026,P
120250,101,01/16/2026,P
120541,102,01/16/2026,P
120593,102,01/16/2026,P
120752,101,01/16/2026,P
120937,102,01/16/2026,P
121367,102,01/16/2026,P
121480,101,01/16/2026,P
122308,101,01/16/2026,P
122742,101,01/16/2026,T
122784,102,01/16/2026,P
123160,102,01/16/2026,P
123372,101,01/16/2026,P
123412,101,01/16/2026,P
123588,101,01/16/2026,P
123825,101,01/16/2026,P
124172,101,01/16/2026,P
124256,101,01/16/2026,P
124641,101,01/16/2026,P
124664,101,01/16/2026,P
125516,102,01/16/2026,P
125585,102,01/16/2026,P
126032,101,01/16/2026,A
126093,102,01/16/2026,P
126134,101,01/16/2026,P
126342,101,01/16/2026,P
126350,102,01/16/2026,P
126955,101,01/16/2026,P
127003,102,01/16/2026,P
127379,101,01/16/2026,P
127522,102,01/16/2026,P
127565,102,01/16/2026,P
127670,102,01/16/2026,P
127881,102,01/16/2026,E
127903,102,01/16/2026,P
128141,102,01/16/2026,P
128381,102,01/16/2026,P
128457,101,01/16/2026,P
128734,101,01/16/2026,P
128907,101,01/16/2026,P
129451,102,01/16/2026,P
129468,102,01/16/2026,P
129500,101,01/16/2026,P
129571,102,01/16/2026,P
129682,101,01/16/2026,P
129936,101,01/16/2026,P
129979,102,01/16/2026,P
129992,101,01/16/2026,P
130030,101,01/16/2026,P
130216,101,01/16/2026,P
130582,101,01/16/2026,P
130762,101,01/16/2026,P
130804,102,01/16/2026,P
130997,102,01/16/2026,P
131196,102,01/16/2026,P
131384,102,01/16/2026,P
131401,101,01/16/2026,P
131595,102,01/16/2026,E
131822,101,01/16/2026,P
132081,102,01/16/2026,P
132131,101,01/16/2026,P
132171,102,01/16/2026,P
132180,102,01/16/2026,P
132242,101,01/16/2026,P
132581,102,01/16/2026,P
132608,101,01/16/2026,T
132664,102,01/16/2026,P
132666,101,01/16/2026,P
132892,101,01/16/2026,P
132932,102,01/16/2026,P
133077,102,01/16/2026,T
133184,101,01/16/2026,T
133272,102,01/16/2026,P
133448,102,01/16/2026,P
133506,101,01/16/2026,T
133542,102,01/16/2026,P
133616,102,01/16/2026,A
133658,101,01/16/2026,P
133762,101,01/16/2026,A
133946,101,01/16/2026,P
134080,101,01/16/2026,P
134268,102,01/16/2026,P
134289,102,01/16/2026,P
134383,101,01/16/2026,P
135262,102,01/16/2026,P
135758,101,01/16/2026,P
135769,101,01/16/2026,P
135812,102,01/16/2026,P
135821,102,01/16/2026,P
135901,101,01/16/2026,P
135923,101,01/16/2026,P
136336,102,01/16/2026,P
136474,101,01/16/2026,P
136533,101,01/16/2026,P
136558,102,01/16/2026,P
136686,102,01/16/2026,P
136962,101,01/16/2026,P
137523,102,01/16/2026,P
137636,101,01/16/2026,P
137717,102,01/16/2026,P
137842,102,01/16/2026,P
138052,102,01/16/2026,P
138211,102,01/16/2026,P
138406,102,01/16/2026,P
138438,102,01/16/2026,P
138530,101,01/16/2026,P
139142,101,01/16/2026,t
139199,101,01/16/2026,P
139332,102,01/16/2026,P
139389,102,01/16/2026,T
139985,102,01/16/2026,P
100014,101,01/20/2026,E
100166,102,01/20/2026,P
100336,101,01/20/2026,P
100607,102,01/20/2026,P
100752,102,01/20/2026,P
100919,102,01/20/2026,P
100926,101,01/20/2026,P
101621,101,01/20/2026,P
101663,101,01/20/2026,P
101676,101,01/20/2026,P
101690,102,01/20/2026,P
102169,102,01/20/2026,P
102203,101,01/20/2026,P
102926,102,01/20/2026,P
103203,101,01/20/2026,P
103366,101,01/20/2026,P
104213,102,01/20/2026,S
104812,101,01/20/2026,P
105001,102,01/20/2026,P
105290,102,01/20/2026,P
105443,101,01/20/2026,P
105533,101,01/20/2026,P
105876,102,01/20/2026,P
105943,101,01/20/2026,P
106040,102,01/20/2026,P
106334,101,01/20/2026,P
106425,102,01/20/2026,P
106447,101,01/20/2026,T
106722,101,01/20/2026,A
106726,102,01/20/2026,A
106955,102,01/20/2026,P
107257,102,01/20/2026,P
107631,101,01/20/2026,P
107806,101,01/20/2026,P
107917,101,01/20/2026,P
107954,101,01/20/2026,P
107996,102,01/20/2026,P
108454,101,01/20/2026,P
108599,101,01/20/2026,P
108838,102,01/20/2026,P
108870,101,01/20/2026,P
109233,102,01/20/2026,P
109333,101,01/20/2026,P
109591,102,01/20/2026,P
109734,101,01/20/2026,P
109820,101,01/20/2026,P
110142,102,01/20/2026,P
110493,102,01/20/2026,P
111996,102,01/20/2026,P
112752,101,01/20/2026,T
112890,102,01/20/2026,P
113028,101,01/20/2026,p
113096,101,01/20/2026,A
113273,102,01/20/2026,P
113777,102,01/20/2026,P
114609,101,01/20/2026,P
114633,102,01/20/2026,P
114714,101,01/20/2026,T
115002,101,01/20/2026,P
115724,102,01/20/2026,P
116242,102,01/20/2026,P
116449,101,01/20/2026,P
116483,101,01/20/2026,P
116950,102,01/20/2026,P
116962,101,01/20/2026,P
117046,101,01/20/2026,P
117463,102,01/20/2026,P
117598,102,01/20/2026,P
117631,101,01/20/2026,P
118824,101,01/20/2026,P
118848,101,01/20/2026,P
119009,101,01/20/2026,P
119050,102,01/20/2026,P
119144,102,01/20/2026,P
119292,102,01/20/2026,P
119901,101,01/20/2026,P
120054,101,01/20/2026,P
120160,101,01/20/2026,P
120250,101,01/20/2026,P
120541,102,01/20/2026,P
120593,102,01/20/2026,P
120752,101,01/20/2026,P
120937,102,01/20/2026,T
121367,102,01/20/2026,P
121480,101,01/20/2026,P
122308,101,01/20/2026,P
122742,101,01/20/2026,T
122784,102,01/20/2026,P
123160,102,01/20/2026,P
123372,101,01/20/2026,P
123412,101,01/20/2026,P
123588,101,01/20/2026,T
123825,101,01/20/2026,p
124172,101,01/20/2026,P
124256,101,01/20/2026,P
124641,101,01/20/2026,P
124664,101,01/20/2026,P
125516,102,01/20/2026,P
125585,102,01/20/2026,P
126032,101,01/20/2026,P
126093,102,01/20/2026,P
126134,101,01/20/2026,P
126342,101,01/20/2026,P
126350,102,01/20/2026,P
126955,101,01/20/2026,P
127003,102,01/20/2026,P
127379,101,01/20/2026,P
127522,102,01/20/2026,P
127565,102,01/20/2026,P
127670,102,01/20/2026,P
127881,102,01/20/2026,P
127903,102,01/20/2026,P
128141,102,01/20/2026,P
128381,102,01/20/2026,P
128457,101,01/20/2026,P
128734,101,01/20/2026,P
128907,101,01/20/2026,P
129451,102,01/20/2026,P
129468,102,01/20/2026,P
129500,101,01/20/2026,P
129571,102,01/20/2026,P
129682,101,01/20/2026,P
129936,101,01/20/2026,P
129979,102,01/20/2026,P
129992,101,01/20/2026,P
130030,101,01/20/2026,P
130216,101,01/20/2026,P
130582,101,01/20/2026,P
130762,101,01/20/2026,P
130804,102,01/20/2026,P
130997,102,01/20/2026,P
131196,102,01/20/2026,P
131384,102,01/20/2026,P
131401,101,01/20/2026,P
131595,102,01/20/2026,P
131822,101,01/20/2026,T
132081,102,01/20/2026,P
132131,101,01/20/2026,P
132171,102,01/20/2026,P
132180,102,01/20/2026,P
132242,101,01/20/2026,P
132581,102,01/20/2026,P
132608,101,01/20/2026,P
132664,102,01/20/2026,T
132666,101,01/20/2026,P
132892,101,01/20/2026,P
132932,102,01/20/2026,P
133077,102,01/20/2026,P
133184,101,01/20/2026,T
133272,102,01/20/2026,P
133448,102,01/20/2026,T
133506,101,01/20/2026,P
133542,102,01/20/2026,P
133616,102,01/20/2026,P
133658,101,01/20/2026,P
133762,101,01/20/2026,P
133946,101,01/20/2026,P
134080,101,01/20/2026,P
134268,102,01/20/2026,P
134289,102,01/20/2026,P
134383,101,01/20/2026,E
135262,102,01/20/2026,P
135758,101,01/20/2026,P
135769,101,01/20/2026,P
135812,102,01/20/2026,P
135821,102,01/20/2026,P
135901,101,01/20/2026,P
135923,101,01/20/2026,T
136336,102,01/20/2026,P
136474,101,01/20/2026,P
136533,101,01/20/2026,P
136558,102,01/20/2026,P
136686,102,01/20/2026,p
136962,101,01/20/2026,A
137523,102,01/20/2026,P
137636,101,01/20/2026,P
137717,102,01/20/2026,P
137842,102,01/20/2026,P
138052,102,01/20/2026,P
138211,102,01/20/2026,P
138406,102,01/20/2026,P
138438,102,01/20/2026,P
138530,101,01/20/2026,A
139142,101,01/20/2026,P
139199,101,01/20/2026,P
139332,102,01/20/2026,P
139389,102,01/20/2026,P
139985,102,01/20/2026,P
100014,101,01/21/2026,P
100166,102,01/21/2026,P
100336,101,01/21/2026,P
100607,102,01/21/2026,P
100752,102,01/21/2026,P
100919,102,01/21/2026,P
100926,101,01/21/2026,P
101621,101,01/21/2026,P
101663,101,01/21/2026,P
101676,101,01/21/2026,P
101690,102,01/21/2026,P
102169,102,01/21/2026,P
102203,101,01/21/2026,P
102926,102,01/21/2026,P
103203,101,01/21/2026,P
103366,101,01/21/2026,P
104213,102,01/21/2026,P
104812,101,01/21/2026,P
105001,102,01/21/2026,P
105290,102,01/21/2026,P
105443,101,01/21/2026,P
105533,101,01/21/2026,P
105876,102,01/21/2026,P
105943,101,01/21/2026,P
106040,102,01/21/2026,P
106334,101,01/21/2026,T
106425,102,01/21/2026,P
106447,101,01/21/2026,P
106722,101,01/21/2026,P
106726,102,01/21/2026,P
106955,102,01/21/2026,P
107257,102,01/21/2026,P
107631,101,01/21/2026,P
107806,101,01/21/2026,P
107917,101,01/21/2026,S
107954,101,01/21/2026,P
107996,102,01/21/2026,P
108454,101,01/21/2026,P
108599,101,01/21/2026,P
108838,102,01/21/2026,P
108870,101,01/21/2026,A
109233,102,01/21/2026,P
109333,101,01/21/2026,P
109591,102,01/21/2026,P
109734,101,01/21/2026,P
109820,101,01/21/2026,P
110142,102,01/21/2026,P
110493,102,01/21/2026,P
111996,102,01/21/2026,P
112752,101,01/21/2026,P
112890,102,01/21/2026,P
113028,101,01/21/2026,P
113096,101,01/21/2026,A
113273,102,01/21/2026,P
113777,102,01/21/2026,P
114609,101,01/21/2026,P
114633,102,01/21/2026,P
114714,101,01/21/2026,P
115002,101,01/21/2026,P
115724,102,01/21/2026,P
116242,102,01/21/2026,P
116449,101,01/21/2026,P
116483,101,01/21/2026,P
116950,102,01/21/2026,P
116962,101,01/21/2026,p
117046,101,01/21/2026,P
117463,102,01/21/2026,P
117598,102,01/21/2026,P
117631,101,01/21/2026,P
118824,101,01/21/2026,P
118848,101,01/21/2026,P
119009,101,01/21/2026,P
119050,102,01/21/2026,P
119144,102,01/21/2026,P
119292,102,01/21/2026,P
119901,101,01/21/2026,P
120054,101,01/21/2026,P
120160,101,01/21/2026,P
120250,101,01/21/2026,P
120541,102,01/21/2026,P
120593,102,01/21/2026,P
120752,101,01/21/2026,P
120937,102,01/21/2026,P
121367,102,01/21/2026,P
121480,101,01/21/2026,P
122308,101,01/21/2026,E
122742,101,01/21/2026,P
122784,102,01/21/2026,P
123160,102,01/21/2026,P
123372,101,01/21/2026,P
123412,101,01/21/2026,P
123588,101,01/21/2026,P
123825,101,01/21/2026,P
124172,101,01/21/2026,T
124256,101,01/21/2026,P
124641,101,01/21/2026,P
124664,101,01/21/2026,P
125516,102,01/21/2026,P
125585,102,01/21/2026,P
126032,101,01/21/2026,P
126093,102,01/21/2026,E
126134,101,01/21/2026,P
126342,101,01/21/2026,P
126350,102,01/21/2026,P
126955,101,01/21/2026,P
127003,102,01/21/2026,P
127379,101,01/21/2026,P
127522,102,01/21/2026,P
127565,102,01/21/2026,P
127670,102,01/21/2026,P
127881,102,01/21/2026,P
127903,102,01/21/2026,P
128141,102,01/21/2026,P
128381,102,01/21/2026,P
128457,101,01/21/2026,P
128734,101,01/21/2026,A
128907,101,01/21/2026,P
129451,102,01/21/2026,P
129468,102,01/21/2026,P
129500,101,01/21/2026,P
129571,102,01/21/2026,P
129682,101,01/21/2026,P
129936,101,01/21/2026,P
129979,102,01/21/2026,P
129992,101,01/21/2026,P
130030,101,01/21/2026,P
130216,101,01/21/2026,P
130582,101,01/21/2026,P
130762,101,01/21/2026,P
130804,102,01/21/2026,P
130997,102,01/21/2026,P
131196,102,01/21/2026,p
131384,102,01/21/2026,P
131401,101,01/21/2026,P
131595,102,01/21/2026,P
131822,101,01/21/2026,P
132081,102,01/21/2026,P
132131,101,01/21/2026,P
132171,102,01/21/2026,P
132180,102,01/21/2026,P
132242,101,01/21/2026,P
132581,102,01/21/2026,P
132608,101,01/21/2026,P
132664,102,01/21/2026,A
132666,101,01/21/2026,P
132892,101,01/21/2026,P
132932,102,01/21/2026,A
133077,102,01/21/2026,T
133184,101,01/21/2026,P
133272,102,01/21/2026,P
133448,102,01/21/2026,P
133506,101,01/21/2026,P
133542,102,01/21/2026,P
133616,102,01/21/2026,P
133658,101,01/21/2026,P
133762,101,01/21/2026,E
133946,101,01/21/2026,P
134080,101,01/21/2026,T
134268,102,01/21/2026,P
134289,102,01/21/2026,P
134383,101,01/21/2026,P
135262,102,01/21/2026,P
135758,101,01/21/2026,P
135769,101,01/21/2026,p
135812,102,01/21/2026,P
135821,102,01/21/2026,P
135901,101,01/21/2026,P
135923,101,01/21/2026,E
136336,102,01/21/2026,P
136474,101,01/21/2026,P
136533,101,01/21/2026,P
136558,102,01/21/2026,P
136686,102,01/21/2026,P
136962,101,01/21/2026,P
137523,102,01/21/2026,P
137636,101,01/21/2026,P
137717,102,01/21/2026,P
137842,102,01/21/2026,P
138052,102,01/21/2026,P
138211,102,01/21/2026,P
138406,102,01/21/2026,P
138438,102,01/21/2026,P
138530,101,01/21/2026,P
139142,101,01/21/2026,P
139199,101,01/21/2026,P
139332,102,01/21/2026,P
139389,102,01/21/2026,P
139985,102,01/21/2026,P
100014,101,01/22/2026,P
100166,102,01/22/2026,P
100336,101,01/22/2026,T
100607,102,01/22/2026,T
100752,102,01/22/2026,P
100919,102,01/22/2026,P
100926,101,01/22/2026,P
101621,101,01/22/2026,P
101663,101,01/22/2026,A
101676,101,01/22/2026,P
101690,102,01/22/2026,P
102169,102,01/22/2026,E
102203,101,01/22/2026,P
102926,102,01/22/2026,P
103203,101,01/22/2026,P
103366,101,01/22/2026,P
104213,102,01/22/2026,P
104812,101,01/22/2026,A
105001,102,01/22/2026,P
105290,102,01/22/2026,P
105443,101,01/22/2026,P
105533,101,01/22/2026,P
105876,102,01/22/2026,P
105943,101,01/22/2026,P
106040,102,01/22/2026,P
106334,101,01/22/2026,P
106425,102,01/22/2026,P
106447,101,01/22/2026,p
106722,101,01/22/2026,P
106726,102,01/22/2026,P
106955,102,01/22/2026,P
107257,102,01/22/2026,P
107631,101,01/22/2026,P
107806,101,01/22/2026,P
107917,101,01/22/2026,P
107954,101,01/22/2026,P
107996,102,01/22/2026,P
108454,101,01/22/2026,P
108599,101,01/22/2026,P
108838,102,01/22/2026,P
108870,101,01/22/2026,A
109233,102,01/22/2026,P
109333,101,01/22/2026,P
109591,102,01/22/2026,P
109734,101,01/22/2026,P
109820,101,01/22/2026,P
110142,102,01/22/2026,P
110493,102,01/22/2026,P
111996,102,01/22/2026,P
112752,101,01/22/2026,P
112890,102,01/22/2026,P
113028,101,01/22/2026,P
113096,101,01/22/2026,P
113273,102,01/22/2026,P
113777,102,01/22/2026,P
114609,101,01/22/2026,P
114633,102,01/22/2026,P
114714,101,01/22/2026,P
115002,101,01/22/2026,P
115724,102,01/22/2026,T
116242,102,01/22/2026,P
116449,101,01/22/2026,P
116483,101,01/22/2026,P
116950,102,01/22/2026,P
116962,101,01/22/2026,P
117046,101,01/22/2026,P
117463,102,01/22/2026,P
117598,102,01/22/2026,P
117631,101,01/22/2026,P
118824,101,01/22/2026,P
118848,101,01/22/2026,P
119009,101,01/22/2026,P
119050,102,01/22/2026,P
119144,102,01/22/2026,P
119292,102,01/22/2026,P
119901,101,01/22/2026,P
120054,101,01/22/2026,P
120160,101,01/22/2026,P
120250,101,01/22/2026,P
120541,102,01/22/2026,P
120593,102,01/22/2026,P
120752,101,01/22/2026,E
120937,102,01/22/2026,P
121367,102,01/22/2026,P
121480,101,01/22/2026,P
122308,101,01/22/2026,P
122742,101,01/22/2026,P
122784,102,01/22/2026,P
123160,102,01/22/2026,P
123372,101,01/22/2026,P
123412,101,01/22/2026,P
123588,101,01/22/2026,P
123825,101,01/22/2026,P
124172,101,01/22/2026,P
124256,101,01/22/2026,P
124641,101,01/22/2026,A
124664,101,01/22/2026,p
125516,102,01/22/2026,P
125585,102,01/22/2026,P
126032,101,01/22/2026,P
126093,102,01/22/2026,P
126134,101,01/22/2026,P
126342,101,01/22/2026,E
126350,102,01/22/2026,P
126955,101,01/22/2026,P
127003,102,01/22/2026,P
127379,101,01/22/2026,T
127522,102,01/22/2026,P
127565,102,01/22/2026,T
127670,102,01/22/2026,P
127881,102,01/22/2026,P
127903,102,01/22/2026,E
128141,102,01/22/2026,P
128381,102,01/22/2026,P
128457,101,01/22/2026,P
128734,101,01/22/2026,P
128907,101,01/22/2026,T
129451,102,01/22/2026,P
129468,102,01/22/2026,E
129500,101,01/22/2026,P
129571,102,01/22/2026,P
129682,101,01/22/2026,P
129936,101,01/22/2026,P
129979,102,01/22/2026,P
129992,101,01/22/2026,P
130030,101,01/22/2026,E
130216,101,01/22/2026,P
130582,101,01/22/2026,P
130762,101,01/22/2026,T
130804,102,01/22/2026,P
130997,102,01/22/2026,P
131196,102,01/22/2026,P
131384,102,01/22/2026,P
131401,101,01/22/2026,P
131595,102,01/22/2026,P
131822,101,01/22/2026,P
132081,102,01/22/2026,P
132131,101,01/22/2026,P
132171,102,01/22/2026,P
132180,102,01/22/2026,P
132242,101,01/22/2026,A
132581,102,01/22/2026,P
132608,101,01/22/2026,P
132664,102,01/22/2026,P
132666,101,01/22/2026,P
132892,101,01/22/2026,P
132932,102,01/22/2026,P
133077,102,01/22/2026,P
133184,101,01/22/2026,P
133272,102,01/22/2026,P
133448,102,01/22/2026,P
133506,101,01/22/2026,P
133542,102,01/22/2026,P
133616,102,01/22/2026,P
133658,101,01/22/2026,P
133762,101,01/22/2026,E
133946,101,01/22/2026,P
134080,101,01/22/2026,P
134268,102,01/22/2026,P
134289,102,01/22/2026,P
134383,101,01/22/2026,E
135262,102,01/22/2026,P
135758,101,01/22/2026,P
135769,101,01/22/2026,P
135812,102,01/22/2026,P
135821,102,01/22/2026,P
135901,101,01/22/2026,P
135923,101,01/22/2026,P
136336,102,01/22/2026,P
136474,101,01/22/2026,P
136533,101,01/22/2026,P
136558,102,01/22/2026,P
136686,102,01/22/2026,P
136962,101,01/22/2026,P
137523,102,01/22/2026,P
137636,101,01/22/2026,P
137717,102,01/22/2026,P
137842,102,01/22/2026,P
138052,102,01/22/2026,P
138211,102,01/22/2026,P
138406,102,01/22/2026,P
138438,102,01/22/2026,P
138530,101,01/22/2026,P
139142,101,01/22/2026,P
139199,101,01/22/2026,P
139332,102,01/22/2026,P
139389,102,01/22/2026,P
139985,102,01/22/2026,P
100014,101,01/23/2026,P
100166,102,01/23/2026,P
100336,101,01/23/2026,P
100607,102,01/23/2026,P
100752,102,01/23/2026,P
100919,102,01/23/2026,P
100926,101,01/23/2026,A
101621,101,01/23/2026,P
101663,101,01/23/2026,P
101676,101,01/23/2026,P
101690,102,01/23/2026,P
102169,102,01/23/2026,P
102203,101,01/23/2026,A
102926,102,01/23/2026,P
103203,101,01/23/2026,P
103366,101,01/23/2026,E
104213,102,01/23/2026,P
104812,101,01/23/2026,P
105001,102,01/23/2026,P
105290,102,01/23/2026,P
105443,101,01/23/2026,P
105533,101,01/23/2026,P
105876,102,01/23/2026,P
105943,101,01/23/2026,T
106040,102,01/23/2026,P
106334,101,01/23/2026,P
106425,102,01/23/2026,P
106447,101,01/23/2026,P
106722,101,01/23/2026,E
106726,102,01/23/2026,P
106955,102,01/23/2026,P
107257,102,01/23/2026,P
107631,101,01/23/2026,P
107806,101,01/23/2026,P
107917,101,01/23/2026,P
107954,101,01/23/2026,P
107996,102,01/23/2026,P
108454,101,01/23/2026,P
108599,101,01/23/2026,P
108838,102,01/23/2026,P
108870,101,01/23/2026,P
109233,102,01/23/2026,P
109333,101,01/23/2026,P
109591,102,01/23/2026,P
109734,101,01/23/2026,P
109820,101,01/23/2026,P
110142,102,01/23/2026,P
110493,102,01/23/2026,T
111996,102,01/23/2026,P
112752,101,01/23/2026,P
112890,102,01/23/2026,P
113028,101,01/23/2026,P
113096,101,01/23/2026,P
113273,102,01/23/2026,A
113777,102,01/23/2026,P
114609,101,01/23/2026,P
114633,102,01/23/2026,P
114714,101,01/23/2026,P
115002,101,01/23/2026,P
115724,102,01/23/2026,P
116242,102,01/23/2026,P
116449,101,01/23/2026,P
116483,101,01/23/2026,P
116950,102,01/23/2026,A
116962,101,01/23/2026,P
117046,101,01/23/2026,P
117463,102,01/23/2026,P
117598,102,01/23/2026,P
117631,101,01/23/2026,P
118824,101,01/23/2026,P
118848,101,01/23/2026,P
119009,101,01/23/2026,P
119050,102,01/23/2026,P
119144,102,01/23/2026,P
119292,102,01/23/2026,T
119901,101,01/23/2026,P
120054,101,01/23/2026,P
120160,101,01/23/2026,A
120250,101,01/23/2026,P
120541,102,01/23/2026,T
120593,102,01/23/2026,P
120752,101,01/23/2026,T
120937,102,01/23/2026,P
121367,102,01/23/2026,P
121480,101,01/23/2026,P
122308,101,01/23/2026,P
122742,101,01/23/2026,P
122784,102,01/23/2026,P
123160,102,01/23/2026,P
123372,101,01/23/2026,T
123412,101,01/23/2026,P
123588,101,01/23/2026,P
123825,101,01/23/2026,P
124172,101,01/23/2026,P
124256,101,01/23/2026,P
124641,101,01/23/2026,P
124664,101,01/23/2026,P
125516,102,01/23/2026,P
125585,102,01/23/2026,P
126032,101,01/23/2026,P
126093,102,01/23/2026,P
126134,101,01/23/2026,P
126342,101,01/23/2026,P
126350,102,01/23/2026,P
126955,101,01/23/2026,P
127003,102,01/23/2026,P
127379,101,01/23/2026,P
127522,102,01/23/2026,P
127565,102,01/23/2026,P
127670,102,01/23/2026,P
127881,102,01/23/2026,A
127903,102,01/23/2026,P
128141,102,01/23/2026,P
128381,102,01/23/2026,P
128457,101,01/23/2026,P
128734,101,01/23/2026,P
128907,101,01/23/2026,P
129451,102,01/23/2026,T
129468,102,01/23/2026,P
129500,101,01/23/2026,P
129571,102,01/23/2026,P
129682,101,01/23/2026,P
129936,101,01/23/2026,P
129979,102,01/23/2026,P
129992,101,01/23/2026,P
130030,101,01/23/2026,P
130216,101,01/23/2026,P
130582,101,01/23/2026,P
130762,101,01/23/2026,P
130804,102,01/23/2026,P
130997,102,01/23/2026,P
131196,102,01/23/2026,P
131384,102,01/23/2026,P
131401,101,01/23/2026,P
131595,102,01/23/2026,P
131822,101,01/23/2026,P
132081,102,01/23/2026,P
132131,101,01/23/2026,A
132171,102,01/23/2026,T
132180,102,01/23/2026,P
132242,101,01/23/2026,P
132581,102,01/23/2026,P
132608,101,01/23/2026,P
132664,102,01/23/2026,P
132666,101,01/23/2026,P
132892,101,01/23/2026,P
132932,102,01/23/2026,P
133077,102,01/23/2026,P
133184,101,01/23/2026,P
133272,102,01/23/2026,P
133448,102,01/23/2026,P
133506,101,01/23/2026,P
133542,102,01/23/2026,P
133616,102,01/23/2026,P
133658,101,01/23/2026,P
133762,101,01/23/2026,P
133946,101,01/23/2026,T
134080,101,01/23/2026,P
134268,102,01/23/2026,P
134289,102,01/23/2026,P
134383,101,01/23/2026,P
135262,102,01/23/2026,P
135758,101,01/23/2026,P
135769,101,01/23/2026,P
135812,102,01/23/2026,P
135821,102,01/23/2026,P
135901,101,01/23/2026,P
135923,101,01/23/2026,P
136336,102,01/23/2026,P
136474,101,01/23/2026,P
136533,101,01/23/2026,P
136558,102,01/23/2026,P
136686,102,01/23/2026,P
136962,101,01/23/2026,P
137523,102,01/23/2026,P
137636,101,01/23/2026,P
137717,102,01/23/2026,P
137842,102,01/23/2026,P
138052,102,01/23/2026,P
138211,102,01/23/2026,A
138406,102,01/23/2026,P
138438,102,01/23/2026,A
138530,101,01/23/2026,P
139142,101,01/23/2026,P
139199,101,01/23/2026,T
139332,102,01/23/2026,P
139389,102,01/23/2026,P
139985,102,01/23/2026,P
100014,101,01/26/2026,P
100166,102,01/26/2026,P
100336,101,01/26/2026,P
100607,102,01/26/2026,P
100752,102,01/26/2026,P
100919,102,01/26/2026,P
100926,101,01/26/2026,P
101621,101,01/26/2026,P
101663,101,01/26/2026,P
101676,101,01/26/2026,P
101690,102,01/26/2026,P
102169,102,01/26/2026,P
102203,101,01/26/2026,P
102926,102,01/26/2026,P
103203,101,01/26/2026,P
103366,101,01/26/2026,E
104213,102,01/26/2026,P
104812,101,01/26/2026,P
105001,102,01/26/2026,P
105290,102,01/26/2026,P
105443,101,01/26/2026,P
105533,101,01/26/2026,P
105876,102,01/26/2026,P
105943,101,01/26/2026,P
106040,102,01/26/2026,T
106334,101,01/26/2026,P
106425,102,01/26/2026,P
106447,101,01/26/2026,P
106722,101,01/26/2026,P
106726,102,01/26/2026,P
106955,102,01/26/2026,P
107257,102,01/26/2026,P
107631,101,01/26/2026,P
107806,101,01/26/2026,T
107917,101,01/26/2026,P
107954,101,01/26/2026,P
107996,102,01/26/2026,P
108454,101,01/26/2026,P
108599,101,01/26/2026,P
108838,102,01/26/2026,P
108870,101,01/26/2026,P
109233,102,01/26/2026,P
109333,101,01/26/2026,P
109591,102,01/26/2026,P
109734,101,01/26/2026,P
109820,101,01/26/2026,P
110142,102,01/26/2026,P
110493,102,01/26/2026,P
111996,102,01/26/2026,E
112752,101,01/26/2026,P
112890,102,01/26/2026,P
113028,101,01/26/2026,P
113096,101,01/26/2026,P
113273,102,01/26/2026,P
113777,102,01/26/2026,P
114609,101,01/26/2026,P
114633,102,01/26/2026,P
114714,101,01/26/2026,P
115002,101,01/26/2026,P
115724,102,01/26/2026,P
116242,102,01/26/2026,P
116449,101,01/26/2026,P
116483,101,01/26/2026,P
116950,102,01/26/2026,P
116962,101,01/26/2026,P
117046,101,01/26/2026,P
117463,102,01/26/2026,P
117598,102,01/26/2026,P
117631,101,01/26/2026,P
118824,101,01/26/2026,P
118848,101,01/26/2026,A
119009,101,01/26/2026,P
119050,102,01/26/2026,P
119144,102,01/26/2026,P
119292,102,01/26/2026,P
119901,101,01/26/2026,T
120054,101,01/26/2026,P
120160,101,01/26/2026,P
120250,101,01/26/2026,P
120541,102,01/26/2026,P
120593,102,01/26/2026,P
120752,101,01/26/2026,P
120937,102,01/26/2026,P
121367,102,01/26/2026,P
121480,101,01/26/2026,P
122308,101,01/26/2026,P
122742,101,01/26/2026,P
122784,102,01/26/2026,P
123160,102,01/26/2026,P
123372,101,01/26/2026,p
123412,101,01/26/2026,P
123588,101,01/26/2026,P
123825,101,01/26/2026,P
124172,101,01/26/2026,P
124256,101,01/26/2026,P
124641,101,01/26/2026,P
124664,101,01/26/2026,P
125516,102,01/26/2026,A
125585,102,01/26/2026,P
126032,101,01/26/2026,P
126093,102,01/26/2026,P
126134,101,01/26/2026,P
126342,101,01/26/2026,P
126350,102,01/26/2026,P
126955,101,01/26/2026,P
127003,102,01/26/2026,P
127379,101,01/26/2026,P
127522,102,01/26/2026,P
127565,102,01/26/2026,P
127670,102,01/26/2026,P
127881,102,01/26/2026,P
127903,102,01/26/2026,P
128141,102,01/26/2026,P
128381,102,01/26/2026,P
128457,101,01/26/2026,P
128734,101,01/26/2026,P
128907,101,01/26/2026,P
129451,102,01/26/2026,P
129468,102,01/26/2026,P
129500,101,01/26/2026,P
129571,102,01/26/2026,P
129682,101,01/26/2026,T
129936,101,01/26/2026,P
129979,102,01/26/2026,P
129992,101,01/26/2026,T
130030,101,01/26/2026,P
130216,101,01/26/2026,P
130582,101,01/26/2026,P
130762,101,01/26/2026,P
130804,102,01/26/2026,P
130997,102,01/26/2026,A
131196,102,01/26/2026,P
131384,102,01/26/2026,P
131401,101,01/26/2026,P
131595,102,01/26/2026,P
131822,101,01/26/2026,P
132081,102,01/26/2026,P
132131,101,01/26/2026,E
132171,102,01/26/2026,P
132180,102,01/26/2026,P
132242,101,01/26/2026,P
132581,102,01/26/2026,P
132608,101,01/26/2026,P
132664,102,01/26/2026,P
132666,101,01/26/2026,P
132892,101,01/26/2026,P
132932,102,01/26/2026,E
133077,102,01/26/2026,P
133184,101,01/26/2026,P
133272,102,01/26/2026,P
133448,102,01/26/2026,P
133506,101,01/26/2026,P
133542,102,01/26/2026,P
133616,102,01/26/2026,P
133658,101,01/26/2026,P
133762,101,01/26/2026,P
133946,101,01/26/2026,p
134080,101,01/26/2026,T
134268,102,01/26/2026,P
134289,102,01/26/2026,P
134383,101,01/26/2026,P
135262,102,01/26/2026,P
135758,101,01/26/2026,P
135769,101,01/26/2026,P
135812,102,01/26/2026,P
135821,102,01/26/2026,P
135901,101,01/26/2026,P
135923,101,01/26/2026,A
136336,102,01/26/2026,P
136474,101,01/26/2026,P
136533,101,01/26/2026,P
136558,102,01/26/2026,P
136686,102,01/26/2026,P
136962,101,01/26/2026,P
137523,102,01/26/2026,P
137636,101,01/26/2026,P
137717,102,01/26/2026,P
137842,102,01/26/2026,P
138052,102,01/26/2026,P
138211,102,01/26/2026,P
138406,102,01/26/2026,P
138438,102,01/26/2026,P
138530,101,01/26/2026,P
139142,101,01/26/2026,P
139199,101,01/26/2026,P
139332,102,01/26/2026,P
139389,102,01/26/2026,P
139985,102,01/26/2026,P
100014,101,01/27/2026,P
100166,102,01/27/2026,P
100336,101,01/27/2026,P
100607,102,01/27/2026,P
100752,102,01/27/2026,P
100919,102,01/27/2026,P
100926,101,01/27/2026,P
101621,101,01/27/2026,P
101663,101,01/27/2026,P
101676,101,01/27/2026,P
101690,102,01/27/2026,P
102169,102,01/27/2026,P
102203,101,01/27/2026,P
102926,102,01/27/2026,P
103203,101,01/27/2026,P
103366,101,01/27/2026,S
104213,102,01/27/2026,P
104812,101,01/27/2026,P
105001,102,01/27/2026,P
105290,102,01/27/2026,T
105443,101,01/27/2026,P
105533,101,01/27/2026,P
105876,102,01/27/2026,P
105943,101,01/27/2026,P
106040,102,01/27/2026,P
106334,101,01/27/2026,P
106425,102,01/27/2026,P
106447,101,01/27/2026,P
106722,101,01/27/2026,T
106726,102,01/27/2026,P
106955,102,01/27/2026,P
107257,102,01/27/2026,P
107631,101,01/27/2026,P
107806,101,01/27/2026,P
107917,101,01/27/2026,P
107954,101,01/27/2026,P
107996,102,01/27/2026,P
108454,101,01/27/2026,P
108599,101,01/27/2026,P
108838,102,01/27/2026,P
108870,101,01/27/2026,P
109233,102,01/27/2026,P
109333,101,01/27/2026,P
109591,102,01/27/2026,P
109734,101,01/27/2026,P
109820,101,01/27/2026,P
110142,102,01/27/2026,P
110493,102,01/27/2026,P
111996,102,01/27/2026,E
112752,101,01/27/2026,P
112890,102,01/27/2026,P
113028,101,01/27/2026,P
113096,101,01/27/2026,P
113273,102,01/27/2026,P
113777,102,01/27/2026,A
114609,101,01/27/2026,S
114633,102,01/27/2026,P
114714,101,01/27/2026,P
115724,102,01/27/2026,P
116242,102,01/27/2026,P
116449,101,01/27/2026,P
116483,101,01/27/2026,P
116950,102,01/27/2026,P
116962,101,01/27/2026,P
117046,101,01/27/2026,P
117463,102,01/27/2026,P
117598,102,01/27/2026,E
117631,101,01/27/2026,P
118824,101,01/27/2026,P
118848,101,01/27/2026,P
119009,101,01/27/2026,P
119050,102,01/27/2026,P
119144,102,01/27/2026,P
119292,102,01/27/2026,P
119901,101,01/27/2026,P
120054,101,01/27/2026,P
120160,101,01/27/2026,P
120250,101,01/27/2026,P
120541,102,01/27/2026,P
120593,102,01/27/2026,P
120752,101,01/27/2026,P
120937,102,01/27/2026,P
121367,102,01/27/2026,P
121480,101,01/27/2026,P
122308,101,01/27/2026,P
122742,101,01/27/2026,P
122784,102,01/27/2026,P
123160,102,01/27/2026,P
123372,101,01/27/2026,P
123412,101,01/27/2026,P
123588,101,01/27/2026,P
123825,101,01/27/2026,P
124172,101,01/27/2026,T
124256,101,01/27/2026,P
124641,101,01/27/2026,P
124664,101,01/27/2026,P
125516,102,01/27/2026,P
125585,102,01/27/2026,P
126032,101,01/27/2026,P
126093,102,01/27/2026,P
126134,101,01/27/2026,P
126342,101,01/27/2026,P
126350,102,01/27/2026,P
126955,101,01/27/2026,P
127003,102,01/27/2026,P
127379,101,01/27/2026,P
127522,102,01/27/2026,P
127565,102,01/27/2026,P
127670,102,01/27/2026,P
127881,102,01/27/2026,P
127903,102,01/27/2026,P
128141,102,01/27/2026,P
128381,102,01/27/2026,P
128457,101,01/27/2026,P
128734,101,01/27/2026,P
128907,101,01/27/2026,P
129451,102,01/27/2026,P
129468,102,01/27/2026,P
129500,101,01/27/2026,P
129571,102,01/27/2026,P
129682,101,01/27/2026,P
129936,101,01/27/2026,P
129979,102,01/27/2026,P
129992,101,01/27/2026,P
130030,101,01/27/2026,P
130216,101,01/27/2026,P
130582,101,01/27/2026,P
130762,101,01/27/2026,P
130804,102,01/27/2026,P
130997,102,01/27/2026,P
131196,102,01/27/2026,P
131384,102,01/27/2026,p
131401,101,01/27/2026,P
131595,102,01/27/2026,P
131822,101,01/27/2026,P
132081,102,01/27/2026,P
132131,101,01/27/2026,P
132171,102,01/27/2026,P
132180,102,01/27/2026,P
132242,101,01/27/2026,P
132581,102,01/27/2026,P
132608,101,01/27/2026,T
132664,102,01/27/2026,T
132666,101,01/27/2026,P
132892,101,01/27/2026,T
132932,102,01/27/2026,P
133077,102,01/27/2026,P
133184,101,01/27/2026,P
133272,102,01/27/2026,P
133448,102,01/27/2026,P
133506,101,01/27/2026,P
133542,102,01/27/2026,P
133616,102,01/27/2026,P
133658,101,01/27/2026,P
133762,101,01/27/2026,P
133946,101,01/27/2026,P
134080,101,01/27/2026,P
134268,102,01/27/2026,T
134289,102,01/27/2026,P
134383,101,01/27/2026,P
135262,102,01/27/2026,P
135758,101,01/27/2026,P
135769,101,01/27/2026,P
135812,102,01/27/2026,P
135821,102,01/27/2026,P
135901,101,01/27/2026,P
135923,101,01/27/2026,P
136336,102,01/27/2026,P
136474,101,01/27/2026,P
136533,101,01/27/2026,P
136558,102,01/27/2026,P
136686,102,01/27/2026,P
136962,101,01/27/2026,P
137523,102,01/27/2026,P
137636,101,01/27/2026,P
137717,102,01/27/2026,P
137842,102,01/27/2026,P
138052,102,01/27/2026,E
138211,102,01/27/2026,P
138406,102,01/27/2026,P
138438,102,01/27/2026,P
138530,101,01/27/2026,P
139142,101,01/27/2026,P
139199,101,01/27/2026,E
139332,102,01/27/2026,P
139389,102,01/27/2026,P
139985,102,01/27/2026,P
100014,101,01/28/2026,P
100166,102,01/28/2026,P
100336,101,01/28/2026,P
100607,102,01/28/2026,T
100752,102,01/28/2026,P
100919,102,01/28/2026,P
100926,101,01/28/2026,P
101621,101,01/28/2026,P
101663,101,01/28/2026,A
101676,101,01/28/2026,P
101690,102,01/28/2026,P
102169,102,01/28/2026,A
102203,101,01/28/2026,P
102926,102,01/28/2026,T
103203,101,01/28/2026,P
103366,101,01/28/2026,P
104213,102,01/28/2026,P
104812,101,01/28/2026,P
105001,102,01/28/2026,p
105290,102,01/28/2026,P
105443,101,01/28/2026,P
105533,101,01/28/2026,P
105876,102,01/28/2026,P
105943,101,01/28/2026,P
106040,102,01/28/2026,P
106334,101,01/28/2026,P
106425,102,01/28/2026,P
106447,101,01/28/2026,P
106722,101,01/28/2026,P
106726,102,01/28/2026,P
106955,102,01/28/2026,P
107257,102,01/28/2026,P
107631,101,01/28/2026,P
107806,101,01/28/2026,P
107917,101,01/28/2026,T
107954,101,01/28/2026,P
107996,102,01/28/2026,P
108454,101,01/28/2026,P
108599,101,01/28/2026,P
108838,102,01/28/2026,T
108870,101,01/28/2026,P
109233,102,01/28/2026,P
109333,101,01/28/2026,P
109591,102,01/28/2026,P
109734,101,01/28/2026,P
109820,101,01/28/2026,P
110142,102,01/28/2026,P
110493,102,01/28/2026,P
111996,102,01/28/2026,A
112752,101,01/28/2026,P
112890,102,01/28/2026,P
113028,101,01/28/2026,P
113096,101,01/28/2026,P
113273,102,01/28/2026,T
113777,102,01/28/2026,P
114609,101,01/28/2026,P
114633,102,01/28/2026,P
114714,101,01/28/2026,P
115724,102,01/28/2026,P
116242,102,01/28/2026,P
116449,101,01/28/2026,P
116483,101,01/28/2026,P
116950,102,01/28/2026,P
116962,101,01/28/2026,P
117046,101,01/28/2026,P
117463,102,01/28/2026,P
117598,102,01/28/2026,P
117631,101,01/28/2026,P
118824,101,01/28/2026,P
118848,101,01/28/2026,P
119009,101,01/28/2026,P
119050,102,01/28/2026,P
119144,102,01/28/2026,P
119292,102,01/28/2026,P
119901,101,01/28/2026,P
120054,101,01/28/2026,P
120160,101,01/28/2026,P
120250,101,01/28/2026,A
120541,102,01/28/2026,P
120593,102,01/28/2026,P
120752,101,01/28/2026,P
120937,102,01/28/2026,P
121367,102,01/28/2026,P
121480,101,01/28/2026,p
122308,101,01/28/2026,P
122742,101,01/28/2026,P
122784,102,01/28/2026,P
123160,102,01/28/2026,P
123372,101,01/28/2026,p
123412,101,01/28/2026,P
123588,101,01/28/2026,P
123825,101,01/28/2026,P
124172,101,01/28/2026,A
124256,101,01/28/2026,P
124641,101,01/28/2026,P
124664,101,01/28/2026,P
125516,102,01/28/2026,P
125585,102,01/28/2026,P
126032,101,01/28/2026,E
126093,102,01/28/2026,P
126134,101,01/28/2026,P
126342,101,01/28/2026,E
126350,102,01/28/2026,A
126955,101,01/28/2026,E
127003,102,01/28/2026,P
127379,101,01/28/2026,P
127522,102,01/28/2026,A
127565,102,01/28/2026,P
127670,102,01/28/2026,P
127881,102,01/28/2026,P
127903,102,01/28/2026,P
128141,102,01/28/2026,P
128381,102,01/28/2026,P
128457,101,01/28/2026,P
128734,101,01/28/2026,P
128907,101,01/28/2026,P
129451,102,01/28/2026,P
129468,102,01/28/2026,P
129500,101,01/28/2026,P
129571,102,01/28/2026,P
129682,101,01/28/2026,P
129936,101,01/28/2026,P
129979,102,01/28/2026,P
129992,101,01/28/2026,P
130030,101,01/28/2026,T
130216,101,01/28/2026,P
130582,101,01/28/2026,P
130762,101,01/28/2026,P
130804,102,01/28/2026,P
130997,102,01/28/2026,P
131196,102,01/28/2026,P
131384,102,01/28/2026,P
131401,101,01/28/2026,P
131595,102,01/28/2026,P
131822,101,01/28/2026,P
132081,102,01/28/2026,P
132131,101,01/28/2026,P
132171,102,01/28/2026,P
132180,102,01/28/2026,P
132242,101,01/28/2026,P
132581,102,01/28/2026,P
132608,101,01/28/2026,P
132664,102,01/28/2026,P
132666,101,01/28/2026,T
132892,101,01/28/2026,T
132932,102,01/28/2026,P
133077,102,01/28/2026,P
133184,101,01/28/2026,P
133272,102,01/28/2026,P
133448,102,01/28/2026,P
133506,101,01/28/2026,P
133542,102,01/28/2026,P
133616,102,01/28/2026,P
133658,101,01/28/2026,P
133762,101,01/28/2026,P
133946,101,01/28/2026,P
134080,101,01/28/2026,P
134268,102,01/28/2026,P
134289,102,01/28/2026,T
134383,101,01/28/2026,P
135262,102,01/28/2026,P
135758,101,01/28/2026,P
135769,101,01/28/2026,P
135812,102,01/28/2026,P
135821,102,01/28/2026,P
135901,101,01/28/2026,P
135923,101,01/28/2026,P
136336,102,01/28/2026,P
136474,101,01/28/2026,P
136533,101,01/28/2026,P
136558,102,01/28/2026,P
136686,102,01/28/2026,P
136962,101,01/28/2026,P
137523,102,01/28/2026,P
137636,101,01/28/2026,P
137717,102,01/28/2026,P
137842,102,01/28/2026,P
138052,102,01/28/2026,P
138211,102,01/28/2026,P
138406,102,01/28/2026,P
138438,102,01/28/2026,P
138530,101,01/28/2026,P
139142,101,01/28/2026,P
139199,101,01/28/2026,P
139332,102,01/28/2026,P
139389,102,01/28/2026,P
139985,102,01/28/2026,P
100014,101,01/29/2026,P
100166,102,01/29/2026,P
100336,101,01/29/2026,P
100607,102,01/29/2026,P
100752,102,01/29/2026,P
100919,102,01/29/2026,T
100926,101,01/29/2026,P
101621,101,01/29/2026,P
101663,101,01/29/2026,T
101676,101,01/29/2026,P
101690,102,01/29/2026,P
102169,102,01/29/2026,P
102203,101,01/29/2026,P
102926,102,01/29/2026,P
103203,101,01/29/2026,P
103366,101,01/29/2026,P
104213,102,01/29/2026,A
104812,101,01/29/2026,P
105001,102,01/29/2026,P
105290,102,01/29/2026,P
105443,101,01/29/2026,P
105533,101,01/29/2026,P
105876,102,01/29/2026,P
105943,101,01/29/2026,P
106040,102,01/29/2026,T
106334,101,01/29/2026,P
106425,102,01/29/2026,P
106447,101,01/29/2026,P
106722,101,01/29/2026,P
106726,102,01/29/2026,P
106955,102,01/29/2026,P
107257,102,01/29/2026,P
107631,101,01/29/2026,P
107806,101,01/29/2026,P
107917,101,01/29/2026,P
107954,101,01/29/2026,P
107996,102,01/29/2026,P
108454,101,01/29/2026,P
108599,101,01/29/2026,P
108838,102,01/29/2026,P
108870,101,01/29/2026,P
109233,102,01/29/2026,P
109333,101,01/29/2026,P
109591,102,01/29/2026,P
109734,101,01/29/2026,P
109820,101,01/29/2026,P
110142,102,01/29/2026,P
110493,102,01/29/2026,P
111996,102,01/29/2026,P
112752,101,01/29/2026,P
112890,102,01/29/2026,P
113028,101,01/29/2026,P
113096,101,01/29/2026,A
113273,102,01/29/2026,P
113777,102,01/29/2026,P
114609,101,01/29/2026,P
114633,102,01/29/2026,P
114714,101,01/29/2026,P
115724,102,01/29/2026,P
116242,102,01/29/2026,P
116449,101,01/29/2026,P
116483,101,01/29/2026,T
116950,102,01/29/2026,P
116962,101,01/29/2026,P
117046,101,01/29/2026,P
117463,102,01/29/2026,P
117598,102,01/29/2026,P
117631,101,01/29/2026,P
118824,101,01/29/2026,P
118848,101,01/29/2026,P
119009,101,01/29/2026,P
119050,102,01/29/2026,P
119144,102,01/29/2026,P
119292,102,01/29/2026,P
119901,101,01/29/2026,P
120054,101,01/29/2026,P
120160,101,01/29/2026,P
120250,101,01/29/2026,P
120541,102,01/29/2026,P
120593,102,01/29/2026,P
120752,101,01/29/2026,P
120937,102,01/29/2026,P
121367,102,01/29/2026,P
121480,101,01/29/2026,T
122308,101,01/29/2026,P
122742,101,01/29/2026,P
122784,102,01/29/2026,P
123160,102,01/29/2026,P
123372,101,01/29/2026,T
123412,101,01/29/2026,P
123588,101,01/29/2026,P
123825,101,01/29/2026,P
124172,101,01/29/2026,P
124256,101,01/29/2026,P
124641,101,01/29/2026,E
124664,101,01/29/2026,P
125516,102,01/29/2026,P
125585,102,01/29/2026,P
126032,101,01/29/2026,P
126093,102,01/29/2026,E
126134,101,01/29/2026,P
126342,101,01/29/2026,P
126350,102,01/29/2026,P
126955,101,01/29/2026,P
127003,102,01/29/2026,P
127379,101,01/29/2026,P
127522,102,01/29/2026,P
127565,102,01/29/2026,P
127670,102,01/29/2026,E
127881,102,01/29/2026,P
127903,102,01/29/2026,E
128141,102,01/29/2026,P
128381,102,01/29/2026,P
128457,101,01/29/2026,P
128734,101,01/29/2026,P
128907,101,01/29/2026,P
129451,102,01/29/2026,P
129468,102,01/29/2026,P
129500,101,01/29/2026,P
129571,102,01/29/2026,P
129682,101,01/29/2026,P
129936,101,01/29/2026,P
129979,102,01/29/2026,P
129992,101,01/29/2026,P
130030,101,01/29/2026,P
130216,101,01/29/2026,P
130582,101,01/29/2026,P
130762,101,01/29/2026,P
130804,102,01/29/2026,P
130997,102,01/29/2026,P
131196,102,01/29/2026,P
131384,102,01/29/2026,P
131401,101,01/29/2026,P
131595,102,01/29/2026,P
131822,101,01/29/2026,P
132081,102,01/29/2026,E
132131,101,01/29/2026,P
132171,102,01/29/2026,P
132180,102,01/29/2026,P
132242,101,01/29/2026,P
132581,102,01/29/2026,P
132608,101,01/29/2026,P
132664,102,01/29/2026,P
132666,101,01/29/2026,P
132892,101,01/29/2026,P
132932,102,01/29/2026,E
133077,102,01/29/2026,P
133184,101,01/29/2026,P
133272,102,01/29/2026,P
133448,102,01/29/2026,P
133506,101,01/29/2026,P
133542,102,01/29/2026,P
133616,102,01/29/2026,P
133658,101,01/29/2026,P
133762,101,01/29/2026,P
133946,101,01/29/2026,P
134080,101,01/29/2026,P
134268,102,01/29/2026,E
134289,102,01/29/2026,P
134383,101,01/29/2026,P
135262,102,01/29/2026,P
135758,101,01/29/2026,P
135769,101,01/29/2026,P
135812,102,01/29/2026,P
135821,102,01/29/2026,P
135901,101,01/29/2026,P
135923,101,01/29/2026,P
136336,102,01/29/2026,P
136474,101,01/29/2026,P
136533,101,01/29/2026,P
136558,102,01/29/2026,P
136686,102,01/29/2026,P
136962,101,01/29/2026,T
137523,102,01/29/2026,P
137636,101,01/29/2026,A
137717,102,01/29/2026,P
137842,102,01/29/2026,P
138052,102,01/29/2026,P
138211,102,01/29/2026,P
138406,102,01/29/2026,P
138438,102,01/29/2026,P
138530,101,01/29/2026,P
139142,101,01/29/2026,P
139199,101,01/29/2026,P
139332,102,01/29/2026,P
139389,102,01/29/2026,P
139985,102,01/29/2026,P
100014,101,01/30/2026,P
100166,102,01/30/2026,P
100336,101,01/30/2026,P
100607,102,01/30/2026,E
100752,102,01/30/2026,E
100919,102,01/30/2026,E
100926,101,01/30/2026,P
101621,101,01/30/2026,P
101663,101,01/30/2026,P
101676,101,01/30/2026,P
101690,102,01/30/2026,P
102169,102,01/30/2026,P
102203,101,01/30/2026,P
102926,102,01/30/2026,P
103203,101,01/30/2026,P
103366,101,01/30/2026,P
104213,102,01/30/2026,P
104812,101,01/30/2026,P
105001,102,01/30/2026,P
105290,102,01/30/2026,P
105443,101,01/30/2026,P
105533,101,01/30/2026,P
105876,102,01/30/2026,P
105943,101,01/30/2026,P
106040,102,01/30/2026,P
106334,101,01/30/2026,P
106425,102,01/30/2026,P
106447,101,01/30/2026,P
106722,101,01/30/2026,P
106726,102,01/30/2026,P
106955,102,01/30/2026,P
107257,102,01/30/2026,P
107631,101,01/30/2026,P
107806,101,01/30/2026,A
107917,101,01/30/2026,A
107954,101,01/30/2026,P
107996,102,01/30/2026,P
108454,101,01/30/2026,P
108599,101,01/30/2026,P
108838,102,01/30/2026,P
108870,101,01/30/2026,P
109233,102,01/30/2026,P
109333,101,01/30/2026,P
109591,102,01/30/2026,P
109734,101,01/30/2026,P
109820,101,01/30/2026,P
110142,102,01/30/2026,P
110493,102,01/30/2026,P
111996,102,01/30/2026,A
112752,101,01/30/2026,P
112890,102,01/30/2026,P
113028,101,01/30/2026,P
113096,101,01/30/2026,P
113273,102,01/30/2026,P
113777,102,01/30/2026,P
114609,101,01/30/2026,P
114633,102,01/30/2026,P
114714,101,01/30/2026,P
115724,102,01/30/2026,P
116242,102,01/30/2026,P
116449,101,01/30/2026,P
116483,101,01/30/2026,P
116950,102,01/30/2026,P
116962,101,01/30/2026,P
117046,101,01/30/2026,P
117463,102,01/30/2026,P
117598,102,01/30/2026,P
117631,101,01/30/2026,P
118824,101,01/30/2026,P
118848,101,01/30/2026,P
119009,101,01/30/2026,P
119050,102,01/30/2026,P
119144,102,01/30/2026,P
119292,102,01/30/2026,P
119901,101,01/30/2026,A
120054,101,01/30/2026,P
120160,101,01/30/2026,P
120250,101,01/30/2026,P
120541,102,01/30/2026,P
120593,102,01/30/2026,P
120752,101,01/30/2026,P
120937,102,01/30/2026,P
121367,102,01/30/2026,P
121480,101,01/30/2026,P
122308,101,01/30/2026,P
122742,101,01/30/2026,P
122784,102,01/30/2026,P
123160,102,01/30/2026,P
123372,101,01/30/2026,P
123412,101,01/30/2026,P
123588,101,01/30/2026,P
123825,101,01/30/2026,P
124172,101,01/30/2026,P
124256,101,01/30/2026,P
124641,101,01/30/2026,P
124664,101,01/30/2026,P
125516,102,01/30/2026,P
125585,102,01/30/2026,P
126032,101,01/30/2026,P
126093,102,01/30/2026,P
126134,101,01/30/2026,P
126342,101,01/30/2026,T
126350,102,01/30/2026,P
126955,101,01/30/2026,P
127003,102,01/30/2026,P
127379,101,01/30/2026,P
127522,102,01/30/2026,P
127565,102,01/30/2026,P
127670,102,01/30/2026,P
127881,102,01/30/2026,P
127903,102,01/30/2026,P
128141,102,01/30/2026,P
128381,102,01/30/2026,P
128457,101,01/30/2026,P
128734,101,01/30/2026,P
128907,101,01/30/2026,P
129451,102,01/30/2026,P
129468,102,01/30/2026,P
129500,101,01/30/2026,P
129571,102,01/30/2026,P
129682,101,01/30/2026,P
129936,101,01/30/2026,P
129979,102,01/30/2026,P
129992,101,01/30/2026,P
130030,101,01/30/2026,P
130216,101,01/30/2026,P
130582,101,01/30/2026,P
130762,101,01/30/2026,P
130804,102,01/30/2026,P
130997,102,01/30/2026,P
131196,102,01/30/2026,P
131384,102,01/30/2026,P
131401,101,01/30/2026,P
131595,102,01/30/2026,P
131822,101,01/30/2026,P
132081,102,01/30/2026,T
132131,101,01/30/2026,A
132171,102,01/30/2026,P
132180,102,01/30/2026,P
132242,101,01/30/2026,P
132581,102,01/30/2026,P
132608,101,01/30/2026,T
132664,102,01/30/2026,P
132666,101,01/30/2026,P
132892,101,01/30/2026,T
132932,102,01/30/2026,p
133077,102,01/30/2026,P
133184,101,01/30/2026,P
133272,102,01/30/2026,P
133448,102,01/30/2026,P
133506,101,01/30/2026,P
133542,102,01/30/2026,T
133616,102,01/30/2026,P
133658,101,01/30/2026,P
133762,101,01/30/2026,P
133946,101,01/30/2026,P
134080,101,01/30/2026,T
134268,102,01/30/2026,P
134289,102,01/30/2026,P
134383,101,01/30/2026,P
135262,102,01/30/2026,P
135758,101,01/30/2026,P
135769,101,01/30/2026,T
135812,102,01/30/2026,P
135821,102,01/30/2026,P
135901,101,01/30/2026,P
135923,101,01/30/2026,P
136336,102,01/30/2026,P
136474,101,01/30/2026,P
136533,101,01/30/2026,P
136558,102,01/30/2026,P
136686,102,01/30/2026,P
136962,101,01/30/2026,P
137523,102,01/30/2026,P
137636,101,01/30/2026,P
137717,102,01/30/2026,P
137842,102,01/30/2026,P
138052,102,01/30/2026,P
138211,102,01/30/2026,P
138406,102,01/30/2026,P
138438,102,01/30/2026,P
138530,101,01/30/2026,A
139142,101,01/30/2026,P
139199,101,01/30/2026,P
139332,102,01/30/2026,P
139389,102,01/30/2026,P
139985,102,01/30/2026,P
100014,101,02/02/2026,P
100166,102,02/02/2026,P
100336,101,02/02/2026,P
100607,102,02/02/2026,P
100752,102,02/02/2026,P
100919,102,02/02/2026,P
100926,101,02/02/2026,P
101621,101,02/02/2026,P
101663,101,02/02/2026,P
101676,101,02/02/2026,A
101690,102,02/02/2026,P
102169,102,02/02/2026,P
102203,101,02/02/2026,P
102926,102,02/02/2026,P
103203,101,02/02/2026,P
103366,101,02/02/2026,A
104213,102,02/02/2026,P
104812,101,02/02/2026,P
105001,102,02/02/2026,P
105290,102,02/02/2026,P
105443,101,02/02/2026,P
105533,101,02/02/2026,p
105876,102,02/02/2026,P
105943,101,02/02/2026,P
106040,102,02/02/2026,P
106334,101,02/02/2026,P
106425,102,02/02/2026,P
106447,101,02/02/2026,P
106722,101,02/02/2026,P
106726,102,02/02/2026,E
106955,102,02/02/2026,P
107257,102,02/02/2026,P
107631,101,02/02/2026,P
107806,101,02/02/2026,P
107917,101,02/02/2026,P
107954,101,02/02/2026,P
107996,102,02/02/2026,T
108454,101,02/02/2026,P
108599,101,02/02/2026,P
108838,102,02/02/2026,P
108870,101,02/02/2026,P
109233,102,02/02/2026,P
109333,101,02/02/2026,P
109591,102,02/02/2026,P
109734,101,02/02/2026,A
109820,101,02/02/2026,P
110142,102,02/02/2026,P
110493,102,02/02/2026,P
111996,102,02/02/2026,S
112752,101,02/02/2026,T
112890,102,02/02/2026,P
113028,101,02/02/2026,P
113096,101,02/02/2026,T
113273,102,02/02/2026,P
113777,102,02/02/2026,P
114609,101,02/02/2026,P
114633,102,02/02/2026,P
114714,101,02/02/2026,P
115724,102,02/02/2026,P
116242,102,02/02/2026,P
116449,101,02/02/2026,P
116483,101,02/02/2026,P
116950,102,02/02/2026,P
116962,101,02/02/2026,P
117046,101,02/02/2026,P
117463,102,02/02/2026,P
117598,102,02/02/2026,S
117631,101,02/02/2026,T
118824,101,02/02/2026,P
118848,101,02/02/2026,P
119009,101,02/02/2026,P
119050,102,02/02/2026,T
119144,102,02/02/2026,P
119292,102,02/02/2026,P
119901,101,02/02/2026,P
120054,101,02/02/2026,P
120160,101,02/02/2026,P
120250,101,02/02/2026,A
120541,102,02/02/2026,P
120593,102,02/02/2026,P
120752,101,02/02/2026,P
120937,102,02/02/2026,P
121367,102,02/02/2026,P
121480,101,02/02/2026,P
122308,101,02/02/2026,P
122742,101,02/02/2026,P
122784,102,02/02/2026,P
123160,102,02/02/2026,P
123372,101,02/02/2026,P
123412,101,02/02/2026,P
123588,101,02/02/2026,P
123825,101,02/02/2026,P
124172,101,02/02/2026,P
124256,101,02/02/2026,P
124641,101,02/02/2026,P
124664,101,02/02/2026,P
125516,102,02/02/2026,P
125585,102,02/02/2026,P
126032,101,02/02/2026,P
126093,102,02/02/2026,P
126134,101,02/02/2026,P
126342,101,02/02/2026,P
126350,102,02/02/2026,P
126955,101,02/02/2026,P
127003,102,02/02/2026,P
127379,101,02/02/2026,E
127522,102,02/02/2026,P
127565,102,02/02/2026,P
127670,102,02/02/2026,P
127881,102,02/02/2026,P
127903,102,02/02/2026,P
128141,102,02/02/2026,P
128381,102,02/02/2026,P
128457,101,02/02/2026,P
128734,101,02/02/2026,P
128907,101,02/02/2026,P
129451,102,02/02/2026,P
129468,102,02/02/2026,P
129500,101,02/02/2026,T
129571,102,02/02/2026,P
129682,101,02/02/2026,P
129936,101,02/02/2026,P
129979,102,02/02/2026,P
129992,101,02/02/2026,P
130030,101,02/02/2026,P
130216,101,02/02/2026,A
130582,101,02/02/2026,P
130762,101,02/02/2026,T
130804,102,02/02/2026,P
130997,102,02/02/2026,P
131196,102,02/02/2026,P
131384,102,02/02/2026,A
131401,101,02/02/2026,P
131595,102,02/02/2026,P
131822,101,02/02/2026,P
132081,102,02/02/2026,P
132131,101,02/02/2026,P
132171,102,02/02/2026,P
132180,102,02/02/2026,P
132242,101,02/02/2026,T
132581,102,02/02/2026,p
132608,101,02/02/2026,P
132664,102,02/02/2026,P
132666,101,02/02/2026,P
132892,101,02/02/2026,P
132932,102,02/02/2026,P
133077,102,02/02/2026,P
133184,101,02/02/2026,P
133272,102,02/02/2026,E
133448,102,02/02/2026,P
133506,101,02/02/2026,P
133542,102,02/02/2026,P
133616,102,02/02/2026,P
133658,101,02/02/2026,P
133762,101,02/02/2026,P
133946,101,02/02/2026,P
134080,101,02/02/2026,P
134268,102,02/02/2026,P
134289,102,02/02/2026,P
134383,101,02/02/2026,P
135262,102,02/02/2026,T
135758,101,02/02/2026,p
135769,101,02/02/2026,P
135812,102,02/02/2026,T
135821,102,02/02/2026,P
135901,101,02/02/2026,P
135923,101,02/02/2026,T
136336,102,02/02/2026,P
136474,101,02/02/2026,P
136533,101,02/02/2026,P
136558,102,02/02/2026,P
136686,102,02/02/2026,P
136962,101,02/02/2026,P
137523,102,02/02/2026,T
137636,101,02/02/2026,P
137717,102,02/02/2026,P
137842,102,02/02/2026,P
138052,102,02/02/2026,P
138211,102,02/02/2026,P
138406,102,02/02/2026,P
138438,102,02/02/2026,P
138530,101,02/02/2026,P
139142,101,02/02/2026,P
139199,101,02/02/2026,P
139332,102,02/02/2026,P
139389,102,02/02/2026,P
139985,102,02/02/2026,T
100014,101,02/03/2026,P
100166,102,02/03/2026,P
100336,101,02/03/2026,P
100607,102,02/03/2026,E
100752,102,02/03/2026,T
100919,102,02/03/2026,P
100926,101,02/03/2026,T
101621,101,02/03/2026,P
101663,101,02/03/2026,T
101676,101,02/03/2026,P
101690,102,02/03/2026,P
102169,102,02/03/2026,P
102203,101,02/03/2026,P
102926,102,02/03/2026,P
103203,101,02/03/2026,T
103366,101,02/03/2026,A
104213,102,02/03/2026,P
104812,101,02/03/2026,P
105001,102,02/03/2026,P
105290,102,02/03/2026,T
105443,101,02/03/2026,P
105533,101,02/03/2026,T
105876,102,02/03/2026,P
105943,101,02/03/2026,P
106040,102,02/03/2026,P
106334,101,02/03/2026,P
106425,102,02/03/2026,P
106447,101,02/03/2026,P
106722,101,02/03/2026,P
106726,102,02/03/2026,P
106955,102,02/03/2026,P
107257,102,02/03/2026,P
107631,101,02/03/2026,P
107806,101,02/03/2026,P
107917,101,02/03/2026,P
107954,101,02/03/2026,P
107996,102,02/03/2026,P
108454,101,02/03/2026,P
108599,101,02/03/2026,P
108838,102,02/03/2026,P
108870,101,02/03/2026,P
109233,102,02/03/2026,P
109333,101,02/03/2026,P
109591,102,02/03/2026,P
109734,101,02/03/2026,A
109820,101,02/03/2026,P
110142,102,02/03/2026,P
110493,102,02/03/2026,P
111996,102,02/03/2026,P
112752,101,02/03/2026,P
112890,102,02/03/2026,P
113028,101,02/03/2026,P
113096,101,02/03/2026,P
113273,102,02/03/2026,P
113777,102,02/03/2026,P
114609,101,02/03/2026,P
114633,102,02/03/2026,A
114714,101,02/03/2026,P
115724,102,02/03/2026,P
116242,102,02/03/2026,P
116449,101,02/03/2026,P
116483,101,02/03/2026,P
116950,102,02/03/2026,P
116962,101,02/03/2026,P
117046,101,02/03/2026,P
117463,102,02/03/2026,P
117598,102,02/03/2026,P
117631,101,02/03/2026,A
118824,101,02/03/2026,P
118848,101,02/03/2026,P
119009,101,02/03/2026,E
119050,102,02/03/2026,P
119144,102,02/03/2026,P
119292,102,02/03/2026,P
119901,101,02/03/2026,P
120054,101,02/03/2026,P
120160,101,02/03/2026,P
120250,101,02/03/2026,P
120541,102,02/03/2026,P
120593,102,02/03/2026,P
120752,101,02/03/2026,T
120937,102,02/03/2026,P
121367,102,02/03/2026,P
121480,101,02/03/2026,P
122308,101,02/03/2026,P
122742,101,02/03/2026,P
122784,102,02/03/2026,P
123160,102,02/03/2026,P
123372,101,02/03/2026,P
123412,101,02/03/2026,T
123588,101,02/03/2026,P
123825,101,02/03/2026,P
124172,101,02/03/2026,P
124256,101,02/03/2026,P
124641,101,02/03/2026,P
124664,101,02/03/2026,A
125516,102,02/03/2026,P
125585,102,02/03/2026,P
126032,101,02/03/2026,E
126093,102,02/03/2026,P
126134,101,02/03/2026,P
126342,101,02/03/2026,P
126350,102,02/03/2026,P
126955,101,02/03/2026,A
127003,102,02/03/2026,P
127379,101,02/03/2026,P
127522,102,02/03/2026,P
127565,102,02/03/2026,P
127670,102,02/03/2026,P
127881,102,02/03/2026,P
127903,102,02/03/2026,P
128141,102,02/03/2026,P
128381,102,02/03/2026,P
128457,101,02/03/2026,P
128734,101,02/03/2026,P
128907,101,02/03/2026,T
129451,102,02/03/2026,P
129468,102,02/03/2026,P
129500,101,02/03/2026,P
129571,102,02/03/2026,P
129682,101,02/03/2026,P
129936,101,02/03/2026,P
129979,102,02/03/2026,P
129992,101,02/03/2026,P
130030,101,02/03/2026,P
130216,101,02/03/2026,P
130582,101,02/03/2026,P
130762,101,02/03/2026,P
130804,102,02/03/2026,P
130997,102,02/03/2026,P
131196,102,02/03/2026,P
131384,102,02/03/2026,E
131401,101,02/03/2026,P
131595,102,02/03/2026,P
131822,101,02/03/2026,P
132081,102,02/03/2026,P
132131,101,02/03/2026,P
132171,102,02/03/2026,P
132180,102,02/03/2026,P
132242,101,02/03/2026,P
132581,102,02/03/2026,P
132608,101,02/03/2026,P
132664,102,02/03/2026,P
132666,101,02/03/2026,P
132892,101,02/03/2026,P
132932,102,02/03/2026,P
133077,102,02/03/2026,P
133184,101,02/03/2026,P
133272,102,02/03/2026,P
133448,102,02/03/2026,P
133506,101,02/03/2026,P
133542,102,02/03/2026,P
133616,102,02/03/2026,P
133658,101,02/03/2026,P
133762,101,02/03/2026,E
133946,101,02/03/2026,P
134080,101,02/03/2026,P
134268,102,02/03/2026,P
134289,102,02/03/2026,P
134383,101,02/03/2026,P
135262,102,02/03/2026,P
135758,101,02/03/2026,P
135769,101,02/03/2026,P
135812,102,02/03/2026,P
135821,102,02/03/2026,P
135901,101,02/03/2026,E
135923,101,02/03/2026,P
136336,102,02/03/2026,P
136474,101,02/03/2026,P
136533,101,02/03/2026,P
136558,102,02/03/2026,p
136686,102,02/03/2026,P
136962,101,02/03/2026,P
137523,102,02/03/2026,P
137636,101,02/03/2026,P
137717,102,02/03/2026,P
137842,102,02/03/2026,P
138052,102,02/03/2026,P
138211,102,02/03/2026,P
138406,102,02/03/2026,P
138438,102,02/03/2026,P
138530,101,02/03/2026,P
139142,101,02/03/2026,P
139199,101,02/03/2026,P
139332,102,02/03/2026,P
139389,102,02/03/2026,P
139985,102,02/03/2026,P
100014,101,02/04/2026,P
100166,102,02/04/2026,P
100336,101,02/04/2026,P
100607,102,02/04/2026,P
100752,102,02/04/2026,P
100919,102,02/04/2026,P
100926,101,02/04/2026,P
101621,101,02/04/2026,P
101663,101,02/04/2026,P
101676,101,02/04/2026,P
101690,102,02/04/2026,P
102169,102,02/04/2026,P
102203,101,02/04/2026,P
102926,102,02/04/2026,P
103203,101,02/04/2026,P
103366,101,02/04/2026,A
104213,102,02/04/2026,P
104812,101,02/04/2026,P
105001,102,02/04/2026,P
105290,102,02/04/2026,P
105443,101,02/04/2026,P
105533,101,02/04/2026,P
105876,102,02/04/2026,P
105943,101,02/04/2026,P
106040,102,02/04/2026,P
106334,101,02/04/2026,P
106425,102,02/04/2026,P
106447,101,02/04/2026,P
106722,101,02/04/2026,P
106726,102,02/04/2026,P
106955,102,02/04/2026,T
107257,102,02/04/2026,P
107631,101,02/04/2026,P
107806,101,02/04/2026,P
107917,101,02/04/2026,P
107954,101,02/04/2026,P
107996,102,02/04/2026,E
108454,101,02/04/2026,P
108599,101,02/04/2026,P
108838,102,02/04/2026,P
108870,101,02/04/2026,P
109233,102,02/04/2026,P
109333,101,02/04/2026,A
109591,102,02/04/2026,p
109734,101,02/04/2026,A
109820,101,02/04/2026,P
110142,102,02/04/2026,P
110493,102,02/04/2026,P
111996,102,02/04/2026,P
112752,101,02/04/2026,P
112890,102,02/04/2026,P
113028,101,02/04/2026,P
113096,101,02/04/2026,P
113273,102,02/04/2026,P
113777,102,02/04/2026,S
114609,101,02/04/2026,P
114633,102,02/04/2026,P
114714,101,02/04/2026,P
115724,102,02/04/2026,P
116242,102,02/04/2026,P
116449,101,02/04/2026,P
116483,101,02/04/2026,P
116950,102,02/04/2026,P
116962,101,02/04/2026,P
117046,101,02/04/2026,P
117463,102,02/04/2026,P
117598,102,02/04/2026,P
117631,101,02/04/2026,A
118824,101,02/04/2026,P
118848,101,02/04/2026,P
119009,101,02/04/2026,P
119050,102,02/04/2026,P
119144,102,02/04/2026,P
119292,102,02/04/2026,P
119901,101,02/04/2026,P
120054,101,02/04/2026,P
120160,101,02/04/2026,P
120250,101,02/04/2026,P
120541,102,02/04/2026,P
120593,102,02/04/2026,P
120752,101,02/04/2026,P
120937,102,02/04/2026,P
121367,102,02/04/2026,P
121480,101,02/04/2026,P
122308,101,02/04/2026,A
122742,101,02/04/2026,P
122784,102,02/04/2026,P
123160,102,02/04/2026,P
123372,101,02/04/2026,P
123412,101,02/04/2026,P
123588,101,02/04/2026,P
123825,101,02/04/2026,P
124172,101,02/04/2026,P
124256,101,02/04/2026,P
124641,101,02/04/2026,P
124664,101,02/04/2026,P
125516,102,02/04/2026,P
125585,102,02/04/2026,P
126032,101,02/04/2026,P
126093,102,02/04/2026,E
126134,101,02/04/2026,P
126342,101,02/04/2026,P
126350,102,02/04/2026,P
126955,101,02/04/2026,P
127003,102,02/04/2026,P
127379,101,02/04/2026,A
127522,102,02/04/2026,P
127565,102,02/04/2026,P
127670,102,02/04/2026,P
127881,102,02/04/2026,P
127903,102,02/04/2026,P
128141,102,02/04/2026,T
128381,102,02/04/2026,P
128457,101,02/04/2026,P
128734,101,02/04/2026,P
128907,101,02/04/2026,P
129451,102,02/04/2026,P
129468,102,02/04/2026,P
129500,101,02/04/2026,P
129571,102,02/04/2026,P
129682,101,02/04/2026,P
129936,101,02/04/2026,T
129979,102,02/04/2026,P
129992,101,02/04/2026,P
130030,101,02/04/2026,A
130216,101,02/04/2026,P
130582,101,02/04/2026,P
130762,101,02/04/2026,P
130804,102,02/04/2026,P
130997,102,02/04/2026,P
131196,102,02/04/2026,P
131384,102,02/04/2026,P
131401,101,02/04/2026,T
131595,102,02/04/2026,P
131822,101,02/04/2026,P
132081,102,02/04/2026,P
132131,101,02/04/2026,P
132171,102,02/04/2026,T
132180,102,02/04/2026,P
132242,101,02/04/2026,P
132581,102,02/04/2026,P
132608,101,02/04/2026,P
132664,102,02/04/2026,P
132666,101,02/04/2026,P
132892,101,02/04/2026,P
132932,102,02/04/2026,P
133077,102,02/04/2026,P
133184,101,02/04/2026,P
133272,102,02/04/2026,P
133448,102,02/04/2026,P
133506,101,02/04/2026,P
133542,102,02/04/2026,P
133616,102,02/04/2026,P
133658,101,02/04/2026,P
133762,101,02/04/2026,P
133946,101,02/04/2026,P
134080,101,02/04/2026,P
134268,102,02/04/2026,P
134289,102,02/04/2026,P
134383,101,02/04/2026,P
135262,102,02/04/2026,P
135758,101,02/04/2026,P
135769,101,02/04/2026,P
135812,102,02/04/2026,P
135821,102,02/04/2026,P
135901,101,02/04/2026,P
135923,101,02/04/2026,P
136336,102,02/04/2026,P
136474,101,02/04/2026,T
136533,101,02/04/2026,P
136558,102,02/04/2026,P
136686,102,02/04/2026,P
136962,101,02/04/2026,P
137523,102,02/04/2026,P
137636,101,02/04/2026,p
137717,102,02/04/2026,P
137842,102,02/04/2026,P
138052,102,02/04/2026,P
138211,102,02/04/2026,P
138406,102,02/04/2026,P
138438,102,02/04/2026,P
138530,101,02/04/2026,P
139142,101,02/04/2026,P
139199,101,02/04/2026,P
139332,102,02/04/2026,P
139389,102,02/04/2026,P
139985,102,02/04/2026,P
100014,101,02/05/2026,P
100166,102,02/05/2026,P
100336,101,02/05/2026,P
100607,102,02/05/2026,P
100752,102,02/05/2026,A
100919,102,02/05/2026,P
100926,101,02/05/2026,P
101621,101,02/05/2026,P
101663,101,02/05/2026,P
101676,101,02/05/2026,P
101690,102,02/05/2026,P
102169,102,02/05/2026,P
102203,101,02/05/2026,P
102926,102,02/05/2026,P
103203,101,02/05/2026,P
103366,101,02/05/2026,P
104213,102,02/05/2026,P
104812,101,02/05/2026,E
105001,102,02/05/2026,P
105290,102,02/05/2026,P
105443,101,02/05/2026,P
105533,101,02/05/2026,P
105876,102,02/05/2026,P
105943,101,02/05/2026,P
106040,102,02/05/2026,P
106334,101,02/05/2026,P
106425,102,02/05/2026,P
106447,101,02/05/2026,T
106722,101,02/05/2026,P
106726,102,02/05/2026,P
106955,102,02/05/2026,P
107257,102,02/05/2026,P
107631,101,02/05/2026,P
107806,101,02/05/2026,P
107917,101,02/05/2026,P
107954,101,02/05/2026,P
107996,102,02/05/2026,p
108454,101,02/05/2026,P
108599,101,02/05/2026,P
108838,102,02/05/2026,T
108870,101,02/05/2026,P
109233,102,02/05/2026,P
109333,101,02/05/2026,P
109591,102,02/05/2026,P
109734,101,02/05/2026,A
109820,101,02/05/2026,P
110142,102,02/05/2026,P
110493,102,02/05/2026,P
111996,102,02/05/2026,E
112752,101,02/05/2026,P
112890,102,02/05/2026,P
113028,101,02/05/2026,P
113096,101,02/05/2026,P
113273,102,02/05/2026,P
113777,102,02/05/2026,P
114609,101,02/05/2026,P
114633,102,02/05/2026,P
114714,101,02/05/2026,P
115724,102,02/05/2026,P
116242,102,02/05/2026,P
116449,101,02/05/2026,P
116483,101,02/05/2026,P
116950,102,02/05/2026,P
116962,101,02/05/2026,P
117046,101,02/05/2026,P
117463,102,02/05/2026,P
117598,102,02/05/2026,P
117631,101,02/05/2026,P
118824,101,02/05/2026,P
118848,101,02/05/2026,P
119009,101,02/05/2026,P
119050,102,02/05/2026,P
119144,102,02/05/2026,P
119292,102,02/05/2026,P
119901,101,02/05/2026,P
120054,101,02/05/2026,P
120160,101,02/05/2026,P
120250,101,02/05/2026,P
120541,102,02/05/2026,P
120593,102,02/05/2026,P
120752,101,02/05/2026,P
120937,102,02/05/2026,P
121367,102,02/05/2026,T
121480,101,02/05/2026,P
122308,101,02/05/2026,E
122742,101,02/05/2026,P
122784,102,02/05/2026,P
123160,102,02/05/2026,P
123372,101,02/05/2026,P
123412,101,02/05/2026,P
123588,101,02/05/2026,P
123825,101,02/05/2026,P
124172,101,02/05/2026,P
124256,101,02/05/2026,P
124641,101,02/05/2026,E
124664,101,02/05/2026,P
125516,102,02/05/2026,P
125585,102,02/05/2026,P
126032,101,02/05/2026,P
126093,102,02/05/2026,P
126134,101,02/05/2026,P
126342,101,02/05/2026,A
126350,102,02/05/2026,P
126955,101,02/05/2026,P
127003,102,02/05/2026,P
127379,101,02/05/2026,P
127522,102,02/05/2026,P
127565,102,02/05/2026,P
127670,102,02/05/2026,P
127881,102,02/05/2026,P
127903,102,02/05/2026,P
128141,102,02/05/2026,P
128381,102,02/05/2026,P
128457,101,02/05/2026,P
128734,101,02/05/2026,P
128907,101,02/05/2026,P
129451,102,02/05/2026,P
129468,102,02/05/2026,P
129500,101,02/05/2026,P
129571,102,02/05/2026,P
129682,101,02/05/2026,P
129936,101,02/05/2026,P
129979,102,02/05/2026,P
129992,101,02/05/2026,P
130030,101,02/05/2026,P
130216,101,02/05/2026,P
130582,101,02/05/2026,P
130762,101,02/05/2026,P
130804,102,02/05/2026,P
130997,102,02/05/2026,P
131196,102,02/05/2026,P
131384,102,02/05/2026,P
131401,101,02/05/2026,P
131595,102,02/05/2026,P
131822,101,02/05/2026,P
132081,102,02/05/2026,P
132131,101,02/05/2026,P
132171,102,02/05/2026,A
132180,102,02/05/2026,P
132242,101,02/05/2026,P
132581,102,02/05/2026,P
132608,101,02/05/2026,P
132664,102,02/05/2026,P
132666,101,02/05/2026,T
132892,101,02/05/2026,P
132932,102,02/05/2026,P
133077,102,02/05/2026,P
133184,101,02/05/2026,P
133272,102,02/05/2026,P
133448,102,02/05/2026,P
133506,101,02/05/2026,P
133542,102,02/05/2026,P
133616,102,02/05/2026,P
133658,101,02/05/2026,P
133762,101,02/05/2026,P
133946,101,02/05/2026,P
134080,101,02/05/2026,P
134268,102,02/05/2026,P
134289,102,02/05/2026,P
134383,101,02/05/2026,p
135262,102,02/05/2026,P
135758,101,02/05/2026,T
135769,101,02/05/2026,P
135812,102,02/05/2026,P
135821,102,02/05/2026,P
135901,101,02/05/2026,P
135923,101,02/05/2026,P
136336,102,02/05/2026,P
136474,101,02/05/2026,P
136533,101,02/05/2026,P
136558,102,02/05/2026,P
136686,102,02/05/2026,P
136962,101,02/05/2026,P
137523,102,02/05/2026,P
137636,101,02/05/2026,P
137717,102,02/05/2026,P
137842,102,02/05/2026,P
138052,102,02/05/2026,P
138211,102,02/05/2026,P
138406,102,02/05/2026,P
138438,102,02/05/2026,P
138530,101,02/05/2026,P
139142,101,02/05/2026,P
139199,101,02/05/2026,P
139332,102,02/05/2026,P
139389,102,02/05/2026,P
139985,102,02/05/2026,P
100014,101,02/06/2026,P
100166,102,02/06/2026,P
100336,101,02/06/2026,P
100607,102,02/06/2026,P
100752,102,02/06/2026,P
100919,102,02/06/2026,A
100926,101,02/06/2026,P
101621,101,02/06/2026,P
101663,101,02/06/2026,A
101676,101,02/06/2026,P
101690,102,02/06/2026,T
102169,102,02/06/2026,P
102203,101,02/06/2026,P
102926,102,02/06/2026,A
103203,101,02/06/2026,P
103366,101,02/06/2026,P
104213,102,02/06/2026,A
104812,101,02/06/2026,P
105001,102,02/06/2026,P
105290,102,02/06/2026,P
105443,101,02/06/2026,P
105533,101,02/06/2026,p
105876,102,02/06/2026,P
105943,101,02/06/2026,P
106040,102,02/06/2026,P
106334,101,02/06/2026,P
106425,102,02/06/2026,P
106447,101,02/06/2026,P
106722,101,02/06/2026,P
106726,102,02/06/2026,P
106955,102,02/06/2026,P
107257,102,02/06/2026,P
107631,101,02/06/2026,P
107806,101,02/06/2026,P
107917,101,02/06/2026,P
107954,101,02/06/2026,P
107996,102,02/06/2026,P
108454,101,02/06/2026,P
108599,101,02/06/2026,P
108838,102,02/06/2026,P
108870,101,02/06/2026,P
109233,102,02/06/2026,P
109333,101,02/06/2026,P
109591,102,02/06/2026,P
109734,101,02/06/2026,P
109820,101,02/06/2026,P
110142,102,02/06/2026,T
110493,102,02/06/2026,P
111996,102,02/06/2026,E
112752,101,02/06/2026,P
112890,102,02/06/2026,P
113028,101,02/06/2026,P
113096,101,02/06/2026,P
113273,102,02/06/2026,P
113777,102,02/06/2026,P
114609,101,02/06/2026,P
114633,102,02/06/2026,P
114714,101,02/06/2026,P
115724,102,02/06/2026,P
116242,102,02/06/2026,A
116449,101,02/06/2026,P
116483,101,02/06/2026,P
116950,102,02/06/2026,A
116962,101,02/06/2026,P
117046,101,02/06/2026,P
117463,102,02/06/2026,P
117598,102,02/06/2026,P
117631,101,02/06/2026,P
118824,101,02/06/2026,P
118848,101,02/06/2026,P
119009,101,02/06/2026,P
119050,102,02/06/2026,P
119144,102,02/06/2026,P
119292,102,02/06/2026,P
119901,101,02/06/2026,P
120054,101,02/06/2026,P
120160,101,02/06/2026,P
120250,101,02/06/2026,P
120541,102,02/06/2026,P
120593,102,02/06/2026,P
120752,101,02/06/2026,P
120937,102,02/06/2026,P
121367,102,02/06/2026,P
121480,101,02/06/2026,P
122308,101,02/06/2026,P
122742,101,02/06/2026,P
122784,102,02/06/2026,P
123160,102,02/06/2026,P
123372,101,02/06/2026,P
123412,101,02/06/2026,P
123588,101,02/06/2026,P
123825,101,02/06/2026,A
124172,101,02/06/2026,P
124256,101,02/06/2026,P
124641,101,02/06/2026,P
124664,101,02/06/2026,P
125516,102,02/06/2026,P
125585,102,02/06/2026,P
126032,101,02/06/2026,P
126093,102,02/06/2026,P
126134,101,02/06/2026,P
126342,101,02/06/2026,E
126350,102,02/06/2026,P
126955,101,02/06/2026,A
127003,102,02/06/2026,P
127379,101,02/06/2026,P
127522,102,02/06/2026,P
127565,102,02/06/2026,P
127670,102,02/06/2026,P
127881,102,02/06/2026,P
127903,102,02/06/2026,P
128141,102,02/06/2026,P
128381,102,02/06/2026,P
128457,101,02/06/2026,P
128734,101,02/06/2026,P
128907,101,02/06/2026,P
129451,102,02/06/2026,P
129468,102,02/06/2026,P
129500,101,02/06/2026,P
129571,102,02/06/2026,P
129682,101,02/06/2026,P
129936,101,02/06/2026,P
129979,102,02/06/2026,P
129992,101,02/06/2026,P
130030,101,02/06/2026,P
130216,101,02/06/2026,P
130582,101,02/06/2026,P
130762,101,02/06/2026,P
130804,102,02/06/2026,P
130997,102,02/06/2026,P
131196,102,02/06/2026,P
131384,102,02/06/2026,P
131401,101,02/06/2026,A
131595,102,02/06/2026,T
131822,101,02/06/2026,p
132081,102,02/06/2026,P
132131,101,02/06/2026,P
132171,102,02/06/2026,P
132180,102,02/06/2026,P
132242,101,02/06/2026,P
132581,102,02/06/2026,P
132608,101,02/06/2026,P
132664,102,02/06/2026,P
132666,101,02/06/2026,P
132892,101,02/06/2026,P
132932,102,02/06/2026,P
133077,102,02/06/2026,P
133184,101,02/06/2026,P
133272,102,02/06/2026,T
133448,102,02/06/2026,P
133506,101,02/06/2026,P
133542,102,02/06/2026,P
133616,102,02/06/2026,P
133658,101,02/06/2026,T
133762,101,02/06/2026,P
133946,101,02/06/2026,P
134080,101,02/06/2026,A
134268,102,02/06/2026,P
134289,102,02/06/2026,E
134383,101,02/06/2026,P
135262,102,02/06/2026,P
135758,101,02/06/2026,P
135769,101,02/06/2026,P
135812,102,02/06/2026,P
135821,102,02/06/2026,P
135901,101,02/06/2026,P
135923,101,02/06/2026,P
136336,102,02/06/2026,P
136474,101,02/06/2026,P
136533,101,02/06/2026,P
136558,102,02/06/2026,P
136686,102,02/06/2026,P
136962,101,02/06/2026,P
137523,102,02/06/2026,P
137636,101,02/06/2026,P
137717,102,02/06/2026,P
137842,102,02/06/2026,P
138052,102,02/06/2026,P
138211,102,02/06/2026,P
138406,102,02/06/2026,P
138438,102,02/06/2026,P
138530,101,02/06/2026,P
139142,101,02/06/2026,P
139199,101,02/06/2026,P
139332,102,02/06/2026,P
139389,102,02/06/2026,P
139985,102,02/06/2026,P
100014,101,02/09/2026,P
100166,102,02/09/2026,P
100336,101,02/09/2026,P
100607,102,02/09/2026,P
100752,102,02/09/2026,P
100919,102,02/09/2026,P
100926,101,02/09/2026,P
101621,101,02/09/2026,P
101663,101,02/09/2026,P
101676,101,02/09/2026,P
101690,102,02/09/2026,P
102169,102,02/09/2026,P
102203,101,02/09/2026,P
102926,102,02/09/2026,P
103203,101,02/09/2026,P
103366,101,02/09/2026,P
104213,102,02/09/2026,P
104812,101,02/09/2026,P
105001,102,02/09/2026,P
105290,102,02/09/2026,T
105443,101,02/09/2026,P
105533,101,02/09/2026,P
105876,102,02/09/2026,P
105943,101,02/09/2026,P
106040,102,02/09/2026,P
106334,101,02/09/2026,P
106425,102,02/09/2026,P
106447,101,02/09/2026,P
106722,101,02/09/2026,P
106726,102,02/09/2026,P
106955,102,02/09/2026,P
107257,102,02/09/2026,P
107631,101,02/09/2026,P
107806,101,02/09/2026,P
107917,101,02/09/2026,P
107954,101,02/09/2026,P
107996,102,02/09/2026,P
108454,101,02/09/2026,P
108599,101,02/09/2026,P
108838,102,02/09/2026,P
108870,101,02/09/2026,P
109233,102,02/09/2026,P
109333,101,02/09/2026,P
109591,102,02/09/2026,P
109734,101,02/09/2026,P
109820,101,02/09/2026,P
110142,102,02/09/2026,T
110493,102,02/09/2026,P
111996,102,02/09/2026,P
112752,101,02/09/2026,P
112890,102,02/09/2026,P
113028,101,02/09/2026,P
113096,101,02/09/2026,P
113273,102,02/09/2026,P
113777,102,02/09/2026,P
114609,101,02/09/2026,P
114633,102,02/09/2026,P
114714,101,02/09/2026,P
115724,102,02/09/2026,P
116242,102,02/09/2026,P
116449,101,02/09/2026,P
116483,101,02/09/2026,P
116950,102,02/09/2026,E
116962,101,02/09/2026,P
117046,101,02/09/2026,P
117463,102,02/09/2026,P
117598,102,02/09/2026,P
117631,101,02/09/2026,P
118824,101,02/09/2026,P
118848,101,02/09/2026,P
119009,101,02/09/2026,P
119050,102,02/09/2026,P
119144,102,02/09/2026,P
119292,102,02/09/2026,P
119901,101,02/09/2026,P
120054,101,02/09/2026,P
120160,101,02/09/2026,P
120250,101,02/09/2026,P
120541,102,02/09/2026,P
120593,102,02/09/2026,P
120752,101,02/09/2026,P
120937,102,02/09/2026,P
121367,102,02/09/2026,P
121480,101,02/09/2026,P
122308,101,02/09/2026,P
122742,101,02/09/2026,P
122784,102,02/09/2026,P
123160,102,02/09/2026,P
123372,101,02/09/2026,P
123412,101,02/09/2026,P
123588,101,02/09/2026,P
123825,101,02/09/2026,P
124172,101,02/09/2026,P
124256,101,02/09/2026,P
124641,101,02/09/2026,P
124664,101,02/09/2026,P
125516,102,02/09/2026,P
125585,102,02/09/2026,P
126032,101,02/09/2026,P
126093,102,02/09/2026,P
126134,101,02/09/2026,P
126342,101,02/09/2026,P
126350,102,02/09/2026,P
126955,101,02/09/2026,P
127003,102,02/09/2026,P
127379,101,02/09/2026,P
127522,102,02/09/2026,P
127565,102,02/09/2026,P
127670,102,02/09/2026,P
127881,102,02/09/2026,A
127903,102,02/09/2026,P
128141,102,02/09/2026,P
128381,102,02/09/2026,P
128457,101,02/09/2026,P
128734,101,02/09/2026,P
128907,101,02/09/2026,P
129451,102,02/09/2026,P
129468,102,02/09/2026,P
129500,101,02/09/2026,P
129571,102,02/09/2026,p
129682,101,02/09/2026,T
129936,101,02/09/2026,P
129979,102,02/09/2026,P
129992,101,02/09/2026,P
130030,101,02/09/2026,P
130216,101,02/09/2026,P
130582,101,02/09/2026,P
130762,101,02/09/2026,P
130804,102,02/09/2026,P
130997,102,02/09/2026,P
131196,102,02/09/2026,P
131384,102,02/09/2026,T
131401,101,02/09/2026,E
131595,102,02/09/2026,P
131822,101,02/09/2026,P
132081,102,02/09/2026,P
132131,101,02/09/2026,P
132171,102,02/09/2026,P
132180,102,02/09/2026,T
132242,101,02/09/2026,P
132581,102,02/09/2026,P
132608,101,02/09/2026,P
132664,102,02/09/2026,P
132666,101,02/09/2026,P
132892,101,02/09/2026,P
132932,102,02/09/2026,A
133077,102,02/09/2026,P
133184,101,02/09/2026,T
133272,102,02/09/2026,P
133448,102,02/09/2026,P
133506,101,02/09/2026,P
133542,102,02/09/2026,P
133616,102,02/09/2026,P
133658,101,02/09/2026,P
133762,101,02/09/2026,P
133946,101,02/09/2026,P
134080,101,02/09/2026,P
134268,102,02/09/2026,P
134289,102,02/09/2026,P
134383,101,02/09/2026,P
135262,102,02/09/2026,P
135758,101,02/09/2026,P
135769,101,02/09/2026,P
135812,102,02/09/2026,P
135821,102,02/09/2026,P
135901,101,02/09/2026,P
135923,101,02/09/2026,P
136336,102,02/09/2026,P
136474,101,02/09/2026,P
136533,101,02/09/2026,P
136558,102,02/09/2026,P
136686,102,02/09/2026,P
136962,101,02/09/2026,P
137523,102,02/09/2026,P
137636,101,02/09/2026,P
137717,102,02/09/2026,P
137842,102,02/09/2026,P
138052,102,02/09/2026,P
138211,102,02/09/2026,P
138406,102,02/09/2026,P
138438,102,02/09/2026,P
138530,101,02/09/2026,P
139142,101,02/09/2026,P
139199,101,02/09/2026,A
139332,102,02/09/2026,P
139389,102,02/09/2026,P
139985,102,02/09/2026,P
100014,101,02/10/2026,P
100166,102,02/10/2026,P
100336,101,02/10/2026,P
100607,102,02/10/2026,P
100752,102,02/10/2026,P
100919,102,02/10/2026,P
100926,101,02/10/2026,P
101621,101,02/10/2026,T
101663,101,02/10/2026,E
101676,101,02/10/2026,P
101690,102,02/10/2026,P
102169,102,02/10/2026,P
102203,101,02/10/2026,P
102926,102,02/10/2026,P
103203,101,02/10/2026,P
103366,101,02/10/2026,P
104213,102,02/10/2026,P
104812,101,02/10/2026,P
105001,102,02/10/2026,P
105290,102,02/10/2026,P
105443,101,02/10/2026,P
105533,101,02/10/2026,P
105876,102,02/10/2026,P
105943,101,02/10/2026,P
106040,102,02/10/2026,P
106334,101,02/10/2026,P
106425,102,02/10/2026,P
106447,101,02/10/2026,P
106722,101,02/10/2026,P
106726,102,02/10/2026,P
106955,102,02/10/2026,P
107257,102,02/10/2026,P
107631,101,02/10/2026,P
107806,101,02/10/2026,P
107917,101,02/10/2026,P
107954,101,02/10/2026,p
107996,102,02/10/2026,P
108454,101,02/10/2026,P
108599,101,02/10/2026,P
108838,102,02/10/2026,P
108870,101,02/10/2026,A
109233,102,02/10/2026,P
109333,101,02/10/2026,P
109591,102,02/10/2026,P
109734,101,02/10/2026,P
109820,101,02/10/2026,P
110142,102,02/10/2026,P
110493,102,02/10/2026,P
111996,102,02/10/2026,P
112752,101,02/10/2026,P
112890,102,02/10/2026,P
113028,101,02/10/2026,P
113096,101,02/10/2026,P
113273,102,02/10/2026,P
113777,102,02/10/2026,P
114609,101,02/10/2026,P
114633,102,02/10/2026,P
114714,101,02/10/2026,E
115724,102,02/10/2026,P
116242,102,02/10/2026,P
116449,101,02/10/2026,T
116483,101,02/10/2026,P
116950,102,02/10/2026,P
116962,101,02/10/2026,P
117046,101,02/10/2026,P
117463,102,02/10/2026,P
117598,102,02/10/2026,P
117631,101,02/10/2026,P
118824,101,02/10/2026,P
118848,101,02/10/2026,P
119009,101,02/10/2026,P
119050,102,02/10/2026,P
119144,102,02/10/2026,P
119292,102,02/10/2026,P
119901,101,02/10/2026,P
120054,101,02/10/2026,P
120160,101,02/10/2026,P
120250,101,02/10/2026,E
120541,102,02/10/2026,P
120593,102,02/10/2026,P
120752,101,02/10/2026,A
120937,102,02/10/2026,P
121367,102,02/10/2026,E
121480,101,02/10/2026,A
122308,101,02/10/2026,P
122742,101,02/10/2026,P
122784,102,02/10/2026,P
123160,102,02/10/2026,P
123372,101,02/10/2026,P
123412,101,02/10/2026,P
123588,101,02/10/2026,P
123825,101,02/10/2026,P
124172,101,02/10/2026,P
124256,101,02/10/2026,T
124641,101,02/10/2026,P
124664,101,02/10/2026,P
125516,102,02/10/2026,P
125585,102,02/10/2026,P
126032,101,02/10/2026,P
126093,102,02/10/2026,P
126134,101,02/10/2026,P
126342,101,02/10/2026,P
126350,102,02/10/2026,P
126955,101,02/10/2026,P
127003,102,02/10/2026,P
127379,101,02/10/2026,P
127522,102,02/10/2026,A
127565,102,02/10/2026,P
127670,102,02/10/2026,P
127881,102,02/10/2026,P
127903,102,02/10/2026,P
128141,102,02/10/2026,P
128381,102,02/10/2026,P
128457,101,02/10/2026,P
128734,101,02/10/2026,P
128907,101,02/10/2026,T
129451,102,02/10/2026,P
129468,102,02/10/2026,A
129500,101,02/10/2026,P
129571,102,02/10/2026,P
129682,101,02/10/2026,P
129936,101,02/10/2026,P
129979,102,02/10/2026,P
129992,101,02/10/2026,P
130030,101,02/10/2026,P
130216,101,02/10/2026,P
130582,101,02/10/2026,P
130762,101,02/10/2026,T
130804,102,02/10/2026,P
130997,102,02/10/2026,P
131196,102,02/10/2026,P
131384,102,02/10/2026,P
131401,101,02/10/2026,P
131595,102,02/10/2026,P
131822,101,02/10/2026,P
132081,102,02/10/2026,P
132131,101,02/10/2026,P
132171,102,02/10/2026,P
132180,102,02/10/2026,T
132242,101,02/10/2026,P
132581,102,02/10/2026,P
132608,101,02/10/2026,P
132664,102,02/10/2026,P
132666,101,02/10/2026,P
132892,101,02/10/2026,P
132932,102,02/10/2026,A
133077,102,02/10/2026,T
133184,101,02/10/2026,P
133272,102,02/10/2026,T
133448,102,02/10/2026,P
133506,101,02/10/2026,P
133542,102,02/10/2026,P
133616,102,02/10/2026,P
133658,101,02/10/2026,A
133762,101,02/10/2026,P
133946,101,02/10/2026,P
134080,101,02/10/2026,P
134268,102,02/10/2026,P
134289,102,02/10/2026,P
134383,101,02/10/2026,T
135262,102,02/10/2026,P
135758,101,02/10/2026,P
135769,101,02/10/2026,A
135812,102,02/10/2026,P
135821,102,02/10/2026,P
135901,101,02/10/2026,P
135923,101,02/10/2026,P
136336,102,02/10/2026,P
136474,101,02/10/2026,P
136533,101,02/10/2026,P
136558,102,02/10/2026,P
136686,102,02/10/2026,P
136962,101,02/10/2026,P
137523,102,02/10/2026,P
137636,101,02/10/2026,P
137717,102,02/10/2026,P
137842,102,02/10/2026,P
138052,102,02/10/2026,T
138211,102,02/10/2026,P
138406,102,02/10/2026,P
138438,102,02/10/2026,P
138530,101,02/10/2026,P
139142,101,02/10/2026,P
139199,101,02/10/2026,P
139332,102,02/10/2026,P
139389,102,02/10/2026,P
139985,102,02/10/2026,P
100014,101,02/11/2026,P
100166,102,02/11/2026,P
100336,101,02/11/2026,P
100607,102,02/11/2026,P
100752,102,02/11/2026,P
100919,102,02/11/2026,P
100926,101,02/11/2026,P
101621,101,02/11/2026,P
101663,101,02/11/2026,P
101676,101,02/11/2026,P
101690,102,02/11/2026,P
102169,102,02/11/2026,P
102203,101,02/11/2026,P
102926,102,02/11/2026,P
103203,101,02/11/2026,P
103366,101,02/11/2026,P
104213,102,02/11/2026,P
104812,101,02/11/2026,P
105001,102,02/11/2026,P
105290,102,02/11/2026,P
105443,101,02/11/2026,P
105533,101,02/11/2026,P
105876,102,02/11/2026,P
105943,101,02/11/2026,P
106040,102,02/11/2026,P
106334,101,02/11/2026,P
106425,102,02/11/2026,P
106447,101,02/11/2026,P
106722,101,02/11/2026,P
106726,102,02/11/2026,P
106955,102,02/11/2026,P
107257,102,02/11/2026,P
107631,101,02/11/2026,P
107806,101,02/11/2026,P
107917,101,02/11/2026,P
107954,101,02/11/2026,P
107996,102,02/11/2026,P
108454,101,02/11/2026,P
108599,101,02/11/2026,P
108838,102,02/11/2026,P
108870,101,02/11/2026,P
109233,102,02/11/2026,P
109333,101,02/11/2026,P
109591,102,02/11/2026,P
109734,101,02/11/2026,P
109820,101,02/11/2026,P
110142,102,02/11/2026,P
110493,102,02/11/2026,P
111996,102,02/11/2026,P
112752,101,02/11/2026,P
112890,102,02/11/2026,P
113028,101,02/11/2026,P
113096,101,02/11/2026,E
113273,102,02/11/2026,P
113777,102,02/11/2026,p
114609,101,02/11/2026,P
114633,102,02/11/2026,P
114714,101,02/11/2026,P
115724,102,02/11/2026,P
116242,102,02/11/2026,P
116449,101,02/11/2026,P
116483,101,02/11/2026,P
116950,102,02/11/2026,P
116962,101,02/11/2026,T
117046,101,02/11/2026,P
117463,102,02/11/2026,P
117598,102,02/11/2026,P
117631,101,02/11/2026,P
118824,101,02/11/2026,P
118848,101,02/11/2026,P
119009,101,02/11/2026,P
119050,102,02/11/2026,P
119144,102,02/11/2026,P
119292,102,02/11/2026,P
119901,101,02/11/2026,P
120054,101,02/11/2026,P
120160,101,02/11/2026,P
120250,101,02/11/2026,E
120541,102,02/11/2026,P
120593,102,02/11/2026,P
120752,101,02/11/2026,P
120937,102,02/11/2026,P
121367,102,02/11/2026,P
121480,101,02/11/2026,P
122308,101,02/11/2026,E
122742,101,02/11/2026,P
122784,102,02/11/2026,P
123160,102,02/11/2026,A
123372,101,02/11/2026,P
123412,101,02/11/2026,P
123588,101,02/11/2026,P
123825,101,02/11/2026,P
124172,101,02/11/2026,P
124256,101,02/11/2026,P
124641,101,02/11/2026,P
124664,101,02/11/2026,P
125516,102,02/11/2026,P
125585,102,02/11/2026,P
126032,101,02/11/2026,P
126093,102,02/11/2026,P
126134,101,02/11/2026,P
126342,101,02/11/2026,P
126350,102,02/11/2026,P
126955,101,02/11/2026,P
127003,102,02/11/2026,P
127379,101,02/11/2026,P
127522,102,02/11/2026,P
127565,102,02/11/2026,P
127670,102,02/11/2026,P
127881,102,02/11/2026,P
127903,102,02/11/2026,E
128141,102,02/11/2026,P
128381,102,02/11/2026,P
128457,101,02/11/2026,P
128734,101,02/11/2026,P
128907,101,02/11/2026,P
129451,102,02/11/2026,P
129468,102,02/11/2026,P
129500,101,02/11/2026,P
129571,102,02/11/2026,P
129682,101,02/11/2026,P
129936,101,02/11/2026,T
129979,102,02/11/2026,P
129992,101,02/11/2026,P
130030,101,02/11/2026,P
130216,101,02/11/2026,P
130582,101,02/11/2026,P
130762,101,02/11/2026,P
130804,102,02/11/2026,P
130997,102,02/11/2026,T
131196,102,02/11/2026,P
131384,102,02/11/2026,P
131401,101,02/11/2026,P
131595,102,02/11/2026,P
131822,101,02/11/2026,P
132081,102,02/11/2026,T
132131,101,02/11/2026,P
132171,102,02/11/2026,P
132180,102,02/11/2026,P
132242,101,02/11/2026,P
132581,102,02/11/2026,P
132608,101,02/11/2026,P
132664,102,02/11/2026,P
132666,101,02/11/2026,P
132892,101,02/11/2026,P
132932,102,02/11/2026,A
133077,102,02/11/2026,P
133184,101,02/11/2026,P
133272,102,02/11/2026,P
133448,102,02/11/2026,P
133506,101,02/11/2026,P
133542,102,02/11/2026,P
133616,102,02/11/2026,P
133658,101,02/11/2026,P
133762,101,02/11/2026,A
133946,101,02/11/2026,P
134080,101,02/11/2026,P
134268,102,02/11/2026,T
134289,102,02/11/2026,P
134383,101,02/11/2026,P
135262,102,02/11/2026,P
135758,101,02/11/2026,E
135769,101,02/11/2026,P
135812,102,02/11/2026,P
135821,102,02/11/2026,P
135901,101,02/11/2026,P
135923,101,02/11/2026,P
136336,102,02/11/2026,P
136474,101,02/11/2026,T
136533,101,02/11/2026,P
136558,102,02/11/2026,P
136686,102,02/11/2026,P
136962,101,02/11/2026,P
137523,102,02/11/2026,P
137636,101,02/11/2026,P
137717,102,02/11/2026,P
137842,102,02/11/2026,P
138052,102,02/11/2026,P
138211,102,02/11/2026,P
138406,102,02/11/2026,P
138438,102,02/11/2026,P
138530,101,02/11/2026,P
139142,101,02/11/2026,P
139199,101,02/11/2026,P
139332,102,02/11/2026,P
139389,102,02/11/2026,P
139985,102,02/11/2026,P
100014,101,02/12/2026,P
100166,102,02/12/2026,P
100336,101,02/12/2026,P
100607,102,02/12/2026,P
100752,102,02/12/2026,P
100919,102,02/12/2026,P
100926,101,02/12/2026,P
101621,101,02/12/2026,P
101663,101,02/12/2026,P
101676,101,02/12/2026,P
101690,102,02/12/2026,P
102169,102,02/12/2026,P
102203,101,02/12/2026,P
102926,102,02/12/2026,S
103203,101,02/12/2026,P
103366,101,02/12/2026,P
104213,102,02/12/2026,P
104812,101,02/12/2026,P
105001,102,02/12/2026,P
105290,102,02/12/2026,P
105443,101,02/12/2026,P
105533,101,02/12/2026,P
105876,102,02/12/2026,P
105943,101,02/12/2026,P
106040,102,02/12/2026,P
106334,101,02/12/2026,P
106425,102,02/12/2026,P
106447,101,02/12/2026,P
106722,101,02/12/2026,P
106726,102,02/12/2026,P
106955,102,02/12/2026,P
107257,102,02/12/2026,P
107631,101,02/12/2026,P
107806,101,02/12/2026,P
107917,101,02/12/2026,P
107954,101,02/12/2026,P
107996,102,02/12/2026,P
108454,101,02/12/2026,P
108599,101,02/12/2026,P
108838,102,02/12/2026,P
108870,101,02/12/2026,E
109233,102,02/12/2026,P
109333,101,02/12/2026,P
109591,102,02/12/2026,P
109734,101,02/12/2026,P
109820,101,02/12/2026,P
110142,102,02/12/2026,P
110493,102,02/12/2026,P
111996,102,02/12/2026,P
112752,101,02/12/2026,A
112890,102,02/12/2026,P
113028,101,02/12/2026,P
113096,101,02/12/2026,P
113273,102,02/12/2026,P
113777,102,02/12/2026,T
114609,101,02/12/2026,P
114633,102,02/12/2026,E
114714,101,02/12/2026,P
115724,102,02/12/2026,P
116242,102,02/12/2026,P
116449,101,02/12/2026,P
116483,101,02/12/2026,P
116950,102,02/12/2026,P
116962,101,02/12/2026,P
117046,101,02/12/2026,P
117463,102,02/12/2026,P
117598,102,02/12/2026,P
117631,101,02/12/2026,P
118824,101,02/12/2026,P
118848,101,02/12/2026,P
119009,101,02/12/2026,P
119050,102,02/12/2026,P
119144,102,02/12/2026,P
119292,102,02/12/2026,P
119901,101,02/12/2026,P
120054,101,02/12/2026,P
120160,101,02/12/2026,A
120250,101,02/12/2026,A
120541,102,02/12/2026,P
120593,102,02/12/2026,P
120752,101,02/12/2026,P
120937,102,02/12/2026,P
121367,102,02/12/2026,P
121480,101,02/12/2026,E
122308,101,02/12/2026,P
122742,101,02/12/2026,P
122784,102,02/12/2026,P
123160,102,02/12/2026,P
123372,101,02/12/2026,P
123412,101,02/12/2026,E
123588,101,02/12/2026,T
123825,101,02/12/2026,P
124172,101,02/12/2026,P
124256,101,02/12/2026,P
124641,101,02/12/2026,P
124664,101,02/12/2026,P
125516,102,02/12/2026,P
125585,102,02/12/2026,P
126032,101,02/12/2026,E
126093,102,02/12/2026,P
126134,101,02/12/2026,P
126342,101,02/12/2026,T
126350,102,02/12/2026,P
126955,101,02/12/2026,P
127003,102,02/12/2026,P
127379,101,02/12/2026,P
127522,102,02/12/2026,P
127565,102,02/12/2026,P
127670,102,02/12/2026,P
127881,102,02/12/2026,P
127903,102,02/12/2026,P
128141,102,02/12/2026,P
128381,102,02/12/2026,P
128457,101,02/12/2026,P
128734,101,02/12/2026,P
128907,101,02/12/2026,P
129451,102,02/12/2026,P
129468,102,02/12/2026,P
129500,101,02/12/2026,P
129571,102,02/12/2026,P
129682,101,02/12/2026,P
129936,101,02/12/2026,P
129979,102,02/12/2026,P
129992,101,02/12/2026,P
130030,101,02/12/2026,P
130216,101,02/12/2026,P
130582,101,02/12/2026,P
130762,101,02/12/2026,P
130804,102,02/12/2026,P
130997,102,02/12/2026,P
131196,102,02/12/2026,P
131384,102,02/12/2026,P
131401,101,02/12/2026,p
131595,102,02/12/2026,E
131822,101,02/12/2026,P
132081,102,02/12/2026,P
132131,101,02/12/2026,P
132171,102,02/12/2026,A
132180,102,02/12/2026,P
132242,101,02/12/2026,P
132581,102,02/12/2026,P
132608,101,02/12/2026,P
132664,102,02/12/2026,P
132666,101,02/12/2026,P
132892,101,02/12/2026,P
132932,102,02/12/2026,P
133077,102,02/12/2026,P
133184,101,02/12/2026,P
133272,102,02/12/2026,P
133448,102,02/12/2026,P
133506,101,02/12/2026,P
133542,102,02/12/2026,P
133616,102,02/12/2026,P
133658,101,02/12/2026,P
133762,101,02/12/2026,P
133946,101,02/12/2026,P
134080,101,02/12/2026,P
134268,102,02/12/2026,P
134289,102,02/12/2026,P
134383,101,02/12/2026,P
135262,102,02/12/2026,T
135758,101,02/12/2026,P
135769,101,02/12/2026,P
135812,102,02/12/2026,T
135821,102,02/12/2026,P
135901,101,02/12/2026,P
135923,101,02/12/2026,P
136336,102,02/12/2026,P
136474,101,02/12/2026,P
136533,101,02/12/2026,P
136558,102,02/12/2026,E
136686,102,02/12/2026,P
136962,101,02/12/2026,P
137523,102,02/12/2026,P
137636,101,02/12/2026,P
137717,102,02/12/2026,P
137842,102,02/12/2026,P
138052,102,02/12/2026,p
138211,102,02/12/2026,P
138406,102,02/12/2026,P
138438,102,02/12/2026,P
138530,101,02/12/2026,P
139142,101,02/12/2026,P
139199,101,02/12/2026,P
139332,102,02/12/2026,P
139389,102,02/12/2026,P
139985,102,02/12/2026,P
100014,101,02/13/2026,P
100166,102,02/13/2026,p
100336,101,02/13/2026,P
100607,102,02/13/2026,P
100752,102,02/13/2026,P
100919,102,02/13/2026,P
100926,101,02/13/2026,P
101621,101,02/13/2026,P
101663,101,02/13/2026,T
101676,101,02/13/2026,P
101690,102,02/13/2026,P
102169,102,02/13/2026,E
102203,101,02/13/2026,P
102926,102,02/13/2026,P
103203,101,02/13/2026,P
103366,101,02/13/2026,P
104213,102,02/13/2026,P
104812,101,02/13/2026,P
105001,102,02/13/2026,P
105290,102,02/13/2026,P
105443,101,02/13/2026,P
105533,101,02/13/2026,P
105876,102,02/13/2026,P
105943,101,02/13/2026,P
106040,102,02/13/2026,P
106334,101,02/13/2026,P
106425,102,02/13/2026,P
106447,101,02/13/2026,P
106722,101,02/13/2026,A
106726,102,02/13/2026,P
106955,102,02/13/2026,P
107257,102,02/13/2026,P
107631,101,02/13/2026,P
107806,101,02/13/2026,P
107917,101,02/13/2026,E
107954,101,02/13/2026,P
107996,102,02/13/2026,P
108454,101,02/13/2026,P
108599,101,02/13/2026,P
108838,102,02/13/2026,P
108870,101,02/13/2026,P
109233,102,02/13/2026,P
109333,101,02/13/2026,P
109591,102,02/13/2026,P
109734,101,02/13/2026,P
109820,101,02/13/2026,P
110142,102,02/13/2026,P
110493,102,02/13/2026,P
111996,102,02/13/2026,P
112752,101,02/13/2026,P
112890,102,02/13/2026,P
113028,101,02/13/2026,P
113096,101,02/13/2026,P
113273,102,02/13/2026,P
113777,102,02/13/2026,P
114609,101,02/13/2026,P
114633,102,02/13/2026,P
114714,101,02/13/2026,P
115724,102,02/13/2026,P
116242,102,02/13/2026,P
116449,101,02/13/2026,P
116483,101,02/13/2026,P
116950,102,02/13/2026,P
116962,101,02/13/2026,P
117046,101,02/13/2026,P
117463,102,02/13/2026,P
117598,102,02/13/2026,T
117631,101,02/13/2026,P
118824,101,02/13/2026,P
118848,101,02/13/2026,P
119009,101,02/13/2026,P
119050,102,02/13/2026,P
119144,102,02/13/2026,P
119292,102,02/13/2026,P
119901,101,02/13/2026,T
120054,101,02/13/2026,P
120160,101,02/13/2026,A
120250,101,02/13/2026,P
120541,102,02/13/2026,P
120593,102,02/13/2026,P
120752,101,02/13/2026,P
120937,102,02/13/2026,P
121367,102,02/13/2026,P
121480,101,02/13/2026,P
122308,101,02/13/2026,P
122742,101,02/13/2026,P
122784,102,02/13/2026,P
123160,102,02/13/2026,P
123372,101,02/13/2026,P
123412,101,02/13/2026,P
123588,101,02/13/2026,P
123825,101,02/13/2026,P
124172,101,02/13/2026,S
124256,101,02/13/2026,P
124641,101,02/13/2026,P
124664,101,02/13/2026,P
125516,102,02/13/2026,P
125585,102,02/13/2026,P
126032,101,02/13/2026,P
126093,102,02/13/2026,P
126134,101,02/13/2026,P
126342,101,02/13/2026,P
126350,102,02/13/2026,P
126955,101,02/13/2026,P
127003,102,02/13/2026,P
127379,101,02/13/2026,P
127522,102,02/13/2026,P
127565,102,02/13/2026,P
127670,102,02/13/2026,P
127881,102,02/13/2026,E
127903,102,02/13/2026,P
128141,102,02/13/2026,P
128381,102,02/13/2026,P
128457,101,02/13/2026,P
128734,101,02/13/2026,P
128907,101,02/13/2026,P
129451,102,02/13/2026,P
129468,102,02/13/2026,P
129500,101,02/13/2026,P
129571,102,02/13/2026,P
129682,101,02/13/2026,P
129936,101,02/13/2026,P
129979,102,02/13/2026,P
129992,101,02/13/2026,P
130030,101,02/13/2026,P
130216,101,02/13/2026,P
130582,101,02/13/2026,P
130762,101,02/13/2026,P
130804,102,02/13/2026,P
130997,102,02/13/2026,P
131196,102,02/13/2026,P
131384,102,02/13/2026,P
131401,101,02/13/2026,P
131595,102,02/13/2026,P
131822,101,02/13/2026,P
132081,102,02/13/2026,P
132131,101,02/13/2026,P
132171,102,02/13/2026,P
132180,102,02/13/2026,P
132242,101,02/13/2026,P
132581,102,02/13/2026,P
132608,101,02/13/2026,P
132664,102,02/13/2026,P
132666,101,02/13/2026,P
132892,101,02/13/2026,P
132932,102,02/13/2026,P
133077,102,02/13/2026,P
133184,101,02/13/2026,P
133272,102,02/13/2026,P
133448,102,02/13/2026,P
133506,101,02/13/2026,P
133542,102,02/13/2026,P
133616,102,02/13/2026,P
133658,101,02/13/2026,P
133762,101,02/13/2026,A
133946,101,02/13/2026,P
134080,101,02/13/2026,T
134268,102,02/13/2026,P
134289,102,02/13/2026,P
134383,101,02/13/2026,P
135262,102,02/13/2026,P
135758,101,02/13/2026,P
135769,101,02/13/2026,P
135812,102,02/13/2026,P
135821,102,02/13/2026,P
135901,101,02/13/2026,P
135923,101,02/13/2026,P
136336,102,02/13/2026,P
136474,101,02/13/2026,P
136533,101,02/13/2026,P
136558,102,02/13/2026,P
136686,102,02/13/2026,P
136962,101,02/13/2026,P
137523,102,02/13/2026,T
137636,101,02/13/2026,P
137717,102,02/13/2026,P
137842,102,02/13/2026,P
138052,102,02/13/2026,A
138211,102,02/13/2026,P
138406,102,02/13/2026,P
138438,102,02/13/2026,P
138530,101,02/13/2026,P
139142,101,02/13/2026,P
139199,101,02/13/2026,P
139332,102,02/13/2026,P
139389,102,02/13/2026,P
139985,102,02/13/2026,P
100014,101,02/17/2026,A
100166,102,02/17/2026,P
100336,101,02/17/2026,P
100607,102,02/17/2026,P
100752,102,02/17/2026,P
100919,102,02/17/2026,P
100926,101,02/17/2026,P
101621,101,02/17/2026,P
101663,101,02/17/2026,P
101676,101,02/17/2026,P
101690,102,02/17/2026,P
102169,102,02/17/2026,P
102203,101,02/17/2026,P
102926,102,02/17/2026,T
103203,101,02/17/2026,P
103366,101,02/17/2026,P
104213,102,02/17/2026,P
104812,101,02/17/2026,P
105001,102,02/17/2026,P
105290,102,02/17/2026,P
105443,101,02/17/2026,P
105533,101,02/17/2026,P
105876,102,02/17/2026,P
105943,101,02/17/2026,P
106040,102,02/17/2026,P
106334,101,02/17/2026,P
106425,102,02/17/2026,T
106447,101,02/17/2026,P
106722,101,02/17/2026,P
106726,102,02/17/2026,P
106955,102,02/17/2026,P
107257,102,02/17/2026,P
107631,101,02/17/2026,P
107806,101,02/17/2026,P
107917,101,02/17/2026,P
107954,101,02/17/2026,P
107996,102,02/17/2026,P
108454,101,02/17/2026,P
108599,101,02/17/2026,P
108838,102,02/17/2026,P
108870,101,02/17/2026,S
109233,102,02/17/2026,P
109333,101,02/17/2026,P
109591,102,02/17/2026,P
109734,101,02/17/2026,P
109820,101,02/17/2026,P
110142,102,02/17/2026,P
110493,102,02/17/2026,P
111996,102,02/17/2026,A
112752,101,02/17/2026,P
112890,102,02/17/2026,P
113028,101,02/17/2026,P
113096,101,02/17/2026,P
113273,102,02/17/2026,P
113777,102,02/17/2026,P
114609,101,02/17/2026,P
114633,102,02/17/2026,E
114714,101,02/17/2026,A
115724,102,02/17/2026,P
116242,102,02/17/2026,P
116449,101,02/17/2026,P
116483,101,02/17/2026,A
116950,102,02/17/2026,P
116962,101,02/17/2026,P
117046,101,02/17/2026,P
117463,102,02/17/2026,P
117598,102,02/17/2026,P
117631,101,02/17/2026,P
118824,101,02/17/2026,P
118848,101,02/17/2026,P
119009,101,02/17/2026,P
119050,102,02/17/2026,P
119144,102,02/17/2026,P
119292,102,02/17/2026,P
119901,101,02/17/2026,P
120054,101,02/17/2026,P
120160,101,02/17/2026,P
120250,101,02/17/2026,P
120541,102,02/17/2026,P
120593,102,02/17/2026,P
120752,101,02/17/2026,P
120937,102,02/17/2026,P
121367,102,02/17/2026,P
121480,101,02/17/2026,A
122308,101,02/17/2026,P
122742,101,02/17/2026,P
122784,102,02/17/2026,P
123160,102,02/17/2026,P
123372,101,02/17/2026,P
123412,101,02/17/2026,P
123588,101,02/17/2026,P
123825,101,02/17/2026,P
124172,101,02/17/2026,P
124256,101,02/17/2026,P
124641,101,02/17/2026,P
124664,101,02/17/2026,P
125516,102,02/17/2026,P
125585,102,02/17/2026,P
126032,101,02/17/2026,P
126093,102,02/17/2026,P
126134,101,02/17/2026,P
126342,101,02/17/2026,P
126350,102,02/17/2026,P
126955,101,02/17/2026,P
127003,102,02/17/2026,P
127379,101,02/17/2026,p
127522,102,02/17/2026,P
127565,102,02/17/2026,E
127670,102,02/17/2026,P
127881,102,02/17/2026,P
127903,102,02/17/2026,A
128141,102,02/17/2026,P
128381,102,02/17/2026,P
128457,101,02/17/2026,P
128734,101,02/17/2026,P
128907,101,02/17/2026,P
129451,102,02/17/2026,P
129468,102,02/17/2026,P
129500,101,02/17/2026,P
129571,102,02/17/2026,P
129682,101,02/17/2026,P
129936,101,02/17/2026,P
129979,102,02/17/2026,P
129992,101,02/17/2026,P
130030,101,02/17/2026,P
130216,101,02/17/2026,P
130582,101,02/17/2026,T
130762,101,02/17/2026,P
130804,102,02/17/2026,P
130997,102,02/17/2026,P
131196,102,02/17/2026,P
131384,102,02/17/2026,A
131401,101,02/17/2026,E
131595,102,02/17/2026,P
131822,101,02/17/2026,P
132081,102,02/17/2026,P
132131,101,02/17/2026,P
132171,102,02/17/2026,P
132180,102,02/17/2026,P
132242,101,02/17/2026,P
132581,102,02/17/2026,P
132608,101,02/17/2026,P
132664,102,02/17/2026,P
132666,101,02/17/2026,P
132892,101,02/17/2026,T
132932,102,02/17/2026,P
133077,102,02/17/2026,P
133184,101,02/17/2026,P
133272,102,02/17/2026,P
133448,102,02/17/2026,P
133506,101,02/17/2026,P
133542,102,02/17/2026,P
133616,102,02/17/2026,P
133658,101,02/17/2026,P
133762,101,02/17/2026,A
133946,101,02/17/2026,P
134080,101,02/17/2026,P
134268,102,02/17/2026,P
134289,102,02/17/2026,P
134383,101,02/17/2026,E
135262,102,02/17/2026,P
135758,101,02/17/2026,P
135769,101,02/17/2026,P
135812,102,02/17/2026,P
135821,102,02/17/2026,P
135901,101,02/17/2026,P
135923,101,02/17/2026,P
136336,102,02/17/2026,T
136474,101,02/17/2026,P
136533,101,02/17/2026,P
136558,102,02/17/2026,P
136686,102,02/17/2026,P
136962,101,02/17/2026,P
137523,102,02/17/2026,T
137636,101,02/17/2026,P
137717,102,02/17/2026,P
137842,102,02/17/2026,P
138052,102,02/17/2026,P
138211,102,02/17/2026,P
138406,102,02/17/2026,P
138438,102,02/17/2026,P
138530,101,02/17/2026,a
139142,101,02/17/2026,P
139199,101,02/17/2026,P
139332,102,02/17/2026,P
139389,102,02/17/2026,P
139985,102,02/17/2026,P
100014,101,02/18/2026,P
100166,102,02/18/2026,P
100336,101,02/18/2026,P
100607,102,02/18/2026,P
100752,102,02/18/2026,P
100919,102,02/18/2026,E
100926,101,02/18/2026,P
101621,101,02/18/2026,P
101663,101,02/18/2026,P
101676,101,02/18/2026,P
101690,102,02/18/2026,P
102169,102,02/18/2026,P
102203,101,02/18/2026,P
102926,102,02/18/2026,P
103203,101,02/18/2026,P
103366,101,02/18/2026,P
104213,102,02/18/2026,P
104812,101,02/18/2026,P
105001,102,02/18/2026,P
105290,102,02/18/2026,P
105443,101,02/18/2026,T
105533,101,02/18/2026,P
105876,102,02/18/2026,E
105943,101,02/18/2026,P
106040,102,02/18/2026,P
106334,101,02/18/2026,P
106425,102,02/18/2026,P
106447,101,02/18/2026,P
106722,101,02/18/2026,P
106726,102,02/18/2026,P
106955,102,02/18/2026,P
107257,102,02/18/2026,P
107631,101,02/18/2026,P
107806,101,02/18/2026,A
107917,101,02/18/2026,P
107954,101,02/18/2026,P
107996,102,02/18/2026,P
108454,101,02/18/2026,P
108599,101,02/18/2026,P
108838,102,02/18/2026,P
108870,101,02/18/2026,P
109233,102,02/18/2026,P
109333,101,02/18/2026,P
109591,102,02/18/2026,P
109734,101,02/18/2026,P
109820,101,02/18/2026,P
110142,102,02/18/2026,P
110493,102,02/18/2026,P
111996,102,02/18/2026,E
112752,101,02/18/2026,P
112890,102,02/18/2026,P
113028,101,02/18/2026,P
113096,101,02/18/2026,P
113273,102,02/18/2026,P
113777,102,02/18/2026,P
114609,101,02/18/2026,P
114633,102,02/18/2026,P
114714,101,02/18/2026,P
115724,102,02/18/2026,P
116242,102,02/18/2026,P
116449,101,02/18/2026,P
116483,101,02/18/2026,T
116950,102,02/18/2026,P
116962,101,02/18/2026,P
117046,101,02/18/2026,P
117463,102,02/18/2026,P
117598,102,02/18/2026,P
117631,101,02/18/2026,P
118824,101,02/18/2026,P
118848,101,02/18/2026,P
119009,101,02/18/2026,P
119050,102,02/18/2026,T
119144,102,02/18/2026,P
119292,102,02/18/2026,P
119901,101,02/18/2026,P
120054,101,02/18/2026,P
120160,101,02/18/2026,P
120250,101,02/18/2026,P
120541,102,02/18/2026,P
120593,102,02/18/2026,P
120752,101,02/18/2026,P
120937,102,02/18/2026,P
121367,102,02/18/2026,P
121480,101,02/18/2026,P
122308,101,02/18/2026,A
122742,101,02/18/2026,P
122784,102,02/18/2026,T
123160,102,02/18/2026,P
123372,101,02/18/2026,P
123412,101,02/18/2026,P
123588,101,02/18/2026,P
123825,101,02/18/2026,P
124172,101,02/18/2026,T
124256,101,02/18/2026,P
124641,101,02/18/2026,P
124664,101,02/18/2026,A
125516,102,02/18/2026,P
125585,102,02/18/2026,P
126032,101,02/18/2026,P
126093,102,02/18/2026,P
126134,101,02/18/2026,P
126342,101,02/18/2026,P
126350,102,02/18/2026,P
126955,101,02/18/2026,P
127003,102,02/18/2026,P
127379,101,02/18/2026,P
127522,102,02/18/2026,P
127565,102,02/18/2026,P
127670,102,02/18/2026,E
127881,102,02/18/2026,P
127903,102,02/18/2026,A
128141,102,02/18/2026,P
128381,102,02/18/2026,P
128457,101,02/18/2026,P
128734,101,02/18/2026,P
128907,101,02/18/2026,P
129451,102,02/18/2026,P
129468,102,02/18/2026,P
129500,101,02/18/2026,T
129571,102,02/18/2026,P
129682,101,02/18/2026,P
129936,101,02/18/2026,P
129979,102,02/18/2026,P
129992,101,02/18/2026,P
130030,101,02/18/2026,P
130216,101,02/18/2026,P
130582,101,02/18/2026,P
130762,101,02/18/2026,P
130804,102,02/18/2026,P
130997,102,02/18/2026,P
131196,102,02/18/2026,P
131384,102,02/18/2026,P
131401,101,02/18/2026,P
131595,102,02/18/2026,P
131822,101,02/18/2026,P
132081,102,02/18/2026,T
132131,101,02/18/2026,P
132171,102,02/18/2026,P
132180,102,02/18/2026,P
132242,101,02/18/2026,P
132581,102,02/18/2026,P
132608,101,02/18/2026,P
132664,102,02/18/2026,P
132666,101,02/18/2026,P
132892,101,02/18/2026,P
132932,102,02/18/2026,P
133077,102,02/18/2026,P
133184,101,02/18/2026,A
133272,102,02/18/2026,P
133448,102,02/18/2026,P
133506,101,02/18/2026,P
133542,102,02/18/2026,P
133616,102,02/18/2026,P
133658,101,02/18/2026,P
133762,101,02/18/2026,P
133946,101,02/18/2026,P
134080,101,02/18/2026,P
134268,102,02/18/2026,P
134289,102,02/18/2026,P
134383,101,02/18/2026,P
135262,102,02/18/2026,P
135758,101,02/18/2026,P
135769,101,02/18/2026,P
135812,102,02/18/2026,P
135821,102,02/18/2026,P
135901,101,02/18/2026,P
135923,101,02/18/2026,P
136336,102,02/18/2026,P
136474,101,02/18/2026,P
136533,101,02/18/2026,P
136558,102,02/18/2026,P
136686,102,02/18/2026,P
136962,101,02/18/2026,P
137523,102,02/18/2026,P
137636,101,02/18/2026,P
137717,102,02/18/2026,P
137842,102,02/18/2026,P
138052,102,02/18/2026,P
138211,102,02/18/2026,P
138406,102,02/18/2026,P
138438,102,02/18/2026,P
138530,101,02/18/2026,E
139142,101,02/18/2026,P
139199,101,02/18/2026,P
139332,102,02/18/2026,P
139389,102,02/18/2026,P
139985,102,02/18/2026,P
100014,101,02/19/2026,P
100166,102,02/19/2026,P
100336,101,02/19/2026,P
100607,102,02/19/2026,P
100752,102,02/19/2026,P
100919,102,02/19/2026,T
100926,101,02/19/2026,P
101621,101,02/19/2026,P
101663,101,02/19/2026,P
101676,101,02/19/2026,P
101690,102,02/19/2026,P
102169,102,02/19/2026,P
102203,101,02/19/2026,P
102926,102,02/19/2026,P
103203,101,02/19/2026,P
103366,101,02/19/2026,P
104213,102,02/19/2026,P
104812,101,02/19/2026,P
105001,102,02/19/2026,P
105290,102,02/19/2026,P
105443,101,02/19/2026,P
105533,101,02/19/2026,P
105876,102,02/19/2026,P
105943,101,02/19/2026,T
106040,102,02/19/2026,P
106334,101,02/19/2026,P
106425,102,02/19/2026,P
106447,101,02/19/2026,P
106722,101,02/19/2026,P
106726,102,02/19/2026,P
106955,102,02/19/2026,P
107257,102,02/19/2026,P
107631,101,02/19/2026,P
107806,101,02/19/2026,P
107917,101,02/19/2026,P
107954,101,02/19/2026,P
107996,102,02/19/2026,P
108454,101,02/19/2026,P
108599,101,02/19/2026,P
108838,102,02/19/2026,P
108870,101,02/19/2026,E
109233,102,02/19/2026,P
109333,101,02/19/2026,P
109591,102,02/19/2026,P
109734,101,02/19/2026,A
109820,101,02/19/2026,P
110142,102,02/19/2026,P
110493,102,02/19/2026,P
111996,102,02/19/2026,P
112752,101,02/19/2026,P
112890,102,02/19/2026,P
113028,101,02/19/2026,P
113096,101,02/19/2026,P
113273,102,02/19/2026,E
113777,102,02/19/2026,P
114609,101,02/19/2026,P
114633,102,02/19/2026,P
114714,101,02/19/2026,P
115724,102,02/19/2026,P
116242,102,02/19/2026,P
116449,101,02/19/2026,P
116483,101,02/19/2026,P
116950,102,02/19/2026,P
116962,101,02/19/2026,P
117046,101,02/19/2026,P
117463,102,02/19/2026,P
117598,102,02/19/2026,P
117631,101,02/19/2026,P
118824,101,02/19/2026,P
118848,101,02/19/2026,P
119009,101,02/19/2026,P
119050,102,02/19/2026,P
119144,102,02/19/2026,P
119292,102,02/19/2026,P
119901,101,02/19/2026,P
120054,101,02/19/2026,A
120160,101,02/19/2026,P
120250,101,02/19/2026,P
120541,102,02/19/2026,P
120593,102,02/19/2026,P
120752,101,02/19/2026,P
120937,102,02/19/2026,P
121367,102,02/19/2026,P
121480,101,02/19/2026,P
122308,101,02/19/2026,P
122742,101,02/19/2026,P
122784,102,02/19/2026,P
123160,102,02/19/2026,P
123372,101,02/19/2026,P
123412,101,02/19/2026,P
123588,101,02/19/2026,P
123825,101,02/19/2026,P
124172,101,02/19/2026,P
124256,101,02/19/2026,P
124641,101,02/19/2026,P
124664,101,02/19/2026,P
125516,102,02/19/2026,P
125585,102,02/19/2026,P
126032,101,02/19/2026,P
126093,102,02/19/2026,P
126134,101,02/19/2026,P
126342,101,02/19/2026,P
126350,102,02/19/2026,P
126955,101,02/19/2026,P
127003,102,02/19/2026,P
127379,101,02/19/2026,P
127522,102,02/19/2026,E
127565,102,02/19/2026,P
127670,102,02/19/2026,P
127881,102,02/19/2026,P
127903,102,02/19/2026,A
128141,102,02/19/2026,P
128381,102,02/19/2026,P
128457,101,02/19/2026,P
128734,101,02/19/2026,P
128907,101,02/19/2026,P
129451,102,02/19/2026,P
129468,102,02/19/2026,P
129500,101,02/19/2026,P
129571,102,02/19/2026,P
129682,101,02/19/2026,P
129936,101,02/19/2026,P
129979,102,02/19/2026,P
129992,101,02/19/2026,T
130030,101,02/19/2026,P
130216,101,02/19/2026,P
130582,101,02/19/2026,P
130762,101,02/19/2026,P
130804,102,02/19/2026,P
130997,102,02/19/2026,P
131196,102,02/19/2026,P
131384,102,02/19/2026,P
131401,101,02/19/2026,P
131595,102,02/19/2026,P
131822,101,02/19/2026,P
132081,102,02/19/2026,P
132131,101,02/19/2026,P
132171,102,02/19/2026,P
132180,102,02/19/2026,P
132242,101,02/19/2026,P
132581,102,02/19/2026,P
132608,101,02/19/2026,P
132664,102,02/19/2026,P
132666,101,02/19/2026,P
132892,101,02/19/2026,P
132932,102,02/19/2026,P
133077,102,02/19/2026,P
133184,101,02/19/2026,P
133272,102,02/19/2026,P
133448,102,02/19/2026,P
133506,101,02/19/2026,P
133542,102,02/19/2026,P
133616,102,02/19/2026,P
133658,101,02/19/2026,P
133762,101,02/19/2026,P
133946,101,02/19/2026,P
134080,101,02/19/2026,P
134268,102,02/19/2026,P
134289,102,02/19/2026,A
134383,101,02/19/2026,P
135262,102,02/19/2026,P
135758,101,02/19/2026,P
135769,101,02/19/2026,P
135812,102,02/19/2026,P
135821,102,02/19/2026,P
135901,101,02/19/2026,P
135923,101,02/19/2026,P
136336,102,02/19/2026,P
136474,101,02/19/2026,P
136533,101,02/19/2026,P
136558,102,02/19/2026,P
136686,102,02/19/2026,P
136962,101,02/19/2026,P
137523,102,02/19/2026,P
137636,101,02/19/2026,P
137717,102,02/19/2026,A
137842,102,02/19/2026,P
138052,102,02/19/2026,P
138211,102,02/19/2026,P
138406,102,02/19/2026,P
138438,102,02/19/2026,P
138530,101,02/19/2026,P
139142,101,02/19/2026,P
139199,101,02/19/2026,P
139332,102,02/19/2026,P
139389,102,02/19/2026,P
139985,102,02/19/2026,P
100014,101,02/20/2026,P
100166,102,02/20/2026,T
100336,101,02/20/2026,P
100607,102,02/20/2026,P
100752,102,02/20/2026,P
100919,102,02/20/2026,P
100926,101,02/20/2026,P
101621,101,02/20/2026,P
101663,101,02/20/2026,A
101676,101,02/20/2026,P
101690,102,02/20/2026,P
102169,102,02/20/2026,P
102203,101,02/20/2026,E
102926,102,02/20/2026,P
103203,101,02/20/2026,P
103366,101,02/20/2026,E
104213,102,02/20/2026,P
104812,101,02/20/2026,P
105001,102,02/20/2026,P
105290,102,02/20/2026,P
105443,101,02/20/2026,P
105533,101,02/20/2026,P
105876,102,02/20/2026,P
105943,101,02/20/2026,P
106040,102,02/20/2026,P
106334,101,02/20/2026,P
106425,102,02/20/2026,A
106447,101,02/20/2026,P
106722,101,02/20/2026,P
106726,102,02/20/2026,P
106955,102,02/20/2026,P
107257,102,02/20/2026,P
107631,101,02/20/2026,P
107806,101,02/20/2026,P
107917,101,02/20/2026,P
107954,101,02/20/2026,P
107996,102,02/20/2026,P
108454,101,02/20/2026,T
108599,101,02/20/2026,P
108838,102,02/20/2026,P
108870,101,02/20/2026,P
109233,102,02/20/2026,P
109333,101,02/20/2026,P
109591,102,02/20/2026,P
109734,101,02/20/2026,P
109820,101,02/20/2026,P
110142,102,02/20/2026,T
110493,102,02/20/2026,P
111996,102,02/20/2026,A
112752,101,02/20/2026,P
112890,102,02/20/2026,P
113028,101,02/20/2026,P
113096,101,02/20/2026,A
113273,102,02/20/2026,P
113777,102,02/20/2026,P
114609,101,02/20/2026,P
114633,102,02/20/2026,P
114714,101,02/20/2026,P
115724,102,02/20/2026,P
116242,102,02/20/2026,p
116449,101,02/20/2026,P
116483,101,02/20/2026,P
116950,102,02/20/2026,P
116962,101,02/20/2026,P
117046,101,02/20/2026,P
117463,102,02/20/2026,P
117598,102,02/20/2026,P
117631,101,02/20/2026,P
118824,101,02/20/2026,P
118848,101,02/20/2026,T
119009,101,02/20/2026,T
119050,102,02/20/2026,P
119144,102,02/20/2026,P
119292,102,02/20/2026,T
119901,101,02/20/2026,P
120054,101,02/20/2026,P
120160,101,02/20/2026,P
120250,101,02/20/2026,P
120541,102,02/20/2026,T
120593,102,02/20/2026,P
120752,101,02/20/2026,P
120937,102,02/20/2026,P
121367,102,02/20/2026,P
121480,101,02/20/2026,P
122308,101,02/20/2026,P
122742,101,02/20/2026,P
122784,102,02/20/2026,P
123160,102,02/20/2026,P
123372,101,02/20/2026,P
123412,101,02/20/2026,P
123588,101,02/20/2026,P
123825,101,02/20/2026,P
124172,101,02/20/2026,P
124256,101,02/20/2026,A
124641,101,02/20/2026,P
124664,101,02/20/2026,P
125516,102,02/20/2026,P
125585,102,02/20/2026,P
126032,101,02/20/2026,P
126093,102,02/20/2026,P
126134,101,02/20/2026,P
126342,101,02/20/2026,P
126350,102,02/20/2026,P
126955,101,02/20/2026,E
127003,102,02/20/2026,P
127379,101,02/20/2026,T
127522,102,02/20/2026,P
127565,102,02/20/2026,P
127670,102,02/20/2026,P
127881,102,02/20/2026,P
127903,102,02/20/2026,A
128141,102,02/20/2026,P
128381,102,02/20/2026,P
128457,101,02/20/2026,P
128734,101,02/20/2026,P
128907,101,02/20/2026,P
129451,102,02/20/2026,P
129468,102,02/20/2026,P
129500,101,02/20/2026,P
129571,102,02/20/2026,P
129682,101,02/20/2026,T
129936,101,02/20/2026,P
129979,102,02/20/2026,P
129992,101,02/20/2026,P
130030,101,02/20/2026,P
130216,101,02/20/2026,P
130582,101,02/20/2026,P
130762,101,02/20/2026,T
130804,102,02/20/2026,P
130997,102,02/20/2026,P
131196,102,02/20/2026,P
131384,102,02/20/2026,A
131401,101,02/20/2026,P
131595,102,02/20/2026,P
131822,101,02/20/2026,P
132081,102,02/20/2026,P
132131,101,02/20/2026,P
132171,102,02/20/2026,P
132180,102,02/20/2026,P
132242,101,02/20/2026,P
132581,102,02/20/2026,P
132608,101,02/20/2026,P
132664,102,02/20/2026,P
132666,101,02/20/2026,P
132892,101,02/20/2026,T
132932,102,02/20/2026,P
133077,102,02/20/2026,P
133184,101,02/20/2026,P
133272,102,02/20/2026,P
133448,102,02/20/2026,P
133506,101,02/20/2026,P
133542,102,02/20/2026,P
133616,102,02/20/2026,P
133658,101,02/20/2026,P
133762,101,02/20/2026,A
133946,101,02/20/2026,P
134080,101,02/20/2026,P
134268,102,02/20/2026,P
134289,102,02/20/2026,P
134383,101,02/20/2026,E
135262,102,02/20/2026,P
135758,101,02/20/2026,P
135769,101,02/20/2026,P
135812,102,02/20/2026,P
135821,102,02/20/2026,P
135901,101,02/20/2026,P
135923,101,02/20/2026,P
136336,102,02/20/2026,P
136474,101,02/20/2026,P
136533,101,02/20/2026,P
136558,102,02/20/2026,P
136686,102,02/20/2026,P
136962,101,02/20/2026,P
137523,102,02/20/2026,P
137636,101,02/20/2026,P
137717,102,02/20/2026,P
137842,102,02/20/2026,P
138052,102,02/20/2026,P
138211,102,02/20/2026,P
138406,102,02/20/2026,P
138438,102,02/20/2026,P
138530,101,02/20/2026,A
139142,101,02/20/2026,P
139199,101,02/20/2026,P
139332,102,02/20/2026,T
139389,102,02/20/2026,P
139985,102,02/20/2026,P
100014,101,02/23/2026,P
100166,102,02/23/2026,P
100336,101,02/23/2026,P
100607,102,02/23/2026,P
100752,102,02/23/2026,P
100919,102,02/23/2026,P
100926,101,02/23/2026,P
101621,101,02/23/2026,P
101663,101,02/23/2026,P
101676,101,02/23/2026,P
101690,102,02/23/2026,P
102169,102,02/23/2026,P
102203,101,02/23/2026,P
102926,102,02/23/2026,P
103203,101,02/23/2026,P
103366,101,02/23/2026,A
104213,102,02/23/2026,P
104812,101,02/23/2026,P
105001,102,02/23/2026,P
105290,102,02/23/2026,P
105443,101,02/23/2026,P
105533,101,02/23/2026,P
105876,102,02/23/2026,P
105943,101,02/23/2026,P
106040,102,02/23/2026,P
106334,101,02/23/2026,P
106425,102,02/23/2026,P
106447,101,02/23/2026,P
106722,101,02/23/2026,P
106726,102,02/23/2026,P
106955,102,02/23/2026,P
107257,102,02/23/2026,P
107631,101,02/23/2026,P
107806,101,02/23/2026,P
107917,101,02/23/2026,E
107954,101,02/23/2026,P
107996,102,02/23/2026,P
108454,101,02/23/2026,P
108599,101,02/23/2026,P
108838,102,02/23/2026,P
108870,101,02/23/2026,P
109233,102,02/23/2026,T
109333,101,02/23/2026,P
109591,102,02/23/2026,P
109734,101,02/23/2026,P
109820,101,02/23/2026,T
110142,102,02/23/2026,P
110493,102,02/23/2026,T
111996,102,02/23/2026,P
112752,101,02/23/2026,P
112890,102,02/23/2026,P
113028,101,02/23/2026,P
113096,101,02/23/2026,P
113273,102,02/23/2026,P
113777,102,02/23/2026,P
114609,101,02/23/2026,P
114633,102,02/23/2026,P
114714,101,02/23/2026,P
115724,102,02/23/2026,P
116242,102,02/23/2026,P
116449,101,02/23/2026,P
116483,101,02/23/2026,P
116950,102,02/23/2026,T
116962,101,02/23/2026,P
117046,101,02/23/2026,P
117463,102,02/23/2026,P
117598,102,02/23/2026,P
117631,101,02/23/2026,P
118824,101,02/23/2026,P
118848,101,02/23/2026,P
119009,101,02/23/2026,p
119050,102,02/23/2026,P
119144,102,02/23/2026,A
119292,102,02/23/2026,P
119901,101,02/23/2026,P
120054,101,02/23/2026,P
120160,101,02/23/2026,P
120250,101,02/23/2026,P
120541,102,02/23/2026,P
120593,102,02/23/2026,P
120752,101,02/23/2026,P
120937,102,02/23/2026,P
121367,102,02/23/2026,P
121480,101,02/23/2026,P
122308,101,02/23/2026,E
122742,101,02/23/2026,P
122784,102,02/23/2026,P
123160,102,02/23/2026,P
123372,101,02/23/2026,E
123412,101,02/23/2026,P
123588,101,02/23/2026,P
123825,101,02/23/2026,P
124172,101,02/23/2026,P
124256,101,02/23/2026,P
124641,101,02/23/2026,P
124664,101,02/23/2026,P
125516,102,02/23/2026,P
125585,102,02/23/2026,P
126032,101,02/23/2026,P
126093,102,02/23/2026,P
126134,101,02/23/2026,P
126342,101,02/23/2026,P
126350,102,02/23/2026,P
126955,101,02/23/2026,P
127003,102,02/23/2026,P
127379,101,02/23/2026,P
127522,102,02/23/2026,P
127565,102,02/23/2026,P
127670,102,02/23/2026,P
127881,102,02/23/2026,P
127903,102,02/23/2026,A
128141,102,02/23/2026,T
128381,102,02/23/2026,P
128457,101,02/23/2026,P
128734,101,02/23/2026,P
128907,101,02/23/2026,P
129451,102,02/23/2026,E
129468,102,02/23/2026,P
129500,101,02/23/2026,P
129571,102,02/23/2026,P
129682,101,02/23/2026,P
129936,101,02/23/2026,P
129979,102,02/23/2026,P
129992,101,02/23/2026,P
130030,101,02/23/2026,P
130216,101,02/23/2026,P
130582,101,02/23/2026,P
130762,101,02/23/2026,P
130804,102,02/23/2026,P
130997,102,02/23/2026,P
131196,102,02/23/2026,P
131384,102,02/23/2026,P
131401,101,02/23/2026,P
131595,102,02/23/2026,P
131822,101,02/23/2026,P
132081,102,02/23/2026,P
132131,101,02/23/2026,P
132171,102,02/23/2026,P
132180,102,02/23/2026,P
132242,101,02/23/2026,P
132581,102,02/23/2026,P
132608,101,02/23/2026,P
132664,102,02/23/2026,P
132666,101,02/23/2026,P
132892,101,02/23/2026,P
132932,102,02/23/2026,P
133077,102,02/23/2026,P
133184,101,02/23/2026,P
133272,102,02/23/2026,P
133448,102,02/23/2026,P
133506,101,02/23/2026,P
133542,102,02/23/2026,P
133616,102,02/23/2026,A
133658,101,02/23/2026,T
133762,101,02/23/2026,E
133946,101,02/23/2026,P
134080,101,02/23/2026,P
134268,102,02/23/2026,P
134289,102,02/23/2026,P
134383,101,02/23/2026,P
135262,102,02/23/2026,P
135758,101,02/23/2026,P
135769,101,02/23/2026,P
135812,102,02/23/2026,P
135821,102,02/23/2026,P
135901,101,02/23/2026,P
135923,101,02/23/2026,P
136336,102,02/23/2026,P
136474,101,02/23/2026,P
136533,101,02/23/2026,P
136558,102,02/23/2026,P
136686,102,02/23/2026,P
136962,101,02/23/2026,P
137523,102,02/23/2026,P
137636,101,02/23/2026,P
137717,102,02/23/2026,P
137842,102,02/23/2026,T
138052,102,02/23/2026,P
138211,102,02/23/2026,A
138406,102,02/23/2026,P
138438,102,02/23/2026,P
138530,101,02/23/2026,P
139142,101,02/23/2026,P
139199,101,02/23/2026,P
139332,102,02/23/2026,P
139389,102,02/23/2026,P
139985,102,02/23/2026,P
100014,101,02/24/2026,P
100166,102,02/24/2026,P
100336,101,02/24/2026,P
100607,102,02/24/2026,P
100752,102,02/24/2026,E
100919,102,02/24/2026,P
100926,101,02/24/2026,P
101621,101,02/24/2026,P
101663,101,02/24/2026,P
101676,101,02/24/2026,P
101690,102,02/24/2026,P
102169,102,02/24/2026,P
102203,101,02/24/2026,P
102926,102,02/24/2026,P
103203,101,02/24/2026,P
103366,101,02/24/2026,P
104213,102,02/24/2026,P
104812,101,02/24/2026,P
105001,102,02/24/2026,P
105290,102,02/24/2026,P
105443,101,02/24/2026,P
105533,101,02/24/2026,P
105876,102,02/24/2026,P
105943,101,02/24/2026,P
106040,102,02/24/2026,P
106334,101,02/24/2026,P
106425,102,02/24/2026,P
106447,101,02/24/2026,P
106722,101,02/24/2026,T
106726,102,02/24/2026,P
106955,102,02/24/2026,P
107257,102,02/24/2026,P
107631,101,02/24/2026,P
107806,101,02/24/2026,S
107917,101,02/24/2026,P
107954,101,02/24/2026,P
107996,102,02/24/2026,P
108454,101,02/24/2026,P
108599,101,02/24/2026,P
108838,102,02/24/2026,P
108870,101,02/24/2026,P
109233,102,02/24/2026,P
109333,101,02/24/2026,P
109591,102,02/24/2026,P
109734,101,02/24/2026,A
109820,101,02/24/2026,P
110142,102,02/24/2026,P
110493,102,02/24/2026,P
111996,102,02/24/2026,P
112752,101,02/24/2026,P
112890,102,02/24/2026,P
113028,101,02/24/2026,P
113096,101,02/24/2026,A
113273,102,02/24/2026,P
113777,102,02/24/2026,P
114609,101,02/24/2026,P
114633,102,02/24/2026,P
114714,101,02/24/2026,P
115724,102,02/24/2026,P
116242,102,02/24/2026,P
116449,101,02/24/2026,P
116483,101,02/24/2026,T
116950,102,02/24/2026,P
116962,101,02/24/2026,P
117046,101,02/24/2026,E
117463,102,02/24/2026,P
117598,102,02/24/2026,P
117631,101,02/24/2026,P
118824,101,02/24/2026,p
118848,101,02/24/2026,P
119009,101,02/24/2026,P
119050,102,02/24/2026,P
119144,102,02/24/2026,P
119292,102,02/24/2026,P
119901,101,02/24/2026,P
120054,101,02/24/2026,P
120160,101,02/24/2026,P
120250,101,02/24/2026,P
120541,102,02/24/2026,P
120593,102,02/24/2026,P
120752,101,02/24/2026,A
120937,102,02/24/2026,P
121367,102,02/24/2026,P
121480,101,02/24/2026,A
122308,101,02/24/2026,P
122742,101,02/24/2026,P
122784,102,02/24/2026,P
123160,102,02/24/2026,P
123372,101,02/24/2026,P
123412,101,02/24/2026,P
123588,101,02/24/2026,P
123825,101,02/24/2026,P
124172,101,02/24/2026,P
124256,101,02/24/2026,P
124641,101,02/24/2026,P
124664,101,02/24/2026,P
125516,102,02/24/2026,P
125585,102,02/24/2026,P
126032,101,02/24/2026,P
126093,102,02/24/2026,P
126134,101,02/24/2026,p
126342,101,02/24/2026,P
126350,102,02/24/2026,P
126955,101,02/24/2026,P
127003,102,02/24/2026,P
127379,101,02/24/2026,P
127522,102,02/24/2026,P
127565,102,02/24/2026,P
127670,102,02/24/2026,P
127881,102,02/24/2026,P
127903,102,02/24/2026,A
128141,102,02/24/2026,P
128381,102,02/24/2026,P
128457,101,02/24/2026,P
128734,101,02/24/2026,P
128907,101,02/24/2026,P
129451,102,02/24/2026,A
129468,102,02/24/2026,P
129500,101,02/24/2026,P
129571,102,02/24/2026,P
129682,101,02/24/2026,P
129936,101,02/24/2026,P
129979,102,02/24/2026,P
129992,101,02/24/2026,P
130030,101,02/24/2026,P
130216,101,02/24/2026,P
130582,101,02/24/2026,P
130762,101,02/24/2026,P
130804,102,02/24/2026,P
130997,102,02/24/2026,P
131196,102,02/24/2026,P
131384,102,02/24/2026,P
131401,101,02/24/2026,P
131595,102,02/24/2026,T
131822,101,02/24/2026,P
132081,102,02/24/2026,P
132131,101,02/24/2026,P
132171,102,02/24/2026,P
132180,102,02/24/2026,P
132242,101,02/24/2026,P
132581,102,02/24/2026,P
132608,101,02/24/2026,P
132664,102,02/24/2026,P
132666,101,02/24/2026,P
132892,101,02/24/2026,T
132932,102,02/24/2026,P
133077,102,02/24/2026,T
133184,101,02/24/2026,P
133272,102,02/24/2026,P
133448,102,02/24/2026,P
133506,101,02/24/2026,P
133542,102,02/24/2026,P
133616,102,02/24/2026,E
133658,101,02/24/2026,P
133762,101,02/24/2026,A
133946,101,02/24/2026,P
134080,101,02/24/2026,P
134268,102,02/24/2026,P
134289,102,02/24/2026,P
134383,101,02/24/2026,P
135262,102,02/24/2026,P
135758,101,02/24/2026,P
135769,101,02/24/2026,P
135812,102,02/24/2026,P
135821,102,02/24/2026,P
135901,101,02/24/2026,A
135923,101,02/24/2026,P
136336,102,02/24/2026,P
136474,101,02/24/2026,P
136533,101,02/24/2026,P
136558,102,02/24/2026,P
136686,102,02/24/2026,P
136962,101,02/24/2026,P
137523,102,02/24/2026,p
137636,101,02/24/2026,P
137717,102,02/24/2026,P
137842,102,02/24/2026,P
138052,102,02/24/2026,P
138211,102,02/24/2026,P
138406,102,02/24/2026,P
138438,102,02/24/2026,P
138530,101,02/24/2026,P
139142,101,02/24/2026,A
139199,101,02/24/2026,P
139332,102,02/24/2026,P
139389,102,02/24/2026,P
139985,102,02/24/2026,P
100014,101,02/25/2026,P
100166,102,02/25/2026,P
100336,101,02/25/2026,P
100607,102,02/25/2026,E
100752,102,02/25/2026,P
100919,102,02/25/2026,P
100926,101,02/25/2026,P
101621,101,02/25/2026,P
101663,101,02/25/2026,P
101676,101,02/25/2026,P
101690,102,02/25/2026,P
102169,102,02/25/2026,E
102203,101,02/25/2026,P
102926,102,02/25/2026,P
103203,101,02/25/2026,P
103366,101,02/25/2026,P
104213,102,02/25/2026,P
104812,101,02/25/2026,A
105001,102,02/25/2026,P
105290,102,02/25/2026,P
105443,101,02/25/2026,P
105533,101,02/25/2026,P
105876,102,02/25/2026,P
105943,101,02/25/2026,P
106040,102,02/25/2026,P
106334,101,02/25/2026,P
106425,102,02/25/2026,P
106447,101,02/25/2026,P
106722,101,02/25/2026,P
106726,102,02/25/2026,P
106955,102,02/25/2026,P
107257,102,02/25/2026,P
107631,101,02/25/2026,P
107806,101,02/25/2026,P
107917,101,02/25/2026,P
107954,101,02/25/2026,P
107996,102,02/25/2026,P
108454,101,02/25/2026,P
108599,101,02/25/2026,P
108838,102,02/25/2026,P
108870,101,02/25/2026,P
109233,102,02/25/2026,P
109333,101,02/25/2026,P
109591,102,02/25/2026,P
109734,101,02/25/2026,P
109820,101,02/25/2026,A
110142,102,02/25/2026,P
110493,102,02/25/2026,P
111996,102,02/25/2026,P
112752,101,02/25/2026,P
112890,102,02/25/2026,P
113028,101,02/25/2026,P
113096,101,02/25/2026,E
113273,102,02/25/2026,T
113777,102,02/25/2026,A
114609,101,02/25/2026,E
114633,102,02/25/2026,P
114714,101,02/25/2026,P
115724,102,02/25/2026,P
116242,102,02/25/2026,P
116449,101,02/25/2026,P
116483,101,02/25/2026,P
116950,102,02/25/2026,P
116962,101,02/25/2026,P
117046,101,02/25/2026,P
117463,102,02/25/2026,P
117598,102,02/25/2026,P
117631,101,02/25/2026,P
118824,101,02/25/2026,P
118848,101,02/25/2026,P
119009,101,02/25/2026,P
119050,102,02/25/2026,P
119144,102,02/25/2026,P
119292,102,02/25/2026,P
119901,101,02/25/2026,P
120054,101,02/25/2026,P
120160,101,02/25/2026,P
120250,101,02/25/2026,P
120541,102,02/25/2026,P
120593,102,02/25/2026,P
120752,101,02/25/2026,P
120937,102,02/25/2026,P
121367,102,02/25/2026,T
121480,101,02/25/2026,P
122308,101,02/25/2026,P
122742,101,02/25/2026,P
122784,102,02/25/2026,P
123160,102,02/25/2026,P
123372,101,02/25/2026,P
123412,101,02/25/2026,P
123588,101,02/25/2026,P
123825,101,02/25/2026,P
124172,101,02/25/2026,T
124256,101,02/25/2026,P
124641,101,02/25/2026,P
124664,101,02/25/2026,P
125516,102,02/25/2026,P
125585,102,02/25/2026,P
126032,101,02/25/2026,P
126093,102,02/25/2026,P
126134,101,02/25/2026,P
126342,101,02/25/2026,P
126350,102,02/25/2026,P
126955,101,02/25/2026,P
127003,102,02/25/2026,P
127379,101,02/25/2026,p
127522,102,02/25/2026,P
127565,102,02/25/2026,P
127670,102,02/25/2026,P
127881,102,02/25/2026,P
128141,102,02/25/2026,P
128381,102,02/25/2026,P
128457,101,02/25/2026,P
128734,101,02/25/2026,P
128907,101,02/25/2026,P
129451,102,02/25/2026,P
129468,102,02/25/2026,P
129500,101,02/25/2026,P
129571,102,02/25/2026,T
129682,101,02/25/2026,P
129936,101,02/25/2026,P
129979,102,02/25/2026,T
129992,101,02/25/2026,P
130030,101,02/25/2026,P
130216,101,02/25/2026,A
130582,101,02/25/2026,P
130762,101,02/25/2026,P
130804,102,02/25/2026,P
130997,102,02/25/2026,P
131196,102,02/25/2026,P
131384,102,02/25/2026,P
131401,101,02/25/2026,A
131595,102,02/25/2026,P
131822,101,02/25/2026,P
132081,102,02/25/2026,P
132131,101,02/25/2026,P
132171,102,02/25/2026,p
132180,102,02/25/2026,P
132242,101,02/25/2026,P
132581,102,02/25/2026,P
132608,101,02/25/2026,P
132664,102,02/25/2026,P
132666,101,02/25/2026,E
132892,101,02/25/2026,P
132932,102,02/25/2026,A
133077,102,02/25/2026,P
133184,101,02/25/2026,E
133272,102,02/25/2026,P
133448,102,02/25/2026,P
133506,101,02/25/2026,P
133542,102,02/25/2026,P
133616,102,02/25/2026,T
133658,101,02/25/2026,P
133762,101,02/25/2026,T
133946,101,02/25/2026,P
134080,101,02/25/2026,P
134268,102,02/25/2026,P
134289,102,02/25/2026,P
134383,101,02/25/2026,P
135262,102,02/25/2026,P
135758,101,02/25/2026,P
135769,101,02/25/2026,P
135812,102,02/25/2026,P
135821,102,02/25/2026,P
135901,101,02/25/2026,P
135923,101,02/25/2026,P
136336,102,02/25/2026,P
136474,101,02/25/2026,P
136533,101,02/25/2026,P
136558,102,02/25/2026,P
136686,102,02/25/2026,P
136962,101,02/25/2026,P
137523,102,02/25/2026,P
137636,101,02/25/2026,P
137717,102,02/25/2026,P
137842,102,02/25/2026,P
138052,102,02/25/2026,P
138211,102,02/25/2026,P
138406,102,02/25/2026,P
138438,102,02/25/2026,P
138530,101,02/25/2026,P
139142,101,02/25/2026,P
139199,101,02/25/2026,P
139332,102,02/25/2026,P
139389,102,02/25/2026,P
139985,102,02/25/2026,P
100014,101,02/26/2026,P
100166,102,02/26/2026,P
100336,101,02/26/2026,P
100607,102,02/26/2026,P
100752,102,02/26/2026,P
100919,102,02/26/2026,P
100926,101,02/26/2026,P
101621,101,02/26/2026,P
101663,101,02/26/2026,P
101676,101,02/26/2026,P
101690,102,02/26/2026,P
102169,102,02/26/2026,P
102203,101,02/26/2026,P
102926,102,02/26/2026,P
103203,101,02/26/2026,P
103366,101,02/26/2026,E
104213,102,02/26/2026,P
104812,101,02/26/2026,E
105001,102,02/26/2026,P
105290,102,02/26/2026,P
105443,101,02/26/2026,P
105533,101,02/26/2026,P
105876,102,02/26/2026,A
105943,101,02/26/2026,A
106040,102,02/26/2026,P
106334,101,02/26/2026,P
106425,102,02/26/2026,P
106447,101,02/26/2026,P
106722,101,02/26/2026,P
106726,102,02/26/2026,P
106955,102,02/26/2026,P
107257,102,02/26/2026,P
107631,101,02/26/2026,P
107806,101,02/26/2026,P
107917,101,02/26/2026,E
107954,101,02/26/2026,P
107996,102,02/26/2026,p
108454,101,02/26/2026,P
108599,101,02/26/2026,P
108838,102,02/26/2026,P
108870,101,02/26/2026,P
109233,102,02/26/2026,P
109333,101,02/26/2026,P
109591,102,02/26/2026,P
109734,101,02/26/2026,P
109820,101,02/26/2026,P
110142,102,02/26/2026,P
110493,102,02/26/2026,T
111996,102,02/26/2026,P
112752,101,02/26/2026,P
112890,102,02/26/2026,P
113028,101,02/26/2026,P
113096,101,02/26/2026,P
113273,102,02/26/2026,P
113777,102,02/26/2026,P
114609,101,02/26/2026,P
114633,102,02/26/2026,P
114714,101,02/26/2026,P
115724,102,02/26/2026,P
116242,102,02/26/2026,P
116449,101,02/26/2026,P
116483,101,02/26/2026,E
116950,102,02/26/2026,A
116962,101,02/26/2026,P
117046,101,02/26/2026,P
117463,102,02/26/2026,P
117598,102,02/26/2026,P
117631,101,02/26/2026,S
118824,101,02/26/2026,P
118848,101,02/26/2026,P
119009,101,02/26/2026,P
119050,102,02/26/2026,P
119144,102,02/26/2026,P
119292,102,02/26/2026,P
119901,101,02/26/2026,p
120054,101,02/26/2026,P
120160,101,02/26/2026,P
120250,101,02/26/2026,P
120541,102,02/26/2026,P
120593,102,02/26/2026,P
120752,101,02/26/2026,P
120937,102,02/26/2026,P
121367,102,02/26/2026,P
121480,101,02/26/2026,P
122308,101,02/26/2026,E
122742,101,02/26/2026,P
122784,102,02/26/2026,P
123160,102,02/26/2026,P
123372,101,02/26/2026,P
123412,101,02/26/2026,E
123588,101,02/26/2026,T
123825,101,02/26/2026,P
124172,101,02/26/2026,P
124256,101,02/26/2026,T
124641,101,02/26/2026,P
124664,101,02/26/2026,P
125516,102,02/26/2026,P
125585,102,02/26/2026,E
126032,101,02/26/2026,P
126093,102,02/26/2026,E
126134,101,02/26/2026,P
126342,101,02/26/2026,P
126350,102,02/26/2026,P
126955,101,02/26/2026,A
127003,102,02/26/2026,P
127379,101,02/26/2026,P
127522,102,02/26/2026,P
127565,102,02/26/2026,P
127670,102,02/26/2026,P
127881,102,02/26/2026,P
128141,102,02/26/2026,P
128381,102,02/26/2026,P
128457,101,02/26/2026,P
128734,101,02/26/2026,P
128907,101,02/26/2026,P
129451,102,02/26/2026,P
129468,102,02/26/2026,P
129500,101,02/26/2026,P
129571,102,02/26/2026,P
129682,101,02/26/2026,P
129936,101,02/26/2026,P
129979,102,02/26/2026,P
129992,101,02/26/2026,P
130030,101,02/26/2026,A
130216,101,02/26/2026,P
130582,101,02/26/2026,P
130762,101,02/26/2026,P
130804,102,02/26/2026,P
130997,102,02/26/2026,P
131196,102,02/26/2026,T
131384,102,02/26/2026,p
131401,101,02/26/2026,P
131595,102,02/26/2026,P
131822,101,02/26/2026,P
132081,102,02/26/2026,P
132131,101,02/26/2026,P
132171,102,02/26/2026,P
132180,102,02/26/2026,P
132242,101,02/26/2026,T
132581,102,02/26/2026,P
132608,101,02/26/2026,P
132664,102,02/26/2026,P
132666,101,02/26/2026,P
132892,101,02/26/2026,P
132932,102,02/26/2026,A
133077,102,02/26/2026,P
133184,101,02/26/2026,P
133272,102,02/26/2026,P
133448,102,02/26/2026,P
133506,101,02/26/2026,P
133542,102,02/26/2026,P
133616,102,02/26/2026,P
133658,101,02/26/2026,P
133762,101,02/26/2026,P
133946,101,02/26/2026,P
134080,101,02/26/2026,P
134268,102,02/26/2026,A
134289,102,02/26/2026,P
134383,101,02/26/2026,P
135262,102,02/26/2026,P
135758,101,02/26/2026,P
135769,101,02/26/2026,P
135812,102,02/26/2026,P
135821,102,02/26/2026,P
135901,101,02/26/2026,A
135923,101,02/26/2026,P
136336,102,02/26/2026,P
136474,101,02/26/2026,P
136533,101,02/26/2026,P
136558,102,02/26/2026,P
136686,102,02/26/2026,A
136962,101,02/26/2026,P
137523,102,02/26/2026,P
137636,101,02/26/2026,P
137717,102,02/26/2026,P
137842,102,02/26/2026,P
138052,102,02/26/2026,T
138211,102,02/26/2026,P
138406,102,02/26/2026,P
138438,102,02/26/2026,P
138530,101,02/26/2026,P
139142,101,02/26/2026,P
139199,101,02/26/2026,P
139332,102,02/26/2026,P
139389,102,02/26/2026,E
139985,102,02/26/2026,P
100014,101,02/27/2026,P
100166,102,02/27/2026,P
100336,101,02/27/2026,P
100607,102,02/27/2026,P
100752,102,02/27/2026,P
100919,102,02/27/2026,P
100926,101,02/27/2026,P
101621,101,02/27/2026,P
101663,101,02/27/2026,T
101676,101,02/27/2026,P
101690,102,02/27/2026,P
102169,102,02/27/2026,P
102203,101,02/27/2026,P
102926,102,02/27/2026,P
103203,101,02/27/2026,P
103366,101,02/27/2026,P
104213,102,02/27/2026,P
104812,101,02/27/2026,P
105001,102,02/27/2026,P
105290,102,02/27/2026,P
105443,101,02/27/2026,P
105533,101,02/27/2026,P
105876,102,02/27/2026,P
105943,101,02/27/2026,P
106040,102,02/27/2026,P
106334,101,02/27/2026,P
106425,102,02/27/2026,P
106447,101,02/27/2026,P
106722,101,02/27/2026,P
106726,102,02/27/2026,P
106955,102,02/27/2026,P
107257,102,02/27/2026,P
107631,101,02/27/2026,P
107806,101,02/27/2026,P
107917,101,02/27/2026,P
107954,101,02/27/2026,P
107996,102,02/27/2026,P
108454,101,02/27/2026,S
108599,101,02/27/2026,P
108838,102,02/27/2026,T
108870,101,02/27/2026,P
109233,102,02/27/2026,P
109333,101,02/27/2026,P
109591,102,02/27/2026,P
109734,101,02/27/2026,P
109820,101,02/27/2026,P
110142,102,02/27/2026,P
110493,102,02/27/2026,P
111996,102,02/27/2026,P
112752,101,02/27/2026,P
112890,102,02/27/2026,P
113028,101,02/27/2026,P
113096,101,02/27/2026,A
113273,102,02/27/2026,P
113777,102,02/27/2026,P
114609,101,02/27/2026,P
114633,102,02/27/2026,P
114714,101,02/27/2026,P
115724,102,02/27/2026,T
116242,102,02/27/2026,P
116449,101,02/27/2026,P
116483,101,02/27/2026,P
116950,102,02/27/2026,P
116962,101,02/27/2026,P
117046,101,02/27/2026,P
117463,102,02/27/2026,P
117598,102,02/27/2026,P
117631,101,02/27/2026,P
118824,101,02/27/2026,P
118848,101,02/27/2026,P
119009,101,02/27/2026,P
119050,102,02/27/2026,P
119144,102,02/27/2026,P
119292,102,02/27/2026,P
119901,101,02/27/2026,P
120054,101,02/27/2026,P
120160,101,02/27/2026,p
120250,101,02/27/2026,P
120541,102,02/27/2026,P
120593,102,02/27/2026,P
120752,101,02/27/2026,P
120937,102,02/27/2026,P
121367,102,02/27/2026,T
121480,101,02/27/2026,P
122308,101,02/27/2026,P
122742,101,02/27/2026,P
122784,102,02/27/2026,P
123160,102,02/27/2026,P
123372,101,02/27/2026,P
123412,101,02/27/2026,P
123588,101,02/27/2026,P
123825,101,02/27/2026,P
124172,101,02/27/2026,P
124256,101,02/27/2026,P
124641,101,02/27/2026,P
124664,101,02/27/2026,P
125516,102,02/27/2026,P
125585,102,02/27/2026,P
126032,101,02/27/2026,P
126093,102,02/27/2026,P
126134,101,02/27/2026,P
126342,101,02/27/2026,P
126350,102,02/27/2026,P
126955,101,02/27/2026,P
127003,102,02/27/2026,P
127379,101,02/27/2026,P
127522,102,02/27/2026,P
127565,102,02/27/2026,P
127670,102,02/27/2026,P
127881,102,02/27/2026,P
128141,102,02/27/2026,P
128381,102,02/27/2026,P
128457,101,02/27/2026,T
128734,101,02/27/2026,P
128907,101,02/27/2026,P
129451,102,02/27/2026,P
129468,102,02/27/2026,P
129500,101,02/27/2026,P
129571,102,02/27/2026,P
129682,101,02/27/2026,P
129936,101,02/27/2026,P
129979,102,02/27/2026,P
129992,101,02/27/2026,P
130030,101,02/27/2026,P
130216,101,02/27/2026,E
130582,101,02/27/2026,P
130762,101,02/27/2026,P
130804,102,02/27/2026,P
130997,102,02/27/2026,P
131196,102,02/27/2026,P
131384,102,02/27/2026,T
131401,101,02/27/2026,P
131595,102,02/27/2026,P
131822,101,02/27/2026,P
132081,102,02/27/2026,P
132131,101,02/27/2026,P
132171,102,02/27/2026,T
132180,102,02/27/2026,A
132242,101,02/27/2026,P
132581,102,02/27/2026,P
132608,101,02/27/2026,P
132664,102,02/27/2026,P
132666,101,02/27/2026,P
132892,101,02/27/2026,P
132932,102,02/27/2026,P
133077,102,02/27/2026,P
133184,101,02/27/2026,P
133272,102,02/27/2026,P
133448,102,02/27/2026,P
133506,101,02/27/2026,P
133542,102,02/27/2026,P
133616,102,02/27/2026,P
133658,101,02/27/2026,P
133762,101,02/27/2026,P
133946,101,02/27/2026,P
134080,101,02/27/2026,P
134268,102,02/27/2026,P
134289,102,02/27/2026,T
134383,101,02/27/2026,P
135262,102,02/27/2026,P
135758,101,02/27/2026,P
135769,101,02/27/2026,P
135812,102,02/27/2026,P
135821,102,02/27/2026,P
135901,101,02/27/2026,P
135923,101,02/27/2026,P
136336,102,02/27/2026,P
136474,101,02/27/2026,P
136533,101,02/27/2026,P
136558,102,02/27/2026,P
136686,102,02/27/2026,P
136962,101,02/27/2026,P
137523,102,02/27/2026,P
137636,101,02/27/2026,P
137717,102,02/27/2026,T
137842,102,02/27/2026,P
138052,102,02/27/2026,P
138211,102,02/27/2026,P
138406,102,02/27/2026,P
138438,102,02/27/2026,P
138530,101,02/27/2026,A
139142,101,02/27/2026,P
139199,101,02/27/2026,P
139332,102,02/27/2026,P
139389,102,02/27/2026,P
139985,102,02/27/2026,P
100014,101,03/02/2026,P
100166,102,03/02/2026,P
100336,101,03/02/2026,P
100607,102,03/02/2026,P
100752,102,03/02/2026,P
100919,102,03/02/2026,A
100926,101,03/02/2026,T
101621,101,03/02/2026,P
101663,101,03/02/2026,P
101676,101,03/02/2026,P
101690,102,03/02/2026,P
102169,102,03/02/2026,P
102203,101,03/02/2026,T
102926,102,03/02/2026,P
103203,101,03/02/2026,P
103366,101,03/02/2026,P
104213,102,03/02/2026,P
104812,101,03/02/2026,P
105001,102,03/02/2026,T
105290,102,03/02/2026,T
105443,101,03/02/2026,P
105533,101,03/02/2026,P
105876,102,03/02/2026,P
105943,101,03/02/2026,P
106040,102,03/02/2026,P
106334,101,03/02/2026,P
106425,102,03/02/2026,P
106447,101,03/02/2026,P
106722,101,03/02/2026,P
106726,102,03/02/2026,P
106955,102,03/02/2026,P
107257,102,03/02/2026,P
107631,101,03/02/2026,P
107806,101,03/02/2026,P
107917,101,03/02/2026,P
107954,101,03/02/2026,P
107996,102,03/02/2026,P
108454,101,03/02/2026,P
108599,101,03/02/2026,P
108838,102,03/02/2026,P
108870,101,03/02/2026,P
109233,102,03/02/2026,P
109333,101,03/02/2026,P
109591,102,03/02/2026,P
109734,101,03/02/2026,P
109820,101,03/02/2026,P
110142,102,03/02/2026,P
110493,102,03/02/2026,P
111996,102,03/02/2026,E
112752,101,03/02/2026,P
112890,102,03/02/2026,P
113028,101,03/02/2026,P
113096,101,03/02/2026,E
113273,102,03/02/2026,P
113777,102,03/02/2026,T
114609,101,03/02/2026,P
114633,102,03/02/2026,P
114714,101,03/02/2026,P
115724,102,03/02/2026,P
116242,102,03/02/2026,p
116449,101,03/02/2026,P
116483,101,03/02/2026,P
116950,102,03/02/2026,P
116962,101,03/02/2026,P
117046,101,03/02/2026,P
117463,102,03/02/2026,P
117598,102,03/02/2026,P
117631,101,03/02/2026,P
118824,101,03/02/2026,P
118848,101,03/02/2026,P
119009,101,03/02/2026,P
119050,102,03/02/2026,P
119144,102,03/02/2026,P
119292,102,03/02/2026,P
119901,101,03/02/2026,P
120054,101,03/02/2026,P
120160,101,03/02/2026,P
120250,101,03/02/2026,A
120541,102,03/02/2026,P
120593,102,03/02/2026,P
120752,101,03/02/2026,P
120937,102,03/02/2026,P
121367,102,03/02/2026,P
121480,101,03/02/2026,P
122308,101,03/02/2026,P
122742,101,03/02/2026,P
122784,102,03/02/2026,P
123160,102,03/02/2026,P
123372,101,03/02/2026,P
123412,101,03/02/2026,P
123588,101,03/02/2026,P
123825,101,03/02/2026,P
124172,101,03/02/2026,P
124256,101,03/02/2026,P
124641,101,03/02/2026,P
124664,101,03/02/2026,P
125516,102,03/02/2026,P
125585,102,03/02/2026,P
126032,101,03/02/2026,P
126093,102,03/02/2026,P
126134,101,03/02/2026,P
126342,101,03/02/2026,P
126350,102,03/02/2026,P
126955,101,03/02/2026,P
127003,102,03/02/2026,P
127379,101,03/02/2026,P
127522,102,03/02/2026,P
127565,102,03/02/2026,P
127670,102,03/02/2026,P
127881,102,03/02/2026,P
128141,102,03/02/2026,P
128381,102,03/02/2026,P
128457,101,03/02/2026,P
128734,101,03/02/2026,P
128907,101,03/02/2026,P
129451,102,03/02/2026,P
129468,102,03/02/2026,E
129500,101,03/02/2026,P
129571,102,03/02/2026,P
129682,101,03/02/2026,P
129936,101,03/02/2026,P
129979,102,03/02/2026,P
129992,101,03/02/2026,P
130030,101,03/02/2026,E
130216,101,03/02/2026,P
130582,101,03/02/2026,P
130762,101,03/02/2026,P
130804,102,03/02/2026,P
130997,102,03/02/2026,P
131196,102,03/02/2026,P
131384,102,03/02/2026,P
131401,101,03/02/2026,P
131595,102,03/02/2026,P
131822,101,03/02/2026,P
132081,102,03/02/2026,P
132131,101,03/02/2026,P
132171,102,03/02/2026,P
132180,102,03/02/2026,T
132242,101,03/02/2026,E
132581,102,03/02/2026,P
132608,101,03/02/2026,P
132664,102,03/02/2026,P
132666,101,03/02/2026,P
132892,101,03/02/2026,P
132932,102,03/02/2026,P
133077,102,03/02/2026,P
133184,101,03/02/2026,P
133272,102,03/02/2026,P
133448,102,03/02/2026,P
133506,101,03/02/2026,P
133542,102,03/02/2026,P
133616,102,03/02/2026,P
133658,101,03/02/2026,P
133762,101,03/02/2026,P
133946,101,03/02/2026,P
134080,101,03/02/2026,P
134268,102,03/02/2026,P
134289,102,03/02/2026,P
134383,101,03/02/2026,E
135262,102,03/02/2026,P
135758,101,03/02/2026,P
135769,101,03/02/2026,P
135812,102,03/02/2026,P
135821,102,03/02/2026,P
135901,101,03/02/2026,T
135923,101,03/02/2026,P
136336,102,03/02/2026,P
136474,101,03/02/2026,P
136533,101,03/02/2026,P
136558,102,03/02/2026,P
136686,102,03/02/2026,P
136962,101,03/02/2026,P
137523,102,03/02/2026,P
137636,101,03/02/2026,P
137717,102,03/02/2026,P
137842,102,03/02/2026,P
138052,102,03/02/2026,P
138211,102,03/02/2026,P
138406,102,03/02/2026,E
138438,102,03/02/2026,P
138530,101,03/02/2026,P
139142,101,03/02/2026,P
139199,101,03/02/2026,P
139332,102,03/02/2026,P
139389,102,03/02/2026,P
139985,102,03/02/2026,T
100014,101,03/03/2026,P
100166,102,03/03/2026,P
100336,101,03/03/2026,A
100607,102,03/03/2026,P
100752,102,03/03/2026,P
100919,102,03/03/2026,E
100926,101,03/03/2026,P
101621,101,03/03/2026,P
101663,101,03/03/2026,P
101676,101,03/03/2026,P
101690,102,03/03/2026,P
102169,102,03/03/2026,P
102203,101,03/03/2026,P
102926,102,03/03/2026,P
103203,101,03/03/2026,P
103366,101,03/03/2026,S
104213,102,03/03/2026,P
104812,101,03/03/2026,E
105001,102,03/03/2026,P
105290,102,03/03/2026,P
105443,101,03/03/2026,P
105533,101,03/03/2026,P
105876,102,03/03/2026,P
105943,101,03/03/2026,P
106040,102,03/03/2026,P
106334,101,03/03/2026,T
106425,102,03/03/2026,P
106447,101,03/03/2026,P
106722,101,03/03/2026,P
106726,102,03/03/2026,P
106955,102,03/03/2026,P
107257,102,03/03/2026,P
107631,101,03/03/2026,P
107806,101,03/03/2026,P
107917,101,03/03/2026,P
107954,101,03/03/2026,P
107996,102,03/03/2026,P
108454,101,03/03/2026,P
108599,101,03/03/2026,T
108838,102,03/03/2026,T
108870,101,03/03/2026,P
109233,102,03/03/2026,T
109333,101,03/03/2026,P
109591,102,03/03/2026,P
109734,101,03/03/2026,P
109820,101,03/03/2026,P
110142,102,03/03/2026,P
110493,102,03/03/2026,P
111996,102,03/03/2026,P
112752,101,03/03/2026,P
112890,102,03/03/2026,P
113028,101,03/03/2026,P
113096,101,03/03/2026,A
113273,102,03/03/2026,P
113777,102,03/03/2026,P
114609,101,03/03/2026,E
114633,102,03/03/2026,P
114714,101,03/03/2026,P
115724,102,03/03/2026,P
116242,102,03/03/2026,p
116449,101,03/03/2026,P
116483,101,03/03/2026,P
116950,102,03/03/2026,T
116962,101,03/03/2026,P
117046,101,03/03/2026,T
117463,102,03/03/2026,P
117598,102,03/03/2026,P
117631,101,03/03/2026,P
118824,101,03/03/2026,P
118848,101,03/03/2026,P
119009,101,03/03/2026,P
119050,102,03/03/2026,P
119144,102,03/03/2026,P
119292,102,03/03/2026,P
119901,101,03/03/2026,P
120054,101,03/03/2026,P
120160,101,03/03/2026,P
120250,101,03/03/2026,P
120541,102,03/03/2026,P
120593,102,03/03/2026,p
120752,101,03/03/2026,P
120937,102,03/03/2026,P
121367,102,03/03/2026,P
121480,101,03/03/2026,P
122308,101,03/03/2026,P
122742,101,03/03/2026,P
122784,102,03/03/2026,P
123160,102,03/03/2026,P
123372,101,03/03/2026,P
123412,101,03/03/2026,P
123588,101,03/03/2026,P
123825,101,03/03/2026,P
124172,101,03/03/2026,T
124256,101,03/03/2026,P
124641,101,03/03/2026,P
124664,101,03/03/2026,P
125516,102,03/03/2026,P
125585,102,03/03/2026,T
126032,101,03/03/2026,P
126093,102,03/03/2026,P
126134,101,03/03/2026,P
126342,101,03/03/2026,P
126350,102,03/03/2026,P
126955,101,03/03/2026,A
127003,102,03/03/2026,P
127379,101,03/03/2026,P
127522,102,03/03/2026,P
127565,102,03/03/2026,P
127670,102,03/03/2026,P
127881,102,03/03/2026,P
128141,102,03/03/2026,P
128381,102,03/03/2026,P
128457,101,03/03/2026,P
128734,101,03/03/2026,T
128907,101,03/03/2026,P
129451,102,03/03/2026,T
129468,102,03/03/2026,P
129500,101,03/03/2026,P
129571,102,03/03/2026,P
129682,101,03/03/2026,P
129936,101,03/03/2026,P
129979,102,03/03/2026,P
129992,101,03/03/2026,P
130030,101,03/03/2026,P
130216,101,03/03/2026,P
130582,101,03/03/2026,P
130762,101,03/03/2026,P
130804,102,03/03/2026,p
130997,102,03/03/2026,P
131196,102,03/03/2026,P
131384,102,03/03/2026,P
131401,101,03/03/2026,P
131595,102,03/03/2026,P
131822,101,03/03/2026,P
132081,102,03/03/2026,P
132131,101,03/03/2026,P
132171,102,03/03/2026,P
132180,102,03/03/2026,P
132242,101,03/03/2026,A
132581,102,03/03/2026,P
132608,101,03/03/2026,P
132664,102,03/03/2026,P
132666,101,03/03/2026,P
132892,101,03/03/2026,P
132932,102,03/03/2026,E
133077,102,03/03/2026,P
133184,101,03/03/2026,P
133272,102,03/03/2026,P
133448,102,03/03/2026,P
133506,101,03/03/2026,P
133542,102,03/03/2026,P
133616,102,03/03/2026,P
133658,101,03/03/2026,T
133762,101,03/03/2026,A
133946,101,03/03/2026,P
134080,101,03/03/2026,P
134268,102,03/03/2026,P
134289,102,03/03/2026,P
134383,101,03/03/2026,P
135262,102,03/03/2026,P
135758,101,03/03/2026,A
135769,101,03/03/2026,P
135812,102,03/03/2026,P
135821,102,03/03/2026,P
135901,101,03/03/2026,P
135923,101,03/03/2026,P
136336,102,03/03/2026,P
136474,101,03/03/2026,T
136533,101,03/03/2026,P
136558,102,03/03/2026,P
136686,102,03/03/2026,P
136962,101,03/03/2026,P
137523,102,03/03/2026,P
137636,101,03/03/2026,P
137717,102,03/03/2026,P
137842,102,03/03/2026,P
138052,102,03/03/2026,P
138211,102,03/03/2026,P
138406,102,03/03/2026,P
138438,102,03/03/2026,P
138530,101,03/03/2026,P
139142,101,03/03/2026,P
139199,101,03/03/2026,P
139332,102,03/03/2026,P
139389,102,03/03/2026,P
139985,102,03/03/2026,P
100014,101,03/04/2026,P
100166,102,03/04/2026,P
100336,101,03/04/2026,P
100607,102,03/04/2026,P
100752,102,03/04/2026,P
100919,102,03/04/2026,P
100926,101,03/04/2026,P
101621,101,03/04/2026,P
101663,101,03/04/2026,P
101676,101,03/04/2026,P
101690,102,03/04/2026,P
102169,102,03/04/2026,P
102203,101,03/04/2026,p
102926,102,03/04/2026,P
103203,101,03/04/2026,P
103366,101,03/04/2026,P
104213,102,03/04/2026,P
104812,101,03/04/2026,P
105001,102,03/04/2026,P
105290,102,03/04/2026,P
105443,101,03/04/2026,P
105533,101,03/04/2026,T
105876,102,03/04/2026,P
105943,101,03/04/2026,P
106040,102,03/04/2026,P
106334,101,03/04/2026,P
106425,102,03/04/2026,P
106447,101,03/04/2026,T
106722,101,03/04/2026,P
106726,102,03/04/2026,P
106955,102,03/04/2026,P
107257,102,03/04/2026,P
107631,101,03/04/2026,P
107806,101,03/04/2026,P
107917,101,03/04/2026,P
107954,101,03/04/2026,P
107996,102,03/04/2026,P
108454,101,03/04/2026,P
108599,101,03/04/2026,P
108838,102,03/04/2026,P
108870,101,03/04/2026,E
109233,102,03/04/2026,P
109333,101,03/04/2026,P
109591,102,03/04/2026,P
109734,101,03/04/2026,P
109820,101,03/04/2026,P
110142,102,03/04/2026,P
110493,102,03/04/2026,A
111996,102,03/04/2026,A
112752,101,03/04/2026,P
112890,102,03/04/2026,P
113028,101,03/04/2026,P
113096,101,03/04/2026,P
113273,102,03/04/2026,T
113777,102,03/04/2026,P
114609,101,03/04/2026,E
114633,102,03/04/2026,A
114714,101,03/04/2026,P
115724,102,03/04/2026,P
116242,102,03/04/2026,P
116449,101,03/04/2026,P
116483,101,03/04/2026,P
116950,102,03/04/2026,P
116962,101,03/04/2026,P
117046,101,03/04/2026,P
117463,102,03/04/2026,P
117598,102,03/04/2026,P
117631,101,03/04/2026,P
118824,101,03/04/2026,P
118848,101,03/04/2026,P
119009,101,03/04/2026,P
119050,102,03/04/2026,P
119144,102,03/04/2026,T
119292,102,03/04/2026,P
119901,101,03/04/2026,P
120054,101,03/04/2026,P
120160,101,03/04/2026,P
120250,101,03/04/2026,P
120541,102,03/04/2026,P
120593,102,03/04/2026,P
120752,101,03/04/2026,P
120937,102,03/04/2026,P
121367,102,03/04/2026,P
121480,101,03/04/2026,P
122308,101,03/04/2026,P
122742,101,03/04/2026,P
122784,102,03/04/2026,A
123160,102,03/04/2026,P
123372,101,03/04/2026,P
123412,101,03/04/2026,P
123588,101,03/04/2026,P
123825,101,03/04/2026,P
124172,101,03/04/2026,P
124256,101,03/04/2026,P
124641,101,03/04/2026,P
124664,101,03/04/2026,P
125516,102,03/04/2026,P
125585,102,03/04/2026,P
126032,101,03/04/2026,P
126093,102,03/04/2026,P
126134,101,03/04/2026,P
126342,101,03/04/2026,P
126350,102,03/04/2026,P
126955,101,03/04/2026,P
127003,102,03/04/2026,P
127379,101,03/04/2026,P
127522,102,03/04/2026,P
127565,102,03/04/2026,P
127670,102,03/04/2026,P
127881,102,03/04/2026,T
128141,102,03/04/2026,P
128381,102,03/04/2026,T
128457,101,03/04/2026,P
128734,101,03/04/2026,P
128907,101,03/04/2026,P
129451,102,03/04/2026,S
129468,102,03/04/2026,P
129571,102,03/04/2026,P
129682,101,03/04/2026,P
129936,101,03/04/2026,P
129979,102,03/04/2026,P
129992,101,03/04/2026,P
130030,101,03/04/2026,P
130216,101,03/04/2026,P
130582,101,03/04/2026,P
130762,101,03/04/2026,P
130804,102,03/04/2026,P
130997,102,03/04/2026,E
131196,102,03/04/2026,P
131384,102,03/04/2026,p
131401,101,03/04/2026,P
131595,102,03/04/2026,P
131822,101,03/04/2026,P
132081,102,03/04/2026,P
132131,101,03/04/2026,P
132171,102,03/04/2026,P
132180,102,03/04/2026,P
132242,101,03/04/2026,P
132581,102,03/04/2026,P
132608,101,03/04/2026,P
132664,102,03/04/2026,P
132666,101,03/04/2026,P
132892,101,03/04/2026,P
132932,102,03/04/2026,P
133077,102,03/04/2026,P
133184,101,03/04/2026,P
133272,102,03/04/2026,P
133448,102,03/04/2026,P
133506,101,03/04/2026,P
133542,102,03/04/2026,P
133616,102,03/04/2026,P
133658,101,03/04/2026,P
133762,101,03/04/2026,E
133946,101,03/04/2026,P
134080,101,03/04/2026,T
134268,102,03/04/2026,P
134289,102,03/04/2026,P
134383,101,03/04/2026,P
135262,102,03/04/2026,P
135758,101,03/04/2026,P
135769,101,03/04/2026,P
135812,102,03/04/2026,P
135821,102,03/04/2026,P
135901,101,03/04/2026,P
135923,101,03/04/2026,P
136336,102,03/04/2026,P
136474,101,03/04/2026,P
136533,101,03/04/2026,P
136558,102,03/04/2026,P
136686,102,03/04/2026,P
136962,101,03/04/2026,P
137523,102,03/04/2026,P
137636,101,03/04/2026,P
137717,102,03/04/2026,P
137842,102,03/04/2026,P
138052,102,03/04/2026,P
138211,102,03/04/2026,P
138406,102,03/04/2026,P
138438,102,03/04/2026,P
138530,101,03/04/2026,P
139142,101,03/04/2026,P
139199,101,03/04/2026,P
139332,102,03/04/2026,P
139389,102,03/04/2026,P
139985,102,03/04/2026,P
100014,101,03/05/2026,T
100166,102,03/05/2026,E
100336,101,03/05/2026,P
100607,102,03/05/2026,P
100752,102,03/05/2026,P
100919,102,03/05/2026,P
100926,101,03/05/2026,P
101621,101,03/05/2026,P
101663,101,03/05/2026,A
101676,101,03/05/2026,P
101690,102,03/05/2026,P
102169,102,03/05/2026,P
102203,101,03/05/2026,P
102926,102,03/05/2026,P
103203,101,03/05/2026,P
103366,101,03/05/2026,P
104213,102,03/05/2026,P
104812,101,03/05/2026,P
105001,102,03/05/2026,P
105290,102,03/05/2026,P
105443,101,03/05/2026,P
105533,101,03/05/2026,P
105876,102,03/05/2026,P
105943,101,03/05/2026,P
106040,102,03/05/2026,P
106334,101,03/05/2026,P
106425,102,03/05/2026,P
106447,101,03/05/2026,P
106722,101,03/05/2026,P
106726,102,03/05/2026,P
106955,102,03/05/2026,P
107257,102,03/05/2026,A
107631,101,03/05/2026,P
107806,101,03/05/2026,P
107917,101,03/05/2026,A
107954,101,03/05/2026,P
107996,102,03/05/2026,P
108454,101,03/05/2026,P
108599,101,03/05/2026,P
108838,102,03/05/2026,T
108870,101,03/05/2026,P
109233,102,03/05/2026,P
109333,101,03/05/2026,P
109591,102,03/05/2026,P
109734,101,03/05/2026,E
109820,101,03/05/2026,P
110142,102,03/05/2026,P
110493,102,03/05/2026,P
111996,102,03/05/2026,E
112752,101,03/05/2026,E
112890,102,03/05/2026,P
113028,101,03/05/2026,P
113096,101,03/05/2026,P
113273,102,03/05/2026,P
113777,102,03/05/2026,P
114609,101,03/05/2026,P
114633,102,03/05/2026,P
114714,101,03/05/2026,P
115724,102,03/05/2026,P
116242,102,03/05/2026,P
116449,101,03/05/2026,P
116483,101,03/05/2026,P
116950,102,03/05/2026,P
116962,101,03/05/2026,P
117046,101,03/05/2026,P
117463,102,03/05/2026,P
117598,102,03/05/2026,P
117631,101,03/05/2026,P
118824,101,03/05/2026,P
118848,101,03/05/2026,P
119009,101,03/05/2026,P
119050,102,03/05/2026,P
119144,102,03/05/2026,P
119292,102,03/05/2026,P
119901,101,03/05/2026,P
120054,101,03/05/2026,P
120160,101,03/05/2026,P
120250,101,03/05/2026,P
120541,102,03/05/2026,P
120593,102,03/05/2026,P
120752,101,03/05/2026,T
120937,102,03/05/2026,P
121367,102,03/05/2026,P
121480,101,03/05/2026,P
122308,101,03/05/2026,P
122742,101,03/05/2026,P
122784,102,03/05/2026,P
123160,102,03/05/2026,E
123372,101,03/05/2026,P
123412,101,03/05/2026,P
123588,101,03/05/2026,P
123825,101,03/05/2026,P
124172,101,03/05/2026,P
124256,101,03/05/2026,P
124641,101,03/05/2026,P
124664,101,03/05/2026,P
125516,102,03/05/2026,P
125585,102,03/05/2026,P
126032,101,03/05/2026,P
126093,102,03/05/2026,P
126134,101,03/05/2026,P
126342,101,03/05/2026,P
126350,102,03/05/2026,T
126955,101,03/05/2026,P
127003,102,03/05/2026,P
127379,101,03/05/2026,P
127522,102,03/05/2026,P
127565,102,03/05/2026,P
127670,102,03/05/2026,P
127881,102,03/05/2026,P
128141,102,03/05/2026,P
128381,102,03/05/2026,P
128457,101,03/05/2026,P
128734,101,03/05/2026,P
128907,101,03/05/2026,P
129451,102,03/05/2026,A
129468,102,03/05/2026,P
129571,102,03/05/2026,P
129682,101,03/05/2026,P
129936,101,03/05/2026,P
129979,102,03/05/2026,P
129992,101,03/05/2026,P
130030,101,03/05/2026,E
130216,101,03/05/2026,P
130582,101,03/05/2026,P
130762,101,03/05/2026,P
130804,102,03/05/2026,P
130997,102,03/05/2026,P
131196,102,03/05/2026,P
131384,102,03/05/2026,P
131401,101,03/05/2026,P
131595,102,03/05/2026,P
131822,101,03/05/2026,P
132081,102,03/05/2026,P
132131,101,03/05/2026,P
132171,102,03/05/2026,P
132180,102,03/05/2026,P
132242,101,03/05/2026,P
132581,102,03/05/2026,P
132608,101,03/05/2026,P
132664,102,03/05/2026,P
132666,101,03/05/2026,P
132892,101,03/05/2026,P
132932,102,03/05/2026,P
133077,102,03/05/2026,P
133184,101,03/05/2026,P
133272,102,03/05/2026,P
133448,102,03/05/2026,P
133506,101,03/05/2026,P
133542,102,03/05/2026,P
133616,102,03/05/2026,P
133658,101,03/05/2026,P
133762,101,03/05/2026,P
133946,101,03/05/2026,E
134080,101,03/05/2026,P
134268,102,03/05/2026,P
134289,102,03/05/2026,P
134383,101,03/05/2026,P
135262,102,03/05/2026,p
135758,101,03/05/2026,E
135769,101,03/05/2026,P
135812,102,03/05/2026,P
135821,102,03/05/2026,P
135901,101,03/05/2026,P
135923,101,03/05/2026,P
136336,102,03/05/2026,P
136474,101,03/05/2026,P
136533,101,03/05/2026,P
136558,102,03/05/2026,P
136686,102,03/05/2026,P
136962,101,03/05/2026,P
137523,102,03/05/2026,P
137636,101,03/05/2026,P
137717,102,03/05/2026,P
137842,102,03/05/2026,P
138052,102,03/05/2026,P
138211,102,03/05/2026,P
138406,102,03/05/2026,P
138438,102,03/05/2026,P
138530,101,03/05/2026,P
139142,101,03/05/2026,P
139199,101,03/05/2026,P
139332,102,03/05/2026,P
139389,102,03/05/2026,A
139985,102,03/05/2026,P
100014,101,03/06/2026,P
100166,102,03/06/2026,P
100336,101,03/06/2026,P
100607,102,03/06/2026,A
100752,102,03/06/2026,P
100919,102,03/06/2026,A
100926,101,03/06/2026,P
101621,101,03/06/2026,P
101663,101,03/06/2026,P
101676,101,03/06/2026,P
101690,102,03/06/2026,P
102169,102,03/06/2026,P
102203,101,03/06/2026,P
102926,102,03/06/2026,P
103203,101,03/06/2026,P
103366,101,03/06/2026,E
104213,102,03/06/2026,P
104812,101,03/06/2026,P
105001,102,03/06/2026,P
105290,102,03/06/2026,P
105443,101,03/06/2026,P
105533,101,03/06/2026,P
105876,102,03/06/2026,P
105943,101,03/06/2026,P
106040,102,03/06/2026,P
106334,101,03/06/2026,P
106425,102,03/06/2026,S
106447,101,03/06/2026,P
106722,101,03/06/2026,P
106726,102,03/06/2026,A
106955,102,03/06/2026,P
107257,102,03/06/2026,P
107631,101,03/06/2026,P
107806,101,03/06/2026,P
107917,101,03/06/2026,P
107954,101,03/06/2026,P
107996,102,03/06/2026,P
108454,101,03/06/2026,P
108599,101,03/06/2026,P
108838,102,03/06/2026,P
108870,101,03/06/2026,A
109233,102,03/06/2026,P
109333,101,03/06/2026,P
109591,102,03/06/2026,P
109734,101,03/06/2026,P
109820,101,03/06/2026,P
110142,102,03/06/2026,P
110493,102,03/06/2026,P
111996,102,03/06/2026,E
112752,101,03/06/2026,P
112890,102,03/06/2026,P
113028,101,03/06/2026,P
113096,101,03/06/2026,E
113273,102,03/06/2026,P
113777,102,03/06/2026,P
114609,101,03/06/2026,P
114633,102,03/06/2026,P
114714,101,03/06/2026,P
115724,102,03/06/2026,P
116242,102,03/06/2026,P
116449,101,03/06/2026,P
116483,101,03/06/2026,P
116950,102,03/06/2026,P
116962,101,03/06/2026,P
117046,101,03/06/2026,P
117463,102,03/06/2026,P
117598,102,03/06/2026,P
117631,101,03/06/2026,P
118824,101,03/06/2026,P
118848,101,03/06/2026,P
119009,101,03/06/2026,T
119050,102,03/06/2026,P
119144,102,03/06/2026,P
119292,102,03/06/2026,P
119901,101,03/06/2026,S
120054,101,03/06/2026,P
120160,101,03/06/2026,P
120250,101,03/06/2026,P
120541,102,03/06/2026,P
120593,102,03/06/2026,P
120752,101,03/06/2026,p
120937,102,03/06/2026,P
121367,102,03/06/2026,P
121480,101,03/06/2026,P
122308,101,03/06/2026,P
122742,101,03/06/2026,P
122784,102,03/06/2026,P
123160,102,03/06/2026,A
123372,101,03/06/2026,P
123412,101,03/06/2026,P
123588,101,03/06/2026,P
123825,101,03/06/2026,P
124172,101,03/06/2026,P
124256,101,03/06/2026,P
124641,101,03/06/2026,P
124664,101,03/06/2026,P
125516,102,03/06/2026,P
125585,102,03/06/2026,T
126032,101,03/06/2026,P
126093,102,03/06/2026,P
126134,101,03/06/2026,P
126342,101,03/06/2026,P
126350,102,03/06/2026,P
126955,101,03/06/2026,P
127003,102,03/06/2026,P
127379,101,03/06/2026,E
127522,102,03/06/2026,P
127565,102,03/06/2026,P
127670,102,03/06/2026,P
127881,102,03/06/2026,P
128141,102,03/06/2026,P
128381,102,03/06/2026,P
128457,101,03/06/2026,P
128734,101,03/06/2026,P
128907,101,03/06/2026,P
129451,102,03/06/2026,P
129468,102,03/06/2026,P
129571,102,03/06/2026,P
129682,101,03/06/2026,P
129936,101,03/06/2026,P
129979,102,03/06/2026,P
129992,101,03/06/2026,T
130030,101,03/06/2026,P
130216,101,03/06/2026,P
130582,101,03/06/2026,P
130762,101,03/06/2026,P
130804,102,03/06/2026,P
130997,102,03/06/2026,E
131196,102,03/06/2026,P
131384,102,03/06/2026,P
131401,101,03/06/2026,P
131595,102,03/06/2026,P
131822,101,03/06/2026,P
132081,102,03/06/2026,P
132131,101,03/06/2026,P
132171,102,03/06/2026,P
132180,102,03/06/2026,P
132242,101,03/06/2026,P
132581,102,03/06/2026,P
132608,101,03/06/2026,P
132664,102,03/06/2026,P
132666,101,03/06/2026,P
132892,101,03/06/2026,P
132932,102,03/06/2026,T
133077,102,03/06/2026,P
133184,101,03/06/2026,P
133272,102,03/06/2026,P
133448,102,03/06/2026,P
133506,101,03/06/2026,P
133542,102,03/06/2026,P
133616,102,03/06/2026,P
133658,101,03/06/2026,P
133762,101,03/06/2026,P
133946,101,03/06/2026,P
134080,101,03/06/2026,P
134268,102,03/06/2026,P
134289,102,03/06/2026,P
134383,101,03/06/2026,P
135262,102,03/06/2026,P
135758,101,03/06/2026,P
135769,101,03/06/2026,P
135812,102,03/06/2026,P
135821,102,03/06/2026,P
135901,101,03/06/2026,P
135923,101,03/06/2026,P
136336,102,03/06/2026,P
136474,101,03/06/2026,E
136533,101,03/06/2026,P
136558,102,03/06/2026,P
136686,102,03/06/2026,P
136962,101,03/06/2026,P
137523,102,03/06/2026,P
137636,101,03/06/2026,P
137717,102,03/06/2026,P
137842,102,03/06/2026,P
138052,102,03/06/2026,T
138211,102,03/06/2026,P
138406,102,03/06/2026,P
138438,102,03/06/2026,P
138530,101,03/06/2026,P
139142,101,03/06/2026,P
139199,101,03/06/2026,P
139332,102,03/06/2026,P
139389,102,03/06/2026,P
139985,102,03/06/2026,P
100014,101,03/09/2026,P
100166,102,03/09/2026,P
100336,101,03/09/2026,p
100607,102,03/09/2026,P
100752,102,03/09/2026,P
100919,102,03/09/2026,P
100926,101,03/09/2026,P
101621,101,03/09/2026,P
101663,101,03/09/2026,P
101676,101,03/09/2026,P
101690,102,03/09/2026,P
102169,102,03/09/2026,P
102203,101,03/09/2026,p
102926,102,03/09/2026,P
103203,101,03/09/2026,P
103366,101,03/09/2026,P
104213,102,03/09/2026,p
104812,101,03/09/2026,E
105001,102,03/09/2026,P
105290,102,03/09/2026,P
105443,101,03/09/2026,P
105533,101,03/09/2026,P
105876,102,03/09/2026,P
105943,101,03/09/2026,P
106040,102,03/09/2026,P
106334,101,03/09/2026,P
106425,102,03/09/2026,P
106447,101,03/09/2026,P
106722,101,03/09/2026,E
106726,102,03/09/2026,P
106955,102,03/09/2026,P
107257,102,03/09/2026,P
107631,101,03/09/2026,P
107806,101,03/09/2026,P
107917,101,03/09/2026,P
107954,101,03/09/2026,P
107996,102,03/09/2026,P
108454,101,03/09/2026,P
108599,101,03/09/2026,P
108838,102,03/09/2026,P
108870,101,03/09/2026,P
109233,102,03/09/2026,P
109333,101,03/09/2026,P
109591,102,03/09/2026,P
109734,101,03/09/2026,P
109820,101,03/09/2026,T
110142,102,03/09/2026,P
110493,102,03/09/2026,P
111996,102,03/09/2026,P
112752,101,03/09/2026,P
112890,102,03/09/2026,P
113028,101,03/09/2026,P
113096,101,03/09/2026,E
113273,102,03/09/2026,P
113777,102,03/09/2026,P
114609,101,03/09/2026,P
114633,102,03/09/2026,P
114714,101,03/09/2026,P
115724,102,03/09/2026,P
116242,102,03/09/2026,P
116449,101,03/09/2026,P
116483,101,03/09/2026,P
116950,102,03/09/2026,P
116962,101,03/09/2026,P
117046,101,03/09/2026,P
117463,102,03/09/2026,P
117598,102,03/09/2026,P
117631,101,03/09/2026,P
118824,101,03/09/2026,P
118848,101,03/09/2026,P
119009,101,03/09/2026,P
119050,102,03/09/2026,P
119144,102,03/09/2026,P
119292,102,03/09/2026,P
119901,101,03/09/2026,A
120054,101,03/09/2026,P
120160,101,03/09/2026,E
120250,101,03/09/2026,P
120541,102,03/09/2026,P
120593,102,03/09/2026,P
120752,101,03/09/2026,P
120937,102,03/09/2026,P
121367,102,03/09/2026,P
121480,101,03/09/2026,E
122308,101,03/09/2026,E
122742,101,03/09/2026,P
122784,102,03/09/2026,P
123160,102,03/09/2026,P
123372,101,03/09/2026,P
123412,101,03/09/2026,P
123588,101,03/09/2026,P
123825,101,03/09/2026,P
124172,101,03/09/2026,P
124256,101,03/09/2026,P
124641,101,03/09/2026,P
124664,101,03/09/2026,P
125516,102,03/09/2026,T
125585,102,03/09/2026,E
126032,101,03/09/2026,P
126093,102,03/09/2026,P
126134,101,03/09/2026,P
126342,101,03/09/2026,P
126350,102,03/09/2026,P
126955,101,03/09/2026,P
127003,102,03/09/2026,P
127379,101,03/09/2026,P
127522,102,03/09/2026,P
127565,102,03/09/2026,P
127670,102,03/09/2026,P
127881,102,03/09/2026,P
128141,102,03/09/2026,T
128381,102,03/09/2026,P
128457,101,03/09/2026,S
128734,101,03/09/2026,p
128907,101,03/09/2026,P
129451,102,03/09/2026,P
129468,102,03/09/2026,P
129571,102,03/09/2026,P
129682,101,03/09/2026,P
129936,101,03/09/2026,P
129979,102,03/09/2026,P
129992,101,03/09/2026,P
130030,101,03/09/2026,P
130216,101,03/09/2026,P
130582,101,03/09/2026,P
130762,101,03/09/2026,P
130804,102,03/09/2026,P
130997,102,03/09/2026,P
131196,102,03/09/2026,P
131384,102,03/09/2026,P
131401,101,03/09/2026,P
131595,102,03/09/2026,P
131822,101,03/09/2026,P
132081,102,03/09/2026,P
132131,101,03/09/2026,P
132171,102,03/09/2026,P
132180,102,03/09/2026,P
132242,101,03/09/2026,A
132581,102,03/09/2026,P
132608,101,03/09/2026,P
132664,102,03/09/2026,P
132666,101,03/09/2026,P
132892,101,03/09/2026,P
132932,102,03/09/2026,P
133077,102,03/09/2026,P
133184,101,03/09/2026,P
133272,102,03/09/2026,P
133448,102,03/09/2026,A
133506,101,03/09/2026,P
133542,102,03/09/2026,A
133616,102,03/09/2026,A
133658,101,03/09/2026,P
133762,101,03/09/2026,A
133946,101,03/09/2026,P
134080,101,03/09/2026,P
134268,102,03/09/2026,P
134289,102,03/09/2026,P
134383,101,03/09/2026,P
135262,102,03/09/2026,P
135758,101,03/09/2026,P
135769,101,03/09/2026,P
135812,102,03/09/2026,P
135821,102,03/09/2026,P
135901,101,03/09/2026,P
135923,101,03/09/2026,P
136336,102,03/09/2026,P
136474,101,03/09/2026,P
136533,101,03/09/2026,P
136558,102,03/09/2026,P
136686,102,03/09/2026,P
136962,101,03/09/2026,P
137523,102,03/09/2026,P
137636,101,03/09/2026,P
137717,102,03/09/2026,P
137842,102,03/09/2026,P
138052,102,03/09/2026,P
138211,102,03/09/2026,P
138406,102,03/09/2026,T
138438,102,03/09/2026,P
138530,101,03/09/2026,P
139142,101,03/09/2026,P
139199,101,03/09/2026,P
139332,102,03/09/2026,P
139389,102,03/09/2026,T
139985,102,03/09/2026,P
100014,101,03/10/2026,T
100166,102,03/10/2026,P
100336,101,03/10/2026,P
100607,102,03/10/2026,P
100752,102,03/10/2026,P
100919,102,03/10/2026,E
100926,101,03/10/2026,P
101621,101,03/10/2026,P
101663,101,03/10/2026,P
101676,101,03/10/2026,P
101690,102,03/10/2026,P
102169,102,03/10/2026,P
102203,101,03/10/2026,P
102926,102,03/10/2026,E
103203,101,03/10/2026,P
103366,101,03/10/2026,A
104213,102,03/10/2026,P
104812,101,03/10/2026,P
105001,102,03/10/2026,P
105290,102,03/10/2026,P
105443,101,03/10/2026,P
105533,101,03/10/2026,T
105876,102,03/10/2026,P
105943,101,03/10/2026,P
106040,102,03/10/2026,P
106334,101,03/10/2026,P
106425,102,03/10/2026,P
106447,101,03/10/2026,P
106722,101,03/10/2026,P
106726,102,03/10/2026,P
106955,102,03/10/2026,P
107257,102,03/10/2026,P
107631,101,03/10/2026,P
107806,101,03/10/2026,P
107917,101,03/10/2026,P
107954,101,03/10/2026,P
107996,102,03/10/2026,P
108454,101,03/10/2026,P
108599,101,03/10/2026,P
108838,102,03/10/2026,T
108870,101,03/10/2026,P
109233,102,03/10/2026,P
109333,101,03/10/2026,P
109591,102,03/10/2026,P
109734,101,03/10/2026,P
109820,101,03/10/2026,P
110142,102,03/10/2026,P
110493,102,03/10/2026,P
111996,102,03/10/2026,P
112752,101,03/10/2026,P
112890,102,03/10/2026,P
113028,101,03/10/2026,P
113096,101,03/10/2026,P
113273,102,03/10/2026,P
113777,102,03/10/2026,P
114609,101,03/10/2026,T
114633,102,03/10/2026,P
114714,101,03/10/2026,P
115724,102,03/10/2026,E
116242,102,03/10/2026,P
116449,101,03/10/2026,P
116483,101,03/10/2026,P
116950,102,03/10/2026,P
116962,101,03/10/2026,P
117046,101,03/10/2026,P
117463,102,03/10/2026,P
117598,102,03/10/2026,P
117631,101,03/10/2026,P
118824,101,03/10/2026,P
118848,101,03/10/2026,T
119009,101,03/10/2026,P
119050,102,03/10/2026,P
119144,102,03/10/2026,P
119292,102,03/10/2026,P
119901,101,03/10/2026,P
120054,101,03/10/2026,P
120160,101,03/10/2026,P
120250,101,03/10/2026,P
120541,102,03/10/2026,P
120593,102,03/10/2026,P
120752,101,03/10/2026,P
120937,102,03/10/2026,P
121367,102,03/10/2026,P
121480,101,03/10/2026,T
122308,101,03/10/2026,P
122742,101,03/10/2026,P
122784,102,03/10/2026,P
123160,102,03/10/2026,P
123372,101,03/10/2026,P
123412,101,03/10/2026,P
123588,101,03/10/2026,P
123825,101,03/10/2026,P
124172,101,03/10/2026,P
124256,101,03/10/2026,P
124641,101,03/10/2026,P
124664,101,03/10/2026,P
125516,102,03/10/2026,P
125585,102,03/10/2026,P
126032,101,03/10/2026,P
126093,102,03/10/2026,P
126134,101,03/10/2026,P
126342,101,03/10/2026,P
126350,102,03/10/2026,P
126955,101,03/10/2026,P
127003,102,03/10/2026,P
127379,101,03/10/2026,P
127522,102,03/10/2026,P
127565,102,03/10/2026,P
127670,102,03/10/2026,P
127881,102,03/10/2026,P
128141,102,03/10/2026,P
128381,102,03/10/2026,P
128457,101,03/10/2026,P
128734,101,03/10/2026,P
128907,101,03/10/2026,P
129451,102,03/10/2026,P
129468,102,03/10/2026,E
129571,102,03/10/2026,P
129682,101,03/10/2026,P
129936,101,03/10/2026,P
129979,102,03/10/2026,P
129992,101,03/10/2026,P
130030,101,03/10/2026,P
130216,101,03/10/2026,P
130582,101,03/10/2026,A
130762,101,03/10/2026,T
130804,102,03/10/2026,P
130997,102,03/10/2026,P
131196,102,03/10/2026,P
131384,102,03/10/2026,A
131401,101,03/10/2026,P
131595,102,03/10/2026,P
131822,101,03/10/2026,P
132081,102,03/10/2026,T
132131,101,03/10/2026,P
132171,102,03/10/2026,P
132180,102,03/10/2026,P
132242,101,03/10/2026,P
132581,102,03/10/2026,P
132608,101,03/10/2026,P
132664,102,03/10/2026,E
132666,101,03/10/2026,P
132892,101,03/10/2026,P
132932,102,03/10/2026,P
133077,102,03/10/2026,P
133184,101,03/10/2026,P
133272,102,03/10/2026,P
133448,102,03/10/2026,P
133506,101,03/10/2026,P
133542,102,03/10/2026,P
133616,102,03/10/2026,P
133658,101,03/10/2026,P
133762,101,03/10/2026,P
133946,101,03/10/2026,P
134080,101,03/10/2026,P
134268,102,03/10/2026,P
134289,102,03/10/2026,P
134383,101,03/10/2026,P
135262,102,03/10/2026,P
135758,101,03/10/2026,P
135769,101,03/10/2026,P
135812,102,03/10/2026,P
135821,102,03/10/2026,P
135901,101,03/10/2026,P
135923,101,03/10/2026,P
136336,102,03/10/2026,P
136474,101,03/10/2026,P
136533,101,03/10/2026,P
136558,102,03/10/2026,P
136686,102,03/10/2026,P
136962,101,03/10/2026,P
137523,102,03/10/2026,P
137636,101,03/10/2026,P
137717,102,03/10/2026,P
137842,102,03/10/2026,P
138052,102,03/10/2026,P
138211,102,03/10/2026,P
138406,102,03/10/2026,P
138438,102,03/10/2026,P
138530,101,03/10/2026,P
139142,101,03/10/2026,P
139199,101,03/10/2026,P
139332,102,03/10/2026,P
139389,102,03/10/2026,P
139985,102,03/10/2026,P
100014,101,03/11/2026,P
100166,102,03/11/2026,P
100336,101,03/11/2026,P
100607,102,03/11/2026,P
100752,102,03/11/2026,T
100919,102,03/11/2026,P
100926,101,03/11/2026,P
101621,101,03/11/2026,P
101663,101,03/11/2026,S
101676,101,03/11/2026,P
101690,102,03/11/2026,P
102169,102,03/11/2026,P
102203,101,03/11/2026,P
102926,102,03/11/2026,P
103203,101,03/11/2026,P
103366,101,03/11/2026,P
104213,102,03/11/2026,P
104812,101,03/11/2026,P
105001,102,03/11/2026,P
105290,102,03/11/2026,P
105443,101,03/11/2026,P
105533,101,03/11/2026,P
105876,102,03/11/2026,P
105943,101,03/11/2026,P
106040,102,03/11/2026,P
106334,101,03/11/2026,P
106425,102,03/11/2026,P
106447,101,03/11/2026,P
106722,101,03/11/2026,P
106726,102,03/11/2026,P
106955,102,03/11/2026,P
107257,102,03/11/2026,P
107631,101,03/11/2026,P
107806,101,03/11/2026,P
107917,101,03/11/2026,P
107954,101,03/11/2026,P
107996,102,03/11/2026,P
108454,101,03/11/2026,P
108599,101,03/11/2026,P
108838,102,03/11/2026,P
108870,101,03/11/2026,P
109233,102,03/11/2026,P
109333,101,03/11/2026,P
109591,102,03/11/2026,T
109734,101,03/11/2026,P
109820,101,03/11/2026,P
110142,102,03/11/2026,P
110493,102,03/11/2026,P
111996,102,03/11/2026,P
112752,101,03/11/2026,P
112890,102,03/11/2026,P
113028,101,03/11/2026,P
113096,101,03/11/2026,P
113273,102,03/11/2026,P
113777,102,03/11/2026,P
114609,101,03/11/2026,P
114633,102,03/11/2026,P
114714,101,03/11/2026,P
115724,102,03/11/2026,P
116242,102,03/11/2026,P
116449,101,03/11/2026,P
116483,101,03/11/2026,P
116950,102,03/11/2026,P
116962,101,03/11/2026,P
117046,101,03/11/2026,P
117463,102,03/11/2026,P
117598,102,03/11/2026,P
117631,101,03/11/2026,P
118824,101,03/11/2026,P
118848,101,03/11/2026,P
119009,101,03/11/2026,T
119050,102,03/11/2026,P
119144,102,03/11/2026,P
119292,102,03/11/2026,P
119901,101,03/11/2026,P
120054,101,03/11/2026,P
120160,101,03/11/2026,P
120250,101,03/11/2026,p
120541,102,03/11/2026,P
120593,102,03/11/2026,P
120752,101,03/11/2026,P
120937,102,03/11/2026,P
121367,102,03/11/2026,P
121480,101,03/11/2026,P
122308,101,03/11/2026,P
122742,101,03/11/2026,P
122784,102,03/11/2026,P
123160,102,03/11/2026,A
123372,101,03/11/2026,P
123412,101,03/11/2026,P
123588,101,03/11/2026,A
123825,101,03/11/2026,P
124172,101,03/11/2026,P
124256,101,03/11/2026,P
124641,101,03/11/2026,P
124664,101,03/11/2026,P
125516,102,03/11/2026,P
125585,102,03/11/2026,P
126032,101,03/11/2026,P
126093,102,03/11/2026,P
126134,101,03/11/2026,P
126342,101,03/11/2026,P
126350,102,03/11/2026,P
126955,101,03/11/2026,P
127003,102,03/11/2026,P
127379,101,03/11/2026,P
127522,102,03/11/2026,P
127565,102,03/11/2026,P
127670,102,03/11/2026,P
127881,102,03/11/2026,P
128141,102,03/11/2026,t
128381,102,03/11/2026,P
128457,101,03/11/2026,P
128734,101,03/11/2026,P
128907,101,03/11/2026,P
129451,102,03/11/2026,P
129468,102,03/11/2026,P
129571,102,03/11/2026,P
129682,101,03/11/2026,P
129936,101,03/11/2026,P
129979,102,03/11/2026,P
129992,101,03/11/2026,P
130030,101,03/11/2026,P
130216,101,03/11/2026,E
130582,101,03/11/2026,P
130762,101,03/11/2026,P
130804,102,03/11/2026,P
130997,102,03/11/2026,P
131196,102,03/11/2026,P
131384,102,03/11/2026,P
131401,101,03/11/2026,P
131595,102,03/11/2026,P
131822,101,03/11/2026,P
132081,102,03/11/2026,P
132131,101,03/11/2026,P
132171,102,03/11/2026,P
132180,102,03/11/2026,P
132242,101,03/11/2026,P
132581,102,03/11/2026,P
132608,101,03/11/2026,P
132664,102,03/11/2026,P
132666,101,03/11/2026,P
132892,101,03/11/2026,P
132932,102,03/11/2026,E
133077,102,03/11/2026,P
133184,101,03/11/2026,P
133272,102,03/11/2026,P
133448,102,03/11/2026,P
133506,101,03/11/2026,P
133542,102,03/11/2026,P
133616,102,03/11/2026,P
133658,101,03/11/2026,P
133762,101,03/11/2026,T
133946,101,03/11/2026,P
134080,101,03/11/2026,P
134268,102,03/11/2026,P
134289,102,03/11/2026,P
134383,101,03/11/2026,P
135262,102,03/11/2026,P
135758,101,03/11/2026,P
135769,101,03/11/2026,P
135812,102,03/11/2026,P
135821,102,03/11/2026,P
135901,101,03/11/2026,P
135923,101,03/11/2026,P
136336,102,03/11/2026,P
136474,101,03/11/2026,E
136533,101,03/11/2026,P
136558,102,03/11/2026,P
136686,102,03/11/2026,P
136962,101,03/11/2026,P
137523,102,03/11/2026,P
137636,101,03/11/2026,P
137717,102,03/11/2026,P
137842,102,03/11/2026,P
138052,102,03/11/2026,P
138211,102,03/11/2026,E
138406,102,03/11/2026,P
138438,102,03/11/2026,P
138530,101,03/11/2026,P
139142,101,03/11/2026,P
139199,101,03/11/2026,P
139332,102,03/11/2026,P
139389,102,03/11/2026,P
139985,102,03/11/2026,P
100014,101,03/12/2026,P
100166,102,03/12/2026,P
100336,101,03/12/2026,P
100607,102,03/12/2026,P
100752,102,03/12/2026,P
100919,102,03/12/2026,A
100926,101,03/12/2026,P
101621,101,03/12/2026,P
101663,101,03/12/2026,P
101676,101,03/12/2026,P
101690,102,03/12/2026,P
102169,102,03/12/2026,P
102203,101,03/12/2026,P
102926,102,03/12/2026,P
103203,101,03/12/2026,P
103366,101,03/12/2026,P
104213,102,03/12/2026,P
104812,101,03/12/2026,P
105001,102,03/12/2026,P
105290,102,03/12/2026,P
105443,101,03/12/2026,P
105533,101,03/12/2026,P
105876,102,03/12/2026,P
105943,101,03/12/2026,P
106040,102,03/12/2026,P
106334,101,03/12/2026,P
106425,102,03/12/2026,P
106447,101,03/12/2026,P
106722,101,03/12/2026,P
106726,102,03/12/2026,P
106955,102,03/12/2026,P
107257,102,03/12/2026,P
107631,101,03/12/2026,P
107806,101,03/12/2026,P
107917,101,03/12/2026,P
107954,101,03/12/2026,P
107996,102,03/12/2026,A
108454,101,03/12/2026,P
108599,101,03/12/2026,P
108838,102,03/12/2026,P
108870,101,03/12/2026,P
109233,102,03/12/2026,P
109333,101,03/12/2026,P
109591,102,03/12/2026,P
109734,101,03/12/2026,P
109820,101,03/12/2026,A
110142,102,03/12/2026,P
110493,102,03/12/2026,P
111996,102,03/12/2026,P
112752,101,03/12/2026,P
112890,102,03/12/2026,P
113028,101,03/12/2026,P
113096,101,03/12/2026,P
113273,102,03/12/2026,P
113777,102,03/12/2026,P
114609,101,03/12/2026,P
114633,102,03/12/2026,P
114714,101,03/12/2026,P
115724,102,03/12/2026,P
116242,102,03/12/2026,P
116449,101,03/12/2026,P
116483,101,03/12/2026,T
116950,102,03/12/2026,P
116962,101,03/12/2026,P
117046,101,03/12/2026,P
117463,102,03/12/2026,P
117598,102,03/12/2026,P
117631,101,03/12/2026,P
118824,101,03/12/2026,P
118848,101,03/12/2026,P
119009,101,03/12/2026,P
119050,102,03/12/2026,P
119144,102,03/12/2026,P
119292,102,03/12/2026,P
119901,101,03/12/2026,P
120054,101,03/12/2026,P
120160,101,03/12/2026,P
120250,101,03/12/2026,P
120541,102,03/12/2026,P
120593,102,03/12/2026,P
120752,101,03/12/2026,P
120937,102,03/12/2026,P
121367,102,03/12/2026,P
121480,101,03/12/2026,P
122308,101,03/12/2026,P
122742,101,03/12/2026,P
122784,102,03/12/2026,P
123160,102,03/12/2026,P
123372,101,03/12/2026,P
123412,101,03/12/2026,P
123588,101,03/12/2026,P
123825,101,03/12/2026,P
124172,101,03/12/2026,P
124256,101,03/12/2026,P
124641,101,03/12/2026,P
124664,101,03/12/2026,P
125516,102,03/12/2026,P
125585,102,03/12/2026,P
126032,101,03/12/2026,P
126093,102,03/12/2026,P
126134,101,03/12/2026,P
126342,101,03/12/2026,P
126350,102,03/12/2026,P
126955,101,03/12/2026,E
127003,102,03/12/2026,P
127379,101,03/12/2026,P
127522,102,03/12/2026,P
127565,102,03/12/2026,P
127670,102,03/12/2026,P
127881,102,03/12/2026,P
128141,102,03/12/2026,P
128381,102,03/12/2026,P
128457,101,03/12/2026,P
128734,101,03/12/2026,P
128907,101,03/12/2026,P
129451,102,03/12/2026,P
129468,102,03/12/2026,P
129571,102,03/12/2026,P
129682,101,03/12/2026,P
129936,101,03/12/2026,P
129979,102,03/12/2026,P
129992,101,03/12/2026,P
130030,101,03/12/2026,P
130216,101,03/12/2026,P
130582,101,03/12/2026,P
130762,101,03/12/2026,P
130804,102,03/12/2026,P
130997,102,03/12/2026,P
131196,102,03/12/2026,P
131384,102,03/12/2026,P
131401,101,03/12/2026,P
131595,102,03/12/2026,P
131822,101,03/12/2026,P
132081,102,03/12/2026,p
132131,101,03/12/2026,P
132171,102,03/12/2026,P
132180,102,03/12/2026,P
132242,101,03/12/2026,P
132581,102,03/12/2026,P
132608,101,03/12/2026,P
132664,102,03/12/2026,P
132666,101,03/12/2026,P
132892,101,03/12/2026,P
132932,102,03/12/2026,P
133077,102,03/12/2026,P
133184,101,03/12/2026,P
133272,102,03/12/2026,P
133448,102,03/12/2026,P
133506,101,03/12/2026,P
133542,102,03/12/2026,P
133616,102,03/12/2026,P
133658,101,03/12/2026,P
133762,101,03/12/2026,P
133946,101,03/12/2026,P
134080,101,03/12/2026,P
134268,102,03/12/2026,P
134289,102,03/12/2026,P
134383,101,03/12/2026,P
135262,102,03/12/2026,P
135758,101,03/12/2026,P
135769,101,03/12/2026,P
135812,102,03/12/2026,P
135821,102,03/12/2026,P
135901,101,03/12/2026,P
135923,101,03/12/2026,P
136336,102,03/12/2026,P
136474,101,03/12/2026,P
136533,101,03/12/2026,P
136558,102,03/12/2026,P
136686,102,03/12/2026,T
136962,101,03/12/2026,P
137523,102,03/12/2026,P
137636,101,03/12/2026,P
137717,102,03/12/2026,P
137842,102,03/12/2026,T
138052,102,03/12/2026,P
138211,102,03/12/2026,p
138406,102,03/12/2026,P
138438,102,03/12/2026,P
138530,101,03/12/2026,P
139142,101,03/12/2026,P
139199,101,03/12/2026,P
139332,102,03/12/2026,P
139389,102,03/12/2026,P
139985,102,03/12/2026,P
100014,101,03/13/2026,A
100166,102,03/13/2026,P
100336,101,03/13/2026,P
100607,102,03/13/2026,P
100752,102,03/13/2026,P
100919,102,03/13/2026,A
100926,101,03/13/2026,P
101621,101,03/13/2026,P
101663,101,03/13/2026,A
101676,101,03/13/2026,T
101690,102,03/13/2026,P
102169,102,03/13/2026,P
102203,101,03/13/2026,P
102926,102,03/13/2026,T
103203,101,03/13/2026,P
103366,101,03/13/2026,P
104213,102,03/13/2026,P
104812,101,03/13/2026,A
105001,102,03/13/2026,P
105290,102,03/13/2026,P
105443,101,03/13/2026,P
105533,101,03/13/2026,P
105876,102,03/13/2026,P
105943,101,03/13/2026,P
106040,102,03/13/2026,P
106334,101,03/13/2026,P
106425,102,03/13/2026,P
106447,101,03/13/2026,P
106722,101,03/13/2026,P
106726,102,03/13/2026,P
106955,102,03/13/2026,P
107257,102,03/13/2026,P
107631,101,03/13/2026,P
107806,101,03/13/2026,P
107917,101,03/13/2026,P
107954,101,03/13/2026,P
107996,102,03/13/2026,P
108454,101,03/13/2026,A
108599,101,03/13/2026,P
108838,102,03/13/2026,P
108870,101,03/13/2026,P
109233,102,03/13/2026,P
109333,101,03/13/2026,P
109591,102,03/13/2026,P
109734,101,03/13/2026,P
109820,101,03/13/2026,P
110142,102,03/13/2026,p
110493,102,03/13/2026,P
111996,102,03/13/2026,P
112752,101,03/13/2026,P
112890,102,03/13/2026,P
113028,101,03/13/2026,P
113096,101,03/13/2026,A
113273,102,03/13/2026,T
113777,102,03/13/2026,P
114609,101,03/13/2026,P
114633,102,03/13/2026,P
114714,101,03/13/2026,P
115724,102,03/13/2026,P
116242,102,03/13/2026,P
116449,101,03/13/2026,P
116483,101,03/13/2026,P
116950,102,03/13/2026,P
116962,101,03/13/2026,P
117046,101,03/13/2026,P
117463,102,03/13/2026,P
117598,102,03/13/2026,P
117631,101,03/13/2026,P
118824,101,03/13/2026,P
118848,101,03/13/2026,P
119009,101,03/13/2026,P
119050,102,03/13/2026,P
119144,102,03/13/2026,P
119292,102,03/13/2026,P
119901,101,03/13/2026,P
120054,101,03/13/2026,P
120160,101,03/13/2026,P
120250,101,03/13/2026,P
120541,102,03/13/2026,P
120593,102,03/13/2026,P
120752,101,03/13/2026,P
120937,102,03/13/2026,P
121367,102,03/13/2026,P
121480,101,03/13/2026,P
122308,101,03/13/2026,T
122742,101,03/13/2026,P
122784,102,03/13/2026,P
123160,102,03/13/2026,P
123372,101,03/13/2026,P
123412,101,03/13/2026,T
123588,101,03/13/2026,P
123825,101,03/13/2026,P
124172,101,03/13/2026,E
124256,101,03/13/2026,P
124641,101,03/13/2026,P
124664,101,03/13/2026,p
125516,102,03/13/2026,P
125585,102,03/13/2026,T
126032,101,03/13/2026,P
126093,102,03/13/2026,P
126134,101,03/13/2026,E
126342,101,03/13/2026,P
126350,102,03/13/2026,P
126955,101,03/13/2026,P
127003,102,03/13/2026,P
127379,101,03/13/2026,P
127522,102,03/13/2026,P
127565,102,03/13/2026,P
127670,102,03/13/2026,P
127881,102,03/13/2026,P
128141,102,03/13/2026,P
128381,102,03/13/2026,P
128457,101,03/13/2026,P
128734,101,03/13/2026,P
128907,101,03/13/2026,P
129451,102,03/13/2026,P
129468,102,03/13/2026,P
129571,102,03/13/2026,P
129682,101,03/13/2026,P
129936,101,03/13/2026,P
129979,102,03/13/2026,P
129992,101,03/13/2026,P
130030,101,03/13/2026,P
130216,101,03/13/2026,P
130582,101,03/13/2026,P
130762,101,03/13/2026,P
130804,102,03/13/2026,P
130997,102,03/13/2026,P
131196,102,03/13/2026,T
131384,102,03/13/2026,P
131401,101,03/13/2026,P
131595,102,03/13/2026,P
131822,101,03/13/2026,P
132081,102,03/13/2026,P
132131,101,03/13/2026,P
132171,102,03/13/2026,P
132180,102,03/13/2026,P
132242,101,03/13/2026,P
132581,102,03/13/2026,P
132608,101,03/13/2026,P
132664,102,03/13/2026,A
132666,101,03/13/2026,P
132892,101,03/13/2026,P
132932,102,03/13/2026,P
133077,102,03/13/2026,P
133184,101,03/13/2026,P
133272,102,03/13/2026,P
133448,102,03/13/2026,P
133506,101,03/13/2026,P
133542,102,03/13/2026,P
133616,102,03/13/2026,P
133658,101,03/13/2026,P
133762,101,03/13/2026,P
133946,101,03/13/2026,P
134080,101,03/13/2026,P
134268,102,03/13/2026,P
134289,102,03/13/2026,P
134383,101,03/13/2026,A
135262,102,03/13/2026,P
135758,101,03/13/2026,P
135769,101,03/13/2026,P
135812,102,03/13/2026,P
135821,102,03/13/2026,p
135901,101,03/13/2026,P
135923,101,03/13/2026,P
136336,102,03/13/2026,T
136474,101,03/13/2026,P
136533,101,03/13/2026,P
136558,102,03/13/2026,P
136686,102,03/13/2026,P
136962,101,03/13/2026,P
137523,102,03/13/2026,P
137636,101,03/13/2026,P
137717,102,03/13/2026,P
137842,102,03/13/2026,P
138052,102,03/13/2026,P
138211,102,03/13/2026,P
138406,102,03/13/2026,P
138438,102,03/13/2026,P
138530,101,03/13/2026,P
139142,101,03/13/2026,P
139199,101,03/13/2026,P
139332,102,03/13/2026,P
139389,102,03/13/2026,P
139985,102,03/13/2026,T
100014,101,03/16/2026,P
100166,102,03/16/2026,P
100336,101,03/16/2026,P
100607,102,03/16/2026,T
100752,102,03/16/2026,P
100919,102,03/16/2026,E
100926,101,03/16/2026,P
101621,101,03/16/2026,T
101663,101,03/16/2026,P
101676,101,03/16/2026,P
101690,102,03/16/2026,E
102169,102,03/16/2026,P
102203,101,03/16/2026,P
102926,102,03/16/2026,T
103203,101,03/16/2026,P
103366,101,03/16/2026,P
104213,102,03/16/2026,P
104812,101,03/16/2026,P
105001,102,03/16/2026,P
105290,102,03/16/2026,P
105443,101,03/16/2026,P
105533,101,03/16/2026,P
105876,102,03/16/2026,P
105943,101,03/16/2026,P
106040,102,03/16/2026,P
106334,101,03/16/2026,P
106425,102,03/16/2026,e
106447,101,03/16/2026,P
106722,101,03/16/2026,P
106726,102,03/16/2026,P
106955,102,03/16/2026,P
107257,102,03/16/2026,P
107631,101,03/16/2026,P
107806,101,03/16/2026,P
107917,101,03/16/2026,P
107954,101,03/16/2026,P
107996,102,03/16/2026,P
108454,101,03/16/2026,P
108599,101,03/16/2026,P
108838,102,03/16/2026,P
108870,101,03/16/2026,P
109233,102,03/16/2026,P
109333,101,03/16/2026,P
109591,102,03/16/2026,P
109734,101,03/16/2026,P
109820,101,03/16/2026,P
110142,102,03/16/2026,P
110493,102,03/16/2026,P
111996,102,03/16/2026,P
112752,101,03/16/2026,P
112890,102,03/16/2026,P
113028,101,03/16/2026,P
113096,101,03/16/2026,E
113273,102,03/16/2026,P
113777,102,03/16/2026,E
114609,101,03/16/2026,P
114633,102,03/16/2026,P
114714,101,03/16/2026,P
115724,102,03/16/2026,P
116242,102,03/16/2026,T
116449,101,03/16/2026,P
116483,101,03/16/2026,P
116950,102,03/16/2026,P
116962,101,03/16/2026,P
117046,101,03/16/2026,P
117463,102,03/16/2026,T
117598,102,03/16/2026,P
117631,101,03/16/2026,P
118824,101,03/16/2026,P
118848,101,03/16/2026,P
119009,101,03/16/2026,P
119050,102,03/16/2026,P
119144,102,03/16/2026,P
119292,102,03/16/2026,P
119901,101,03/16/2026,E
120054,101,03/16/2026,P
120160,101,03/16/2026,P
120250,101,03/16/2026,A
120541,102,03/16/2026,P
120593,102,03/16/2026,P
120752,101,03/16/2026,P
120937,102,03/16/2026,P
121367,102,03/16/2026,P
121480,101,03/16/2026,P
122308,101,03/16/2026,E
122742,101,03/16/2026,P
122784,102,03/16/2026,P
123160,102,03/16/2026,P
123372,101,03/16/2026,P
123412,101,03/16/2026,P
123588,101,03/16/2026,P
123825,101,03/16/2026,P
124172,101,03/16/2026,P
124256,101,03/16/2026,P
124641,101,03/16/2026,P
124664,101,03/16/2026,A
125516,102,03/16/2026,P
125585,102,03/16/2026,P
126032,101,03/16/2026,P
126093,102,03/16/2026,P
126134,101,03/16/2026,P
126342,101,03/16/2026,P
126350,102,03/16/2026,P
126955,101,03/16/2026,T
127003,102,03/16/2026,P
127379,101,03/16/2026,E
127522,102,03/16/2026,P
127565,102,03/16/2026,P
127670,102,03/16/2026,P
127881,102,03/16/2026,P
128141,102,03/16/2026,P
128381,102,03/16/2026,T
128457,101,03/16/2026,P
128734,101,03/16/2026,E
128907,101,03/16/2026,P
129451,102,03/16/2026,P
129468,102,03/16/2026,P
129571,102,03/16/2026,P
129682,101,03/16/2026,P
129936,101,03/16/2026,P
129979,102,03/16/2026,P
129992,101,03/16/2026,P
130030,101,03/16/2026,P
130216,101,03/16/2026,P
130582,101,03/16/2026,P
130762,101,03/16/2026,P
130804,102,03/16/2026,P
130997,102,03/16/2026,P
131196,102,03/16/2026,A
131384,102,03/16/2026,T
131401,101,03/16/2026,P
131595,102,03/16/2026,P
131822,101,03/16/2026,P
132081,102,03/16/2026,P
132131,101,03/16/2026,P
132171,102,03/16/2026,P
132180,102,03/16/2026,P
132242,101,03/16/2026,P
132581,102,03/16/2026,P
132608,101,03/16/2026,P
132664,102,03/16/2026,P
132666,101,03/16/2026,P
132892,101,03/16/2026,P
132932,102,03/16/2026,P
133077,102,03/16/2026,P
133184,101,03/16/2026,P
133272,102,03/16/2026,P
133448,102,03/16/2026,p
133506,101,03/16/2026,P
133542,102,03/16/2026,P
133616,102,03/16/2026,P
133658,101,03/16/2026,P
133762,101,03/16/2026,A
133946,101,03/16/2026,P
134080,101,03/16/2026,P
134268,102,03/16/2026,P
134289,102,03/16/2026,P
134383,101,03/16/2026,P
135262,102,03/16/2026,P
135758,101,03/16/2026,P
135769,101,03/16/2026,T
135812,102,03/16/2026,P
135821,102,03/16/2026,P
135901,101,03/16/2026,P
135923,101,03/16/2026,P
136336,102,03/16/2026,P
136474,101,03/16/2026,P
136533,101,03/16/2026,P
136558,102,03/16/2026,P
136686,102,03/16/2026,P
136962,101,03/16/2026,P
137523,102,03/16/2026,P
137636,101,03/16/2026,P
137717,102,03/16/2026,P
137842,102,03/16/2026,P
138052,102,03/16/2026,P
138211,102,03/16/2026,P
138406,102,03/16/2026,P
138438,102,03/16/2026,P
138530,101,03/16/2026,P
139142,101,03/16/2026,T
139199,101,03/16/2026,P
139332,102,03/16/2026,P
139389,102,03/16/2026,p
139985,102,03/16/2026,P
100014,101,03/17/2026,P
100166,102,03/17/2026,P
100336,101,03/17/2026,P
100607,102,03/17/2026,P
100752,102,03/17/2026,P
100919,102,03/17/2026,P
100926,101,03/17/2026,P
101621,101,03/17/2026,P
101663,101,03/17/2026,P
101676,101,03/17/2026,P
101690,102,03/17/2026,P
102169,102,03/17/2026,P
102203,101,03/17/2026,P
102926,102,03/17/2026,P
103203,101,03/17/2026,P
103366,101,03/17/2026,P
104213,102,03/17/2026,P
104812,101,03/17/2026,A
105001,102,03/17/2026,P
105290,102,03/17/2026,P
105443,101,03/17/2026,P
105533,101,03/17/2026,T
105876,102,03/17/2026,P
105943,101,03/17/2026,P
106040,102,03/17/2026,P
106334,101,03/17/2026,P
106425,102,03/17/2026,P
106447,101,03/17/2026,P
106722,101,03/17/2026,P
106726,102,03/17/2026,P
106955,102,03/17/2026,P
107257,102,03/17/2026,T
107631,101,03/17/2026,P
107806,101,03/17/2026,T
107917,101,03/17/2026,P
107954,101,03/17/2026,T
107996,102,03/17/2026,P
108454,101,03/17/2026,P
108599,101,03/17/2026,P
108838,102,03/17/2026,P
108870,101,03/17/2026,P
109233,102,03/17/2026,P
109333,101,03/17/2026,P
109591,102,03/17/2026,P
109734,101,03/17/2026,P
109820,101,03/17/2026,T
110142,102,03/17/2026,P
110493,102,03/17/2026,P
111996,102,03/17/2026,P
112752,101,03/17/2026,P
112890,102,03/17/2026,P
113028,101,03/17/2026,P
113096,101,03/17/2026,A
113273,102,03/17/2026,P
113777,102,03/17/2026,P
114609,101,03/17/2026,P
114633,102,03/17/2026,P
114714,101,03/17/2026,T
115724,102,03/17/2026,P
116242,102,03/17/2026,T
116449,101,03/17/2026,P
116483,101,03/17/2026,P
116950,102,03/17/2026,P
116962,101,03/17/2026,P
117046,101,03/17/2026,P
117463,102,03/17/2026,P
117598,102,03/17/2026,P
117631,101,03/17/2026,A
118824,101,03/17/2026,P
118848,101,03/17/2026,P
119009,101,03/17/2026,P
119050,102,03/17/2026,P
119144,102,03/17/2026,P
119292,102,03/17/2026,P
119901,101,03/17/2026,P
120054,101,03/17/2026,P
120160,101,03/17/2026,P
120250,101,03/17/2026,P
120541,102,03/17/2026,P
120593,102,03/17/2026,P
120752,101,03/17/2026,P
120937,102,03/17/2026,P
121367,102,03/17/2026,P
121480,101,03/17/2026,A
122308,101,03/17/2026,S
122742,101,03/17/2026,P
122784,102,03/17/2026,P
123160,102,03/17/2026,P
123372,101,03/17/2026,P
123412,101,03/17/2026,P
123588,101,03/17/2026,E
123825,101,03/17/2026,P
124172,101,03/17/2026,P
124256,101,03/17/2026,A
124641,101,03/17/2026,P
124664,101,03/17/2026,P
125516,102,03/17/2026,P
125585,102,03/17/2026,P
126032,101,03/17/2026,P
126093,102,03/17/2026,P
126134,101,03/17/2026,T
126342,101,03/17/2026,P
126350,102,03/17/2026,P
126955,101,03/17/2026,P
127003,102,03/17/2026,P
127379,101,03/17/2026,P
127522,102,03/17/2026,P
127565,102,03/17/2026,P
127670,102,03/17/2026,P
127881,102,03/17/2026,T
128141,102,03/17/2026,T
128381,102,03/17/2026,P
128457,101,03/17/2026,P
128734,101,03/17/2026,P
128907,101,03/17/2026,P
129451,102,03/17/2026,P
129468,102,03/17/2026,P
129571,102,03/17/2026,P
129682,101,03/17/2026,P
129936,101,03/17/2026,P
129979,102,03/17/2026,P
129992,101,03/17/2026,P
130030,101,03/17/2026,P
130216,101,03/17/2026,P
130582,101,03/17/2026,P
130762,101,03/17/2026,P
130804,102,03/17/2026,P
130997,102,03/17/2026,P
131196,102,03/17/2026,P
131384,102,03/17/2026,P
131401,101,03/17/2026,P
131595,102,03/17/2026,P
131822,101,03/17/2026,P
132081,102,03/17/2026,P
132131,101,03/17/2026,p
132171,102,03/17/2026,A
132180,102,03/17/2026,P
132242,101,03/17/2026,T
132581,102,03/17/2026,P
132608,101,03/17/2026,P
132664,102,03/17/2026,P
132666,101,03/17/2026,P
132892,101,03/17/2026,P
132932,102,03/17/2026,P
133077,102,03/17/2026,P
133184,101,03/17/2026,P
133272,102,03/17/2026,P
133448,102,03/17/2026,P
133506,101,03/17/2026,P
133542,102,03/17/2026,P
133616,102,03/17/2026,P
133658,101,03/17/2026,P
133762,101,03/17/2026,E
133946,101,03/17/2026,P
134080,101,03/17/2026,P
134268,102,03/17/2026,P
134289,102,03/17/2026,P
134383,101,03/17/2026,P
135262,102,03/17/2026,P
135758,101,03/17/2026,P
135769,101,03/17/2026,P
135812,102,03/17/2026,P
135821,102,03/17/2026,P
135901,101,03/17/2026,P
135923,101,03/17/2026,P
136336,102,03/17/2026,P
136474,101,03/17/2026,P
136533,101,03/17/2026,P
136558,102,03/17/2026,P
136686,102,03/17/2026,P
136962,101,03/17/2026,P
137523,102,03/17/2026,P
137636,101,03/17/2026,P
137717,102,03/17/2026,P
137842,102,03/17/2026,P
138052,102,03/17/2026,P
138211,102,03/17/2026,P
138406,102,03/17/2026,T
138438,102,03/17/2026,T
138530,101,03/17/2026,P
139142,101,03/17/2026,P
139199,101,03/17/2026,P
139332,102,03/17/2026,P
139389,102,03/17/2026,P
139985,102,03/17/2026,P
100014,101,03/18/2026,P
100166,102,03/18/2026,P
100336,101,03/18/2026,P
100607,102,03/18/2026,P
100752,102,03/18/2026,T
100919,102,03/18/2026,T
100926,101,03/18/2026,T
101621,101,03/18/2026,P
101663,101,03/18/2026,P
101676,101,03/18/2026,P
101690,102,03/18/2026,P
102169,102,03/18/2026,P
102203,101,03/18/2026,P
102926,102,03/18/2026,P
103203,101,03/18/2026,P
103366,101,03/18/2026,P
104213,102,03/18/2026,P
104812,101,03/18/2026,P
105001,102,03/18/2026,P
105290,102,03/18/2026,P
105443,101,03/18/2026,S
105533,101,03/18/2026,P
105876,102,03/18/2026,P
105943,101,03/18/2026,P
106040,102,03/18/2026,P
106334,101,03/18/2026,P
106425,102,03/18/2026,P
106447,101,03/18/2026,P
106722,101,03/18/2026,P
106726,102,03/18/2026,P
106955,102,03/18/2026,P
107257,102,03/18/2026,P
107631,101,03/18/2026,P
107806,101,03/18/2026,P
107917,101,03/18/2026,P
107954,101,03/18/2026,P
107996,102,03/18/2026,P
108454,101,03/18/2026,P
108599,101,03/18/2026,P
108838,102,03/18/2026,P
108870,101,03/18/2026,P
109233,102,03/18/2026,P
109333,101,03/18/2026,P
109591,102,03/18/2026,P
109734,101,03/18/2026,T
109820,101,03/18/2026,P
110142,102,03/18/2026,P
110493,102,03/18/2026,P
111996,102,03/18/2026,P
112752,101,03/18/2026,P
112890,102,03/18/2026,P
113028,101,03/18/2026,P
113096,101,03/18/2026,A
113273,102,03/18/2026,P
113777,102,03/18/2026,T
114609,101,03/18/2026,P
114633,102,03/18/2026,P
114714,101,03/18/2026,P
115724,102,03/18/2026,P
116242,102,03/18/2026,P
116449,101,03/18/2026,P
116483,101,03/18/2026,P
116950,102,03/18/2026,P
116962,101,03/18/2026,P
117046,101,03/18/2026,P
117463,102,03/18/2026,P
117598,102,03/18/2026,P
117631,101,03/18/2026,P
118824,101,03/18/2026,P
118848,101,03/18/2026,P
119009,101,03/18/2026,T
119050,102,03/18/2026,P
119144,102,03/18/2026,P
119292,102,03/18/2026,P
119901,101,03/18/2026,P
120054,101,03/18/2026,P
120160,101,03/18/2026,P
120250,101,03/18/2026,P
120541,102,03/18/2026,P
120593,102,03/18/2026,P
120752,101,03/18/2026,P
120937,102,03/18/2026,P
121367,102,03/18/2026,P
121480,101,03/18/2026,P
122308,101,03/18/2026,E
122742,101,03/18/2026,A
122784,102,03/18/2026,P
123160,102,03/18/2026,P
123372,101,03/18/2026,P
123412,101,03/18/2026,P
123588,101,03/18/2026,E
123825,101,03/18/2026,p
124172,101,03/18/2026,P
124256,101,03/18/2026,P
124641,101,03/18/2026,P
124664,101,03/18/2026,P
125516,102,03/18/2026,P
125585,102,03/18/2026,P
126032,101,03/18/2026,P
126093,102,03/18/2026,P
126134,101,03/18/2026,P
126342,101,03/18/2026,P
126350,102,03/18/2026,P
126955,101,03/18/2026,P
127003,102,03/18/2026,P
127379,101,03/18/2026,A
127522,102,03/18/2026,P
127565,102,03/18/2026,P
127670,102,03/18/2026,P
127881,102,03/18/2026,P
128141,102,03/18/2026,P
128381,102,03/18/2026,P
128457,101,03/18/2026,P
128734,101,03/18/2026,P
128907,101,03/18/2026,P
129451,102,03/18/2026,P
129468,102,03/18/2026,P
129571,102,03/18/2026,P
129682,101,03/18/2026,P
129936,101,03/18/2026,P
129979,102,03/18/2026,P
129992,101,03/18/2026,P
130030,101,03/18/2026,P
130216,101,03/18/2026,P
130582,101,03/18/2026,P
130762,101,03/18/2026,T
130804,102,03/18/2026,P
130997,102,03/18/2026,P
131196,102,03/18/2026,P
131384,102,03/18/2026,E
131401,101,03/18/2026,P
131595,102,03/18/2026,P
131822,101,03/18/2026,P
132081,102,03/18/2026,P
132131,101,03/18/2026,P
132171,102,03/18/2026,P
132180,102,03/18/2026,P
132242,101,03/18/2026,P
132581,102,03/18/2026,P
132608,101,03/18/2026,P
132664,102,03/18/2026,P
132666,101,03/18/2026,P
132892,101,03/18/2026,P
132932,102,03/18/2026,E
133077,102,03/18/2026,P
133184,101,03/18/2026,A
133272,102,03/18/2026,P
133448,102,03/18/2026,P
133506,101,03/18/2026,T
133542,102,03/18/2026,P
133616,102,03/18/2026,P
133658,101,03/18/2026,P
133762,101,03/18/2026,P
133946,101,03/18/2026,P
134080,101,03/18/2026,P
134268,102,03/18/2026,P
134289,102,03/18/2026,P
134383,101,03/18/2026,P
135262,102,03/18/2026,P
135758,101,03/18/2026,P
135769,101,03/18/2026,P
135812,102,03/18/2026,P
135821,102,03/18/2026,P
135901,101,03/18/2026,A
135923,101,03/18/2026,P
136336,102,03/18/2026,P
136474,101,03/18/2026,P
136533,101,03/18/2026,P
136558,102,03/18/2026,T
136686,102,03/18/2026,P
136962,101,03/18/2026,P
137523,102,03/18/2026,P
137636,101,03/18/2026,P
137717,102,03/18/2026,E
137842,102,03/18/2026,P
138052,102,03/18/2026,P
138211,102,03/18/2026,P
138406,102,03/18/2026,P
138438,102,03/18/2026,P
138530,101,03/18/2026,P
139142,101,03/18/2026,P
139199,101,03/18/2026,P
139332,102,03/18/2026,P
139389,102,03/18/2026,P
139985,102,03/18/2026,P
100014,101,03/19/2026,P
100166,102,03/19/2026,P
100336,101,03/19/2026,P
100607,102,03/19/2026,P
100752,102,03/19/2026,P
100919,102,03/19/2026,P
100926,101,03/19/2026,P
101621,101,03/19/2026,P
101663,101,03/19/2026,P
101676,101,03/19/2026,P
101690,102,03/19/2026,P
102169,102,03/19/2026,P
102203,101,03/19/2026,P
102926,102,03/19/2026,P
103203,101,03/19/2026,P
103366,101,03/19/2026,P
104213,102,03/19/2026,P
104812,101,03/19/2026,P
105001,102,03/19/2026,P
105290,102,03/19/2026,P
105443,101,03/19/2026,P
105533,101,03/19/2026,P
105876,102,03/19/2026,P
105943,101,03/19/2026,P
106040,102,03/19/2026,P
106334,101,03/19/2026,A
106425,102,03/19/2026,E
106447,101,03/19/2026,P
106722,101,03/19/2026,P
106726,102,03/19/2026,P
106955,102,03/19/2026,P
107257,102,03/19/2026,P
107631,101,03/19/2026,P
107806,101,03/19/2026,P
107917,101,03/19/2026,P
107954,101,03/19/2026,P
107996,102,03/19/2026,P
108454,101,03/19/2026,P
108599,101,03/19/2026,P
108838,102,03/19/2026,P
108870,101,03/19/2026,P
109233,102,03/19/2026,P
109333,101,03/19/2026,P
109591,102,03/19/2026,P
109734,101,03/19/2026,P
109820,101,03/19/2026,P
110142,102,03/19/2026,P
110493,102,03/19/2026,P
111996,102,03/19/2026,P
112752,101,03/19/2026,P
112890,102,03/19/2026,A
113028,101,03/19/2026,P
113096,101,03/19/2026,A
113273,102,03/19/2026,P
113777,102,03/19/2026,T
114609,101,03/19/2026,P
114633,102,03/19/2026,P
114714,101,03/19/2026,P
115724,102,03/19/2026,P
116242,102,03/19/2026,P
116449,101,03/19/2026,P
116483,101,03/19/2026,P
116950,102,03/19/2026,P
116962,101,03/19/2026,P
117046,101,03/19/2026,P
117463,102,03/19/2026,p
117598,102,03/19/2026,P
117631,101,03/19/2026,P
118824,101,03/19/2026,P
118848,101,03/19/2026,A
119009,101,03/19/2026,P
119050,102,03/19/2026,P
119144,102,03/19/2026,E
119292,102,03/19/2026,P
119901,101,03/19/2026,P
120054,101,03/19/2026,P
120160,101,03/19/2026,P
120250,101,03/19/2026,T
120541,102,03/19/2026,T
120593,102,03/19/2026,P
120752,101,03/19/2026,T
120937,102,03/19/2026,P
121367,102,03/19/2026,P
121480,101,03/19/2026,P
122308,101,03/19/2026,A
122742,101,03/19/2026,P
122784,102,03/19/2026,P
123160,102,03/19/2026,P
123372,101,03/19/2026,P
123412,101,03/19/2026,P
123588,101,03/19/2026,P
123825,101,03/19/2026,P
124172,101,03/19/2026,P
124256,101,03/19/2026,P
124641,101,03/19/2026,E
124664,101,03/19/2026,T
125516,102,03/19/2026,P
125585,102,03/19/2026,P
126032,101,03/19/2026,P
126093,102,03/19/2026,P
126134,101,03/19/2026,P
126342,101,03/19/2026,P
126350,102,03/19/2026,T
126955,101,03/19/2026,P
127003,102,03/19/2026,P
127379,101,03/19/2026,P
127522,102,03/19/2026,P
127565,102,03/19/2026,P
127670,102,03/19/2026,P
127881,102,03/19/2026,P
128141,102,03/19/2026,P
128381,102,03/19/2026,P
128457,101,03/19/2026,P
128734,101,03/19/2026,P
128907,101,03/19/2026,P
129451,102,03/19/2026,P
129468,102,03/19/2026,P
129571,102,03/19/2026,P
129682,101,03/19/2026,E
129936,101,03/19/2026,P
129979,102,03/19/2026,P
129992,101,03/19/2026,A
130030,101,03/19/2026,P
130216,101,03/19/2026,P
130582,101,03/19/2026,P
130762,101,03/19/2026,P
130804,102,03/19/2026,P
130997,102,03/19/2026,P
131196,102,03/19/2026,P
131384,102,03/19/2026,P
131401,101,03/19/2026,P
131595,102,03/19/2026,P
131822,101,03/19/2026,P
132081,102,03/19/2026,P
132131,101,03/19/2026,P
132171,102,03/19/2026,P
132180,102,03/19/2026,P
132242,101,03/19/2026,P
132581,102,03/19/2026,P
132608,101,03/19/2026,P
132664,102,03/19/2026,P
132666,101,03/19/2026,P
132892,101,03/19/2026,P
132932,102,03/19/2026,P
133077,102,03/19/2026,P
133184,101,03/19/2026,T
133272,102,03/19/2026,P
133448,102,03/19/2026,P
133506,101,03/19/2026,P
133542,102,03/19/2026,P
133616,102,03/19/2026,P
133658,101,03/19/2026,P
133762,101,03/19/2026,P
133946,101,03/19/2026,P
134080,101,03/19/2026,P
134268,102,03/19/2026,P
134289,102,03/19/2026,P
134383,101,03/19/2026,T
135262,102,03/19/2026,P
135758,101,03/19/2026,P
135769,101,03/19/2026,P
135812,102,03/19/2026,P
135821,102,03/19/2026,P
135901,101,03/19/2026,T
135923,101,03/19/2026,P
136336,102,03/19/2026,P
136474,101,03/19/2026,T
136533,101,03/19/2026,P
136558,102,03/19/2026,P
136686,102,03/19/2026,P
136962,101,03/19/2026,P
137523,102,03/19/2026,P
137636,101,03/19/2026,T
137717,102,03/19/2026,P
137842,102,03/19/2026,P
138052,102,03/19/2026,P
138211,102,03/19/2026,P
138406,102,03/19/2026,T
138438,102,03/19/2026,P
138530,101,03/19/2026,P
139142,101,03/19/2026,A
139199,101,03/19/2026,P
139332,102,03/19/2026,P
139389,102,03/19/2026,P
139985,102,03/19/2026,P
100014,101,03/20/2026,P
100166,102,03/20/2026,P
100336,101,03/20/2026,P
100607,102,03/20/2026,P
100752,102,03/20/2026,P
100919,102,03/20/2026,A
100926,101,03/20/2026,P
101621,101,03/20/2026,P
101663,101,03/20/2026,P
101676,101,03/20/2026,T
101690,102,03/20/2026,P
102169,102,03/20/2026,P
102203,101,03/20/2026,P
102926,102,03/20/2026,P
103203,101,03/20/2026,P
103366,101,03/20/2026,A
104213,102,03/20/2026,P
104812,101,03/20/2026,P
105001,102,03/20/2026,T
105290,102,03/20/2026,P
105443,101,03/20/2026,P
105533,101,03/20/2026,P
105876,102,03/20/2026,P
105943,101,03/20/2026,P
106040,102,03/20/2026,P
106334,101,03/20/2026,P
106425,102,03/20/2026,P
106447,101,03/20/2026,P
106722,101,03/20/2026,P
106726,102,03/20/2026,P
106955,102,03/20/2026,P
107257,102,03/20/2026,P
107631,101,03/20/2026,P
107806,101,03/20/2026,P
107917,101,03/20/2026,P
107954,101,03/20/2026,P
107996,102,03/20/2026,P
108454,101,03/20/2026,P
108599,101,03/20/2026,P
108838,102,03/20/2026,P
108870,101,03/20/2026,P
109233,102,03/20/2026,P
109333,101,03/20/2026,P
109591,102,03/20/2026,P
109734,101,03/20/2026,P
109820,101,03/20/2026,P
110142,102,03/20/2026,P
110493,102,03/20/2026,A
111996,102,03/20/2026,p
112752,101,03/20/2026,P
112890,102,03/20/2026,P
113028,101,03/20/2026,P
113096,101,03/20/2026,E
113273,102,03/20/2026,P
113777,102,03/20/2026,P
114609,101,03/20/2026,P
114633,102,03/20/2026,P
114714,101,03/20/2026,P
115724,102,03/20/2026,P
116242,102,03/20/2026,P
116449,101,03/20/2026,P
116483,101,03/20/2026,P
116950,102,03/20/2026,P
116962,101,03/20/2026,P
117046,101,03/20/2026,P
117463,102,03/20/2026,A
117598,102,03/20/2026,P
117631,101,03/20/2026,P
118824,101,03/20/2026,P
118848,101,03/20/2026,A
119009,101,03/20/2026,P
119050,102,03/20/2026,P
119144,102,03/20/2026,P
119292,102,03/20/2026,P
119901,101,03/20/2026,P
120054,101,03/20/2026,P
120160,101,03/20/2026,P
120250,101,03/20/2026,P
120541,102,03/20/2026,P
120593,102,03/20/2026,P
120752,101,03/20/2026,P
120937,102,03/20/2026,P
121367,102,03/20/2026,P
121480,101,03/20/2026,A
122308,101,03/20/2026,E
122742,101,03/20/2026,P
122784,102,03/20/2026,P
123160,102,03/20/2026,P
123372,101,03/20/2026,P
123412,101,03/20/2026,P
123588,101,03/20/2026,P
123825,101,03/20/2026,P
124172,101,03/20/2026,A
124256,101,03/20/2026,E
124641,101,03/20/2026,P
124664,101,03/20/2026,P
125516,102,03/20/2026,P
125585,102,03/20/2026,P
126032,101,03/20/2026,P
126093,102,03/20/2026,P
126134,101,03/20/2026,P
126342,101,03/20/2026,P
126350,102,03/20/2026,P
126955,101,03/20/2026,P
127003,102,03/20/2026,P
127379,101,03/20/2026,P
127522,102,03/20/2026,P
127565,102,03/20/2026,P
127670,102,03/20/2026,P
127881,102,03/20/2026,P
128141,102,03/20/2026,P
128381,102,03/20/2026,P
128457,101,03/20/2026,P
128734,101,03/20/2026,P
128907,101,03/20/2026,P
129451,102,03/20/2026,P
129468,102,03/20/2026,T
129571,102,03/20/2026,P
129682,101,03/20/2026,P
129936,101,03/20/2026,P
129979,102,03/20/2026,P
129992,101,03/20/2026,T
130030,101,03/20/2026,P
130216,101,03/20/2026,P
130582,101,03/20/2026,P
130762,101,03/20/2026,P
130804,102,03/20/2026,P
130997,102,03/20/2026,P
131196,102,03/20/2026,P
131384,102,03/20/2026,P
131401,101,03/20/2026,P
131595,102,03/20/2026,P
131822,101,03/20/2026,P
132081,102,03/20/2026,P
132131,101,03/20/2026,P
132171,102,03/20/2026,P
132180,102,03/20/2026,E
132242,101,03/20/2026,P
132581,102,03/20/2026,P
132608,101,03/20/2026,P
132664,102,03/20/2026,P
132666,101,03/20/2026,P
132892,101,03/20/2026,P
132932,102,03/20/2026,P
133077,102,03/20/2026,P
133184,101,03/20/2026,P
133272,102,03/20/2026,P
133448,102,03/20/2026,P
133506,101,03/20/2026,P
133542,102,03/20/2026,P
133616,102,03/20/2026,P
133658,101,03/20/2026,P
133762,101,03/20/2026,P
133946,101,03/20/2026,P
134080,101,03/20/2026,P
134268,102,03/20/2026,P
134289,102,03/20/2026,P
134383,101,03/20/2026,P
135262,102,03/20/2026,P
135758,101,03/20/2026,T
135769,101,03/20/2026,P
135812,102,03/20/2026,P
135821,102,03/20/2026,P
135901,101,03/20/2026,P
135923,101,03/20/2026,E
136336,102,03/20/2026,P
136474,101,03/20/2026,P
136533,101,03/20/2026,P
136558,102,03/20/2026,P
136686,102,03/20/2026,P
136962,101,03/20/2026,P
137523,102,03/20/2026,T
137636,101,03/20/2026,P
137717,102,03/20/2026,P
137842,102,03/20/2026,P
138052,102,03/20/2026,P
138211,102,03/20/2026,P
138406,102,03/20/2026,P
138438,102,03/20/2026,P
138530,101,03/20/2026,A
139142,101,03/20/2026,P
139199,101,03/20/2026,P
139332,102,03/20/2026,P
139389,102,03/20/2026,P
139985,102,03/20/2026,P
100014,101,03/30/2026,P
100166,102,03/30/2026,P
100336,101,03/30/2026,P
100607,102,03/30/2026,T
100752,102,03/30/2026,P
100919,102,03/30/2026,P
100926,101,03/30/2026,T
101621,101,03/30/2026,P
101663,101,03/30/2026,P
101676,101,03/30/2026,P
101690,102,03/30/2026,P
102169,102,03/30/2026,P
102203,101,03/30/2026,P
102926,102,03/30/2026,P
103203,101,03/30/2026,P
103366,101,03/30/2026,P
104213,102,03/30/2026,P
104812,101,03/30/2026,P
105001,102,03/30/2026,P
105290,102,03/30/2026,P
105443,101,03/30/2026,P
105533,101,03/30/2026,P
105876,102,03/30/2026,P
105943,101,03/30/2026,P
106040,102,03/30/2026,P
106334,101,03/30/2026,P
106425,102,03/30/2026,P
106447,101,03/30/2026,P
106722,101,03/30/2026,P
106726,102,03/30/2026,P
106955,102,03/30/2026,P
107257,102,03/30/2026,P
107631,101,03/30/2026,P
107806,101,03/30/2026,E
107917,101,03/30/2026,E
107954,101,03/30/2026,P
107996,102,03/30/2026,T
108454,101,03/30/2026,P
108599,101,03/30/2026,P
108838,102,03/30/2026,P
108870,101,03/30/2026,P
109233,102,03/30/2026,P
109333,101,03/30/2026,P
109591,102,03/30/2026,P
109734,101,03/30/2026,P
109820,101,03/30/2026,P
110142,102,03/30/2026,P
110493,102,03/30/2026,P
111996,102,03/30/2026,P
112752,101,03/30/2026,P
112890,102,03/30/2026,P
113028,101,03/30/2026,P
113096,101,03/30/2026,P
113273,102,03/30/2026,P
113777,102,03/30/2026,P
114609,101,03/30/2026,P
114633,102,03/30/2026,P
114714,101,03/30/2026,P
115724,102,03/30/2026,P
116242,102,03/30/2026,P
116449,101,03/30/2026,P
116483,101,03/30/2026,P
116950,102,03/30/2026,P
116962,101,03/30/2026,P
117046,101,03/30/2026,P
117463,102,03/30/2026,P
117598,102,03/30/2026,P
117631,101,03/30/2026,P
118824,101,03/30/2026,P
118848,101,03/30/2026,P
119009,101,03/30/2026,P
119050,102,03/30/2026,P
119144,102,03/30/2026,P
119292,102,03/30/2026,P
119901,101,03/30/2026,P
120054,101,03/30/2026,P
120160,101,03/30/2026,P
120250,101,03/30/2026,P
120541,102,03/30/2026,P
120593,102,03/30/2026,P
120752,101,03/30/2026,P
120937,102,03/30/2026,P
121367,102,03/30/2026,P
121480,101,03/30/2026,P
122308,101,03/30/2026,P
122742,101,03/30/2026,P
122784,102,03/30/2026,P
123160,102,03/30/2026,P
123372,101,03/30/2026,P
123412,101,03/30/2026,P
123588,101,03/30/2026,P
123825,101,03/30/2026,P
124172,101,03/30/2026,T
124256,101,03/30/2026,P
124641,101,03/30/2026,P
124664,101,03/30/2026,P
125516,102,03/30/2026,P
125585,102,03/30/2026,P
126032,101,03/30/2026,P
126093,102,03/30/2026,P
126134,101,03/30/2026,P
126342,101,03/30/2026,P
126350,102,03/30/2026,P
126955,101,03/30/2026,P
127003,102,03/30/2026,P
127379,101,03/30/2026,P
127522,102,03/30/2026,T
127565,102,03/30/2026,P
127670,102,03/30/2026,E
127881,102,03/30/2026,A
128141,102,03/30/2026,P
128381,102,03/30/2026,P
128457,101,03/30/2026,P
128734,101,03/30/2026,A
128907,101,03/30/2026,P
129451,102,03/30/2026,P
129468,102,03/30/2026,P
129571,102,03/30/2026,P
129682,101,03/30/2026,P
129936,101,03/30/2026,P
129979,102,03/30/2026,P
129992,101,03/30/2026,P
130030,101,03/30/2026,P
130216,101,03/30/2026,P
130582,101,03/30/2026,P
130762,101,03/30/2026,T
130804,102,03/30/2026,P
130997,102,03/30/2026,P
131196,102,03/30/2026,P
131384,102,03/30/2026,P
131401,101,03/30/2026,P
131595,102,03/30/2026,P
131822,101,03/30/2026,P
132081,102,03/30/2026,P
132131,101,03/30/2026,P
132171,102,03/30/2026,P
132180,102,03/30/2026,P
132242,101,03/30/2026,P
132581,102,03/30/2026,P
132608,101,03/30/2026,P
132664,102,03/30/2026,P
132666,101,03/30/2026,P
132892,101,03/30/2026,P
132932,102,03/30/2026,P
133077,102,03/30/2026,P
133184,101,03/30/2026,P
133272,102,03/30/2026,P
133448,102,03/30/2026,P
133506,101,03/30/2026,P
133542,102,03/30/2026,P
133616,102,03/30/2026,P
133658,101,03/30/2026,P
133762,101,03/30/2026,P
133946,101,03/30/2026,P
134080,101,03/30/2026,P
134268,102,03/30/2026,P
134289,102,03/30/2026,P
134383,101,03/30/2026,P
135262,102,03/30/2026,P
135758,101,03/30/2026,P
135769,101,03/30/2026,E
135812,102,03/30/2026,P
135821,102,03/30/2026,P
135901,101,03/30/2026,P
135923,101,03/30/2026,P
136336,102,03/30/2026,P
136474,101,03/30/2026,P
136533,101,03/30/2026,P
136558,102,03/30/2026,P
136686,102,03/30/2026,P
136962,101,03/30/2026,P
137523,102,03/30/2026,P
137636,101,03/30/2026,P
137717,102,03/30/2026,P
137842,102,03/30/2026,P
138052,102,03/30/2026,P
138211,102,03/30/2026,P
138406,102,03/30/2026,P
138438,102,03/30/2026,P
138530,101,03/30/2026,T
139142,101,03/30/2026,P
139199,101,03/30/2026,P
139332,102,03/30/2026,P
139389,102,03/30/2026,T
139985,102,03/30/2026,P
100014,101,03/31/2026,P
100166,102,03/31/2026,P
100336,101,03/31/2026,P
100607,102,03/31/2026,P
100752,102,03/31/2026,P
100919,102,03/31/2026,P
100926,101,03/31/2026,P
101621,101,03/31/2026,P
101663,101,03/31/2026,P
101676,101,03/31/2026,P
101690,102,03/31/2026,P
102169,102,03/31/2026,P
102203,101,03/31/2026,P
102926,102,03/31/2026,P
103203,101,03/31/2026,P
103366,101,03/31/2026,A
104213,102,03/31/2026,E
104812,101,03/31/2026,A
105001,102,03/31/2026,P
105290,102,03/31/2026,P
105443,101,03/31/2026,P
105533,101,03/31/2026,P
105876,102,03/31/2026,P
105943,101,03/31/2026,P
106040,102,03/31/2026,P
106334,101,03/31/2026,P
106425,102,03/31/2026,A
106447,101,03/31/2026,P
106722,101,03/31/2026,P
106726,102,03/31/2026,P
106955,102,03/31/2026,P
107257,102,03/31/2026,P
107631,101,03/31/2026,P
107806,101,03/31/2026,P
107917,101,03/31/2026,P
107954,101,03/31/2026,P
107996,102,03/31/2026,P
108454,101,03/31/2026,P
108599,101,03/31/2026,P
108838,102,03/31/2026,P
108870,101,03/31/2026,P
109233,102,03/31/2026,P
109333,101,03/31/2026,P
109591,102,03/31/2026,P
109734,101,03/31/2026,P
109820,101,03/31/2026,P
110142,102,03/31/2026,P
110493,102,03/31/2026,A
111996,102,03/31/2026,E
112752,101,03/31/2026,P
112890,102,03/31/2026,P
113028,101,03/31/2026,P
113096,101,03/31/2026,E
113273,102,03/31/2026,P
113777,102,03/31/2026,A
114609,101,03/31/2026,P
114633,102,03/31/2026,A
114714,101,03/31/2026,P
115724,102,03/31/2026,P
116242,102,03/31/2026,P
116449,101,03/31/2026,P
116483,101,03/31/2026,P
116950,102,03/31/2026,E
116962,101,03/31/2026,P
117046,101,03/31/2026,P
117463,102,03/31/2026,P
117598,102,03/31/2026,P
117631,101,03/31/2026,P
118824,101,03/31/2026,P
118848,101,03/31/2026,P
119009,101,03/31/2026,P
119050,102,03/31/2026,P
119144,102,03/31/2026,P
119292,102,03/31/2026,P
119901,101,03/31/2026,P
120054,101,03/31/2026,P
120160,101,03/31/2026,P
120250,101,03/31/2026,P
120541,102,03/31/2026,P
120593,102,03/31/2026,P
120752,101,03/31/2026,P
120937,102,03/31/2026,P
121367,102,03/31/2026,P
121480,101,03/31/2026,A
122308,101,03/31/2026,E
122742,101,03/31/2026,S
122784,102,03/31/2026,P
123160,102,03/31/2026,P
123372,101,03/31/2026,P
123412,101,03/31/2026,P
123588,101,03/31/2026,P
123825,101,03/31/2026,P
124172,101,03/31/2026,P
124256,101,03/31/2026,P
124641,101,03/31/2026,P
124664,101,03/31/2026,P
125516,102,03/31/2026,P
125585,102,03/31/2026,P
126032,101,03/31/2026,P
126093,102,03/31/2026,P
126134,101,03/31/2026,P
126342,101,03/31/2026,P
126350,102,03/31/2026,P
126955,101,03/31/2026,T
127003,102,03/31/2026,P
127379,101,03/31/2026,P
127522,102,03/31/2026,P
127565,102,03/31/2026,P
127670,102,03/31/2026,P
127881,102,03/31/2026,P
128141,102,03/31/2026,P
128381,102,03/31/2026,P
128457,101,03/31/2026,P
128734,101,03/31/2026,P
128907,101,03/31/2026,P
129451,102,03/31/2026,P
129468,102,03/31/2026,P
129571,102,03/31/2026,P
129682,101,03/31/2026,P
129936,101,03/31/2026,P
129979,102,03/31/2026,P
129992,101,03/31/2026,P
130030,101,03/31/2026,S
130216,101,03/31/2026,P
130582,101,03/31/2026,P
130762,101,03/31/2026,P
130804,102,03/31/2026,P
130997,102,03/31/2026,p
131196,102,03/31/2026,P
131384,102,03/31/2026,P
131401,101,03/31/2026,P
131595,102,03/31/2026,P
131822,101,03/31/2026,P
132081,102,03/31/2026,P
132131,101,03/31/2026,P
132171,102,03/31/2026,P
132180,102,03/31/2026,P
132242,101,03/31/2026,P
132581,102,03/31/2026,P
132608,101,03/31/2026,P
132664,102,03/31/2026,P
132666,101,03/31/2026,P
132892,101,03/31/2026,P
132932,102,03/31/2026,A
133077,102,03/31/2026,P
133184,101,03/31/2026,P
133272,102,03/31/2026,P
133448,102,03/31/2026,P
133506,101,03/31/2026,T
133542,102,03/31/2026,P
133616,102,03/31/2026,P
133658,101,03/31/2026,P
133762,101,03/31/2026,P
133946,101,03/31/2026,P
134080,101,03/31/2026,P
134268,102,03/31/2026,P
134289,102,03/31/2026,P
134383,101,03/31/2026,P
135262,102,03/31/2026,P
135758,101,03/31/2026,P
135769,101,03/31/2026,P
135812,102,03/31/2026,P
135821,102,03/31/2026,P
135901,101,03/31/2026,P
135923,101,03/31/2026,P
136336,102,03/31/2026,P
136474,101,03/31/2026,P
136533,101,03/31/2026,P
136558,102,03/31/2026,P
136686,102,03/31/2026,T
136962,101,03/31/2026,P
137523,102,03/31/2026,P
137636,101,03/31/2026,P
137717,102,03/31/2026,P
137842,102,03/31/2026,P
138052,102,03/31/2026,P
138211,102,03/31/2026,P
138406,102,03/31/2026,P
138438,102,03/31/2026,P
138530,101,03/31/2026,P
139142,101,03/31/2026,P
139199,101,03/31/2026,P
139332,102,03/31/2026,P
139389,102,03/31/2026,P
139985,102,03/31/2026,P
100014,101,04/01/2026,P
100166,102,04/01/2026,P
100336,101,04/01/2026,E
100607,102,04/01/2026,P
100752,102,04/01/2026,P
100919,102,04/01/2026,P
100926,101,04/01/2026,P
101621,101,04/01/2026,P
101663,101,04/01/2026,P
101676,101,04/01/2026,P
101690,102,04/01/2026,P
102169,102,04/01/2026,P
102203,101,04/01/2026,P
102926,102,04/01/2026,P
103203,101,04/01/2026,P
103366,101,04/01/2026,A
104213,102,04/01/2026,P
104812,101,04/01/2026,P
105001,102,04/01/2026,P
105290,102,04/01/2026,P
105443,101,04/01/2026,P
105533,101,04/01/2026,P
105876,102,04/01/2026,P
105943,101,04/01/2026,P
106040,102,04/01/2026,P
106334,101,04/01/2026,P
106425,102,04/01/2026,P
106447,101,04/01/2026,P
106722,101,04/01/2026,E
106726,102,04/01/2026,P
106955,102,04/01/2026,P
107257,102,04/01/2026,P
107631,101,04/01/2026,P
107806,101,04/01/2026,P
107917,101,04/01/2026,P
107954,101,04/01/2026,P
107996,102,04/01/2026,p
108454,101,04/01/2026,P
108599,101,04/01/2026,P
108838,102,04/01/2026,P
108870,101,04/01/2026,P
109233,102,04/01/2026,P
109333,101,04/01/2026,P
109591,102,04/01/2026,P
109734,101,04/01/2026,P
109820,101,04/01/2026,P
110142,102,04/01/2026,P
110493,102,04/01/2026,P
111996,102,04/01/2026,P
112752,101,04/01/2026,P
112890,102,04/01/2026,P
113028,101,04/01/2026,P
113096,101,04/01/2026,P
113273,102,04/01/2026,T
113777,102,04/01/2026,P
114609,101,04/01/2026,P
114633,102,04/01/2026,P
114714,101,04/01/2026,P
115724,102,04/01/2026,P
116242,102,04/01/2026,P
116449,101,04/01/2026,P
116483,101,04/01/2026,P
116950,102,04/01/2026,P
116962,101,04/01/2026,P
117046,101,04/01/2026,P
117463,102,04/01/2026,P
117598,102,04/01/2026,P
117631,101,04/01/2026,P
118824,101,04/01/2026,P
118848,101,04/01/2026,P
119009,101,04/01/2026,P
119050,102,04/01/2026,P
119144,102,04/01/2026,p
119292,102,04/01/2026,T
119901,101,04/01/2026,P
120054,101,04/01/2026,P
120160,101,04/01/2026,P
120250,101,04/01/2026,P
120541,102,04/01/2026,P
120593,102,04/01/2026,P
120752,101,04/01/2026,P
120937,102,04/01/2026,P
121367,102,04/01/2026,P
121480,101,04/01/2026,P
122308,101,04/01/2026,P
122742,101,04/01/2026,T
122784,102,04/01/2026,P
123160,102,04/01/2026,P
123372,101,04/01/2026,P
123412,101,04/01/2026,T
123588,101,04/01/2026,T
123825,101,04/01/2026,P
124172,101,04/01/2026,P
124256,101,04/01/2026,P
124641,101,04/01/2026,E
124664,101,04/01/2026,T
125516,102,04/01/2026,P
125585,102,04/01/2026,P
126032,101,04/01/2026,P
126093,102,04/01/2026,P
126134,101,04/01/2026,P
126342,101,04/01/2026,P
126350,102,04/01/2026,P
126955,101,04/01/2026,P
127003,102,04/01/2026,P
127379,101,04/01/2026,P
127522,102,04/01/2026,A
127565,102,04/01/2026,P
127670,102,04/01/2026,P
127881,102,04/01/2026,P
128141,102,04/01/2026,A
128381,102,04/01/2026,P
128457,101,04/01/2026,P
128734,101,04/01/2026,P
128907,101,04/01/2026,P
129451,102,04/01/2026,P
129468,102,04/01/2026,P
129571,102,04/01/2026,P
129682,101,04/01/2026,T
129936,101,04/01/2026,P
129979,102,04/01/2026,P
129992,101,04/01/2026,P
130030,101,04/01/2026,P
130216,101,04/01/2026,P
130582,101,04/01/2026,P
130762,101,04/01/2026,P
130804,102,04/01/2026,P
130997,102,04/01/2026,P
131196,102,04/01/2026,P
131384,102,04/01/2026,P
131401,101,04/01/2026,P
131595,102,04/01/2026,T
131822,101,04/01/2026,P
132081,102,04/01/2026,P
132131,101,04/01/2026,P
132171,102,04/01/2026,P
132180,102,04/01/2026,P
132242,101,04/01/2026,P
132581,102,04/01/2026,P
132608,101,04/01/2026,P
132664,102,04/01/2026,P
132666,101,04/01/2026,P
132892,101,04/01/2026,P
132932,102,04/01/2026,P
133077,102,04/01/2026,P
133184,101,04/01/2026,P
133272,102,04/01/2026,P
133448,102,04/01/2026,P
133506,101,04/01/2026,P
133542,102,04/01/2026,P
133616,102,04/01/2026,P
133658,101,04/01/2026,P
133762,101,04/01/2026,P
133946,101,04/01/2026,P
134080,101,04/01/2026,P
134268,102,04/01/2026,P
134289,102,04/01/2026,P
134383,101,04/01/2026,P
135262,102,04/01/2026,P
135758,101,04/01/2026,P
135769,101,04/01/2026,P
135812,102,04/01/2026,P
135821,102,04/01/2026,P
135901,101,04/01/2026,P
135923,101,04/01/2026,P
136336,102,04/01/2026,P
136474,101,04/01/2026,E
136533,101,04/01/2026,P
136558,102,04/01/2026,P
136686,102,04/01/2026,P
136962,101,04/01/2026,P
137523,102,04/01/2026,P
137636,101,04/01/2026,P
137717,102,04/01/2026,P
137842,102,04/01/2026,P
138052,102,04/01/2026,P
138211,102,04/01/2026,P
138406,102,04/01/2026,P
138438,102,04/01/2026,A
138530,101,04/01/2026,P
139142,101,04/01/2026,P
139199,101,04/01/2026,P
139332,102,04/01/2026,P
139389,102,04/01/2026,P
139985,102,04/01/2026,P
100014,101,04/02/2026,A
100166,102,04/02/2026,P
100336,101,04/02/2026,P
100607,102,04/02/2026,P
100752,102,04/02/2026,P
100919,102,04/02/2026,P
100926,101,04/02/2026,P
101621,101,04/02/2026,P
101663,101,04/02/2026,P
101676,101,04/02/2026,P
101690,102,04/02/2026,P
102169,102,04/02/2026,P
102203,101,04/02/2026,P
102926,102,04/02/2026,T
103203,101,04/02/2026,P
103366,101,04/02/2026,E
104213,102,04/02/2026,P
104812,101,04/02/2026,P
105001,102,04/02/2026,P
105290,102,04/02/2026,P
105443,101,04/02/2026,T
105533,101,04/02/2026,P
105876,102,04/02/2026,P
105943,101,04/02/2026,P
106040,102,04/02/2026,P
106334,101,04/02/2026,P
106425,102,04/02/2026,P
106447,101,04/02/2026,P
106722,101,04/02/2026,P
106726,102,04/02/2026,P
106955,102,04/02/2026,P
107257,102,04/02/2026,P
107631,101,04/02/2026,P
107806,101,04/02/2026,P
107917,101,04/02/2026,P
107954,101,04/02/2026,P
107996,102,04/02/2026,P
108454,101,04/02/2026,P
108599,101,04/02/2026,P
108838,102,04/02/2026,P
108870,101,04/02/2026,P
109233,102,04/02/2026,P
109333,101,04/02/2026,P
109591,102,04/02/2026,P
109734,101,04/02/2026,P
109820,101,04/02/2026,P
110142,102,04/02/2026,P
110493,102,04/02/2026,P
111996,102,04/02/2026,E
112752,101,04/02/2026,P
112890,102,04/02/2026,P
113028,101,04/02/2026,P
113096,101,04/02/2026,E
113273,102,04/02/2026,P
113777,102,04/02/2026,P
114609,101,04/02/2026,P
114633,102,04/02/2026,P
114714,101,04/02/2026,P
115724,102,04/02/2026,P
116242,102,04/02/2026,P
116449,101,04/02/2026,P
116483,101,04/02/2026,P
116950,102,04/02/2026,P
116962,101,04/02/2026,P
117046,101,04/02/2026,P
117463,102,04/02/2026,P
117598,102,04/02/2026,P
117631,101,04/02/2026,P
118824,101,04/02/2026,P
118848,101,04/02/2026,P
119009,101,04/02/2026,E
119050,102,04/02/2026,P
119144,102,04/02/2026,P
119292,102,04/02/2026,P
119901,101,04/02/2026,P
120054,101,04/02/2026,T
120160,101,04/02/2026,P
120250,101,04/02/2026,P
120541,102,04/02/2026,P
120593,102,04/02/2026,P
120752,101,04/02/2026,P
120937,102,04/02/2026,P
121367,102,04/02/2026,P
121480,101,04/02/2026,P
122308,101,04/02/2026,E
122742,101,04/02/2026,P
122784,102,04/02/2026,E
123160,102,04/02/2026,P
123372,101,04/02/2026,P
123412,101,04/02/2026,P
123588,101,04/02/2026,P
123825,101,04/02/2026,P
124172,101,04/02/2026,P
124256,101,04/02/2026,P
124641,101,04/02/2026,P
124664,101,04/02/2026,P
125516,102,04/02/2026,P
125585,102,04/02/2026,P
126032,101,04/02/2026,P
126093,102,04/02/2026,P
126134,101,04/02/2026,P
126342,101,04/02/2026,P
126350,102,04/02/2026,P
126955,101,04/02/2026,P
127003,102,04/02/2026,P
127379,101,04/02/2026,P
127522,102,04/02/2026,P
127565,102,04/02/2026,P
127670,102,04/02/2026,P
127881,102,04/02/2026,P
128141,102,04/02/2026,P
128381,102,04/02/2026,P
128457,101,04/02/2026,P
128734,101,04/02/2026,P
128907,101,04/02/2026,P
129451,102,04/02/2026,P
129468,102,04/02/2026,A
129571,102,04/02/2026,T
129682,101,04/02/2026,P
129936,101,04/02/2026,P
129979,102,04/02/2026,P
129992,101,04/02/2026,P
130030,101,04/02/2026,A
130216,101,04/02/2026,P
130582,101,04/02/2026,P
130762,101,04/02/2026,P
130804,102,04/02/2026,P
130997,102,04/02/2026,P
131196,102,04/02/2026,P
131384,102,04/02/2026,P
131401,101,04/02/2026,P
131595,102,04/02/2026,P
131822,101,04/02/2026,P
132081,102,04/02/2026,P
132131,101,04/02/2026,P
132171,102,04/02/2026,P
132180,102,04/02/2026,P
132242,101,04/02/2026,P
132581,102,04/02/2026,P
132608,101,04/02/2026,P
132664,102,04/02/2026,P
132666,101,04/02/2026,P
132892,101,04/02/2026,P
132932,102,04/02/2026,P
133077,102,04/02/2026,P
133184,101,04/02/2026,P
133272,102,04/02/2026,P
133448,102,04/02/2026,P
133506,101,04/02/2026,P
133542,102,04/02/2026,P
133616,102,04/02/2026,P
133658,101,04/02/2026,P
133762,101,04/02/2026,T
133946,101,04/02/2026,P
134080,101,04/02/2026,P
134268,102,04/02/2026,P
134289,102,04/02/2026,P
134383,101,04/02/2026,P
135262,102,04/02/2026,P
135758,101,04/02/2026,P
135769,101,04/02/2026,P
135812,102,04/02/2026,P
135821,102,04/02/2026,P
135901,101,04/02/2026,p
135923,101,04/02/2026,P
136336,102,04/02/2026,P
136474,101,04/02/2026,P
136533,101,04/02/2026,P
136558,102,04/02/2026,E
136686,102,04/02/2026,P
136962,101,04/02/2026,P
137523,102,04/02/2026,P
137636,101,04/02/2026,P
137717,102,04/02/2026,P
137842,102,04/02/2026,P
138052,102,04/02/2026,T
138211,102,04/02/2026,P
138406,102,04/02/2026,P
138438,102,04/02/2026,P
138530,101,04/02/2026,P
139142,101,04/02/2026,P
139199,101,04/02/2026,P
139332,102,04/02/2026,P
139389,102,04/02/2026,P
139985,102,04/02/2026,P
100014,101,04/03/2026,P
100166,102,04/03/2026,P
100336,101,04/03/2026,P
100607,102,04/03/2026,P
100752,102,04/03/2026,P
100919,102,04/03/2026,A
100926,101,04/03/2026,P
101621,101,04/03/2026,P
101663,101,04/03/2026,P
101676,101,04/03/2026,P
101690,102,04/03/2026,P
102169,102,04/03/2026,P
102203,101,04/03/2026,P
102926,102,04/03/2026,P
103203,101,04/03/2026,P
103366,101,04/03/2026,A
104213,102,04/03/2026,P
104812,101,04/03/2026,S
105001,102,04/03/2026,P
105290,102,04/03/2026,P
105443,101,04/03/2026,P
105533,101,04/03/2026,P
105876,102,04/03/2026,P
105943,101,04/03/2026,P
106040,102,04/03/2026,P
106334,101,04/03/2026,P
106425,102,04/03/2026,P
106447,101,04/03/2026,P
106722,101,04/03/2026,P
106726,102,04/03/2026,P
106955,102,04/03/2026,P
107257,102,04/03/2026,P
107631,101,04/03/2026,P
107806,101,04/03/2026,p
107917,101,04/03/2026,P
107954,101,04/03/2026,T
107996,102,04/03/2026,P
108454,101,04/03/2026,P
108599,101,04/03/2026,P
108838,102,04/03/2026,P
108870,101,04/03/2026,P
109233,102,04/03/2026,P
109333,101,04/03/2026,P
109591,102,04/03/2026,P
109734,101,04/03/2026,P
109820,101,04/03/2026,P
110142,102,04/03/2026,P
110493,102,04/03/2026,P
111996,102,04/03/2026,A
112752,101,04/03/2026,A
112890,102,04/03/2026,P
113028,101,04/03/2026,P
113096,101,04/03/2026,P
113273,102,04/03/2026,P
113777,102,04/03/2026,A
114609,101,04/03/2026,P
114633,102,04/03/2026,P
114714,101,04/03/2026,T
115724,102,04/03/2026,T
116242,102,04/03/2026,P
116449,101,04/03/2026,T
116483,101,04/03/2026,P
116950,102,04/03/2026,P
116962,101,04/03/2026,P
117046,101,04/03/2026,P
117463,102,04/03/2026,P
117598,102,04/03/2026,P
117631,101,04/03/2026,P
118824,101,04/03/2026,P
118848,101,04/03/2026,P
119009,101,04/03/2026,p
119050,102,04/03/2026,P
119144,102,04/03/2026,T
119292,102,04/03/2026,P
119901,101,04/03/2026,P
120054,101,04/03/2026,A
120160,101,04/03/2026,P
120250,101,04/03/2026,P
120541,102,04/03/2026,T
120593,102,04/03/2026,P
120752,101,04/03/2026,P
120937,102,04/03/2026,P
121367,102,04/03/2026,P
121480,101,04/03/2026,P
122308,101,04/03/2026,A
122742,101,04/03/2026,P
122784,102,04/03/2026,P
123160,102,04/03/2026,T
123372,101,04/03/2026,P
123412,101,04/03/2026,P
123588,101,04/03/2026,P
123825,101,04/03/2026,P
124172,101,04/03/2026,P
124256,101,04/03/2026,P
124641,101,04/03/2026,P
124664,101,04/03/2026,P
125516,102,04/03/2026,T
125585,102,04/03/2026,P
126032,101,04/03/2026,P
126093,102,04/03/2026,P
126134,101,04/03/2026,P
126342,101,04/03/2026,P
126350,102,04/03/2026,T
126955,101,04/03/2026,P
127003,102,04/03/2026,P
127379,101,04/03/2026,p
127522,102,04/03/2026,P
127565,102,04/03/2026,P
127670,102,04/03/2026,P
127881,102,04/03/2026,P
128141,102,04/03/2026,P
128381,102,04/03/2026,P
128457,101,04/03/2026,P
128734,101,04/03/2026,P
128907,101,04/03/2026,P
129451,102,04/03/2026,P
129468,102,04/03/2026,P
129571,102,04/03/2026,P
129682,101,04/03/2026,P
129936,101,04/03/2026,P
129979,102,04/03/2026,A
129992,101,04/03/2026,P
130030,101,04/03/2026,P
130216,101,04/03/2026,P
130582,101,04/03/2026,A
130762,101,04/03/2026,P
130804,102,04/03/2026,P
130997,102,04/03/2026,P
131196,102,04/03/2026,P
131384,102,04/03/2026,P
131401,101,04/03/2026,P
131595,102,04/03/2026,P
131822,101,04/03/2026,P
132081,102,04/03/2026,P
132131,101,04/03/2026,P
132171,102,04/03/2026,P
132180,102,04/03/2026,A
132242,101,04/03/2026,P
132581,102,04/03/2026,P
132608,101,04/03/2026,P
132664,102,04/03/2026,P
132666,101,04/03/2026,P
132892,101,04/03/2026,P
132932,102,04/03/2026,P
133077,102,04/03/2026,P
133184,101,04/03/2026,P
133272,102,04/03/2026,P
133448,102,04/03/2026,P
133506,101,04/03/2026,P
133542,102,04/03/2026,P
133616,102,04/03/2026,P
133658,101,04/03/2026,P
133762,101,04/03/2026,P
133946,101,04/03/2026,P
134080,101,04/03/2026,P
134268,102,04/03/2026,P
134289,102,04/03/2026,P
134383,101,04/03/2026,P
135262,102,04/03/2026,P
135758,101,04/03/2026,P
135769,101,04/03/2026,P
135812,102,04/03/2026,P
135821,102,04/03/2026,P
135901,101,04/03/2026,E
135923,101,04/03/2026,A
136336,102,04/03/2026,P
136474,101,04/03/2026,P
136533,101,04/03/2026,P
136558,102,04/03/2026,P
136686,102,04/03/2026,P
136962,101,04/03/2026,P
137523,102,04/03/2026,P
137636,101,04/03/2026,P
137717,102,04/03/2026,P
137842,102,04/03/2026,P
138052,102,04/03/2026,P
138211,102,04/03/2026,P
138406,102,04/03/2026,P
138438,102,04/03/2026,P
138530,101,04/03/2026,P
139142,101,04/03/2026,P
139199,101,04/03/2026,P
139332,102,04/03/2026,p
139389,102,04/03/2026,P
139985,102,04/03/2026,P
100014,101,04/06/2026,P
100166,102,04/06/2026,P
100336,101,04/06/2026,P
100607,102,04/06/2026,T
100752,102,04/06/2026,P
100919,102,04/06/2026,P
100926,101,04/06/2026,P
101621,101,04/06/2026,P
101663,101,04/06/2026,P
101676,101,04/06/2026,P
101690,102,04/06/2026,P
102169,102,04/06/2026,P
102203,101,04/06/2026,T
102926,102,04/06/2026,P
103203,101,04/06/2026,P
103366,101,04/06/2026,P
104213,102,04/06/2026,P
104812,101,04/06/2026,E
105001,102,04/06/2026,P
105290,102,04/06/2026,P
105443,101,04/06/2026,P
105533,101,04/06/2026,P
105876,102,04/06/2026,P
105943,101,04/06/2026,P
106040,102,04/06/2026,P
106334,101,04/06/2026,P
106425,102,04/06/2026,P
106447,101,04/06/2026,P
106722,101,04/06/2026,P
106726,102,04/06/2026,P
106955,102,04/06/2026,P
107257,102,04/06/2026,P
107631,101,04/06/2026,P
107806,101,04/06/2026,P
107917,101,04/06/2026,P
107954,101,04/06/2026,p
107996,102,04/06/2026,P
108454,101,04/06/2026,P
108599,101,04/06/2026,P
108838,102,04/06/2026,P
108870,101,04/06/2026,T
109233,102,04/06/2026,P
109333,101,04/06/2026,P
109591,102,04/06/2026,P
109734,101,04/06/2026,P
109820,101,04/06/2026,P
110142,102,04/06/2026,P
110493,102,04/06/2026,P
111996,102,04/06/2026,T
112752,101,04/06/2026,P
112890,102,04/06/2026,P
113028,101,04/06/2026,P
113096,101,04/06/2026,P
113273,102,04/06/2026,P
113777,102,04/06/2026,P
114609,101,04/06/2026,P
114633,102,04/06/2026,P
114714,101,04/06/2026,P
115724,102,04/06/2026,P
116242,102,04/06/2026,P
116449,101,04/06/2026,P
116483,101,04/06/2026,P
116950,102,04/06/2026,P
116962,101,04/06/2026,P
117046,101,04/06/2026,P
117463,102,04/06/2026,P
117598,102,04/06/2026,P
117631,101,04/06/2026,P
118824,101,04/06/2026,P
118848,101,04/06/2026,P
119009,101,04/06/2026,P
119050,102,04/06/2026,P
119144,102,04/06/2026,P
119292,102,04/06/2026,P
119901,101,04/06/2026,P
120054,101,04/06/2026,P
120160,101,04/06/2026,P
120250,101,04/06/2026,P
120541,102,04/06/2026,P
120593,102,04/06/2026,P
120752,101,04/06/2026,P
120937,102,04/06/2026,P
121367,102,04/06/2026,P
121480,101,04/06/2026,E
122308,101,04/06/2026,P
122742,101,04/06/2026,P
122784,102,04/06/2026,P
123160,102,04/06/2026,P
123372,101,04/06/2026,T
123412,101,04/06/2026,E
123588,101,04/06/2026,P
123825,101,04/06/2026,P
124172,101,04/06/2026,P
124256,101,04/06/2026,P
124641,101,04/06/2026,P
124664,101,04/06/2026,P
125516,102,04/06/2026,P
125585,102,04/06/2026,P
126032,101,04/06/2026,P
126093,102,04/06/2026,T
126134,101,04/06/2026,P
126342,101,04/06/2026,P
126350,102,04/06/2026,P
126955,101,04/06/2026,P
127003,102,04/06/2026,P
127379,101,04/06/2026,P
127522,102,04/06/2026,P
127565,102,04/06/2026,P
127670,102,04/06/2026,P
127881,102,04/06/2026,P
128141,102,04/06/2026,P
128381,102,04/06/2026,P
128457,101,04/06/2026,P
128734,101,04/06/2026,P
128907,101,04/06/2026,P
129451,102,04/06/2026,P
129468,102,04/06/2026,P
129571,102,04/06/2026,A
129682,101,04/06/2026,P
129936,101,04/06/2026,P
129979,102,04/06/2026,P
129992,101,04/06/2026,P
130030,101,04/06/2026,P
130216,101,04/06/2026,P
130582,101,04/06/2026,P
130762,101,04/06/2026,P
130804,102,04/06/2026,P
130997,102,04/06/2026,P
131196,102,04/06/2026,P
131384,102,04/06/2026,P
131401,101,04/06/2026,P
131595,102,04/06/2026,P
131822,101,04/06/2026,P
132081,102,04/06/2026,P
132131,101,04/06/2026,P
132171,102,04/06/2026,P
132180,102,04/06/2026,P
132242,101,04/06/2026,P
132581,102,04/06/2026,P
132608,101,04/06/2026,P
132664,102,04/06/2026,P
132666,101,04/06/2026,p
132892,101,04/06/2026,P
132932,102,04/06/2026,P
133077,102,04/06/2026,P
133184,101,04/06/2026,P
133272,102,04/06/2026,P
133448,102,04/06/2026,P
133506,101,04/06/2026,P
133542,102,04/06/2026,P
133616,102,04/06/2026,P
133658,101,04/06/2026,P
133762,101,04/06/2026,A
133946,101,04/06/2026,P
134080,101,04/06/2026,P
134268,102,04/06/2026,P
134289,102,04/06/2026,P
134383,101,04/06/2026,A
135262,102,04/06/2026,P
135758,101,04/06/2026,P
135769,101,04/06/2026,P
135812,102,04/06/2026,P
135821,102,04/06/2026,P
135901,101,04/06/2026,P
135923,101,04/06/2026,T
136336,102,04/06/2026,P
136474,101,04/06/2026,P
136533,101,04/06/2026,P
136558,102,04/06/2026,P
136686,102,04/06/2026,P
136962,101,04/06/2026,P
137523,102,04/06/2026,P
137636,101,04/06/2026,P
137717,102,04/06/2026,P
137842,102,04/06/2026,P
138052,102,04/06/2026,P
138211,102,04/06/2026,P
138406,102,04/06/2026,P
138438,102,04/06/2026,P
138530,101,04/06/2026,P
139142,101,04/06/2026,P
139199,101,04/06/2026,P
139332,102,04/06/2026,P
139389,102,04/06/2026,P
139985,102,04/06/2026,E
100014,101,04/07/2026,P
100166,102,04/07/2026,P
100336,101,04/07/2026,P
100607,102,04/07/2026,P
100752,102,04/07/2026,P
100919,102,04/07/2026,P
100926,101,04/07/2026,P
101621,101,04/07/2026,P
101663,101,04/07/2026,P
101676,101,04/07/2026,P
101690,102,04/07/2026,P
102169,102,04/07/2026,P
102203,101,04/07/2026,P
102926,102,04/07/2026,P
103203,101,04/07/2026,P
103366,101,04/07/2026,E
104213,102,04/07/2026,P
104812,101,04/07/2026,E
105001,102,04/07/2026,P
105290,102,04/07/2026,P
105443,101,04/07/2026,P
105533,101,04/07/2026,P
105876,102,04/07/2026,P
105943,101,04/07/2026,p
106040,102,04/07/2026,P
106334,101,04/07/2026,P
106425,102,04/07/2026,P
106447,101,04/07/2026,A
106722,101,04/07/2026,P
106726,102,04/07/2026,P
106955,102,04/07/2026,P
107257,102,04/07/2026,A
107631,101,04/07/2026,P
107806,101,04/07/2026,A
107917,101,04/07/2026,P
107954,101,04/07/2026,P
107996,102,04/07/2026,P
108454,101,04/07/2026,P
108599,101,04/07/2026,P
108838,102,04/07/2026,P
108870,101,04/07/2026,E
109233,102,04/07/2026,P
109333,101,04/07/2026,E
109591,102,04/07/2026,P
109734,101,04/07/2026,P
109820,101,04/07/2026,P
110142,102,04/07/2026,P
110493,102,04/07/2026,P
111996,102,04/07/2026,A
112752,101,04/07/2026,P
112890,102,04/07/2026,P
113028,101,04/07/2026,P
113096,101,04/07/2026,P
113273,102,04/07/2026,P
113777,102,04/07/2026,E
114609,101,04/07/2026,P
114633,102,04/07/2026,P
114714,101,04/07/2026,P
115724,102,04/07/2026,P
116242,102,04/07/2026,P
116449,101,04/07/2026,P
116483,101,04/07/2026,P
116950,102,04/07/2026,P
116962,101,04/07/2026,P
117046,101,04/07/2026,P
117463,102,04/07/2026,P
117598,102,04/07/2026,P
117631,101,04/07/2026,P
118824,101,04/07/2026,P
118848,101,04/07/2026,P
119009,101,04/07/2026,P
119050,102,04/07/2026,P
119144,102,04/07/2026,P
119292,102,04/07/2026,P
119901,101,04/07/2026,P
120054,101,04/07/2026,P
120160,101,04/07/2026,P
120250,101,04/07/2026,P
120541,102,04/07/2026,P
120593,102,04/07/2026,P
120752,101,04/07/2026,P
120937,102,04/07/2026,P
121367,102,04/07/2026,P
121480,101,04/07/2026,P
122308,101,04/07/2026,A
122742,101,04/07/2026,P
122784,102,04/07/2026,P
123160,102,04/07/2026,P
123372,101,04/07/2026,E
123412,101,04/07/2026,P
123588,101,04/07/2026,T
123825,101,04/07/2026,P
124172,101,04/07/2026,P
124256,101,04/07/2026,P
124641,101,04/07/2026,P
124664,101,04/07/2026,P
125516,102,04/07/2026,P
125585,102,04/07/2026,P
126032,101,04/07/2026,P
126093,102,04/07/2026,P
126134,101,04/07/2026,P
126342,101,04/07/2026,P
126350,102,04/07/2026,P
126955,101,04/07/2026,P
127003,102,04/07/2026,P
127379,101,04/07/2026,P
127522,102,04/07/2026,P
127565,102,04/07/2026,T
127670,102,04/07/2026,P
127881,102,04/07/2026,P
128141,102,04/07/2026,P
128381,102,04/07/2026,P
128457,101,04/07/2026,P
128734,101,04/07/2026,P
128907,101,04/07/2026,P
129451,102,04/07/2026,P
129468,102,04/07/2026,P
129571,102,04/07/2026,P
129682,101,04/07/2026,P
129936,101,04/07/2026,P
129979,102,04/07/2026,P
129992,101,04/07/2026,T
130030,101,04/07/2026,P
130216,101,04/07/2026,P
130582,101,04/07/2026,P
130762,101,04/07/2026,P
130804,102,04/07/2026,P
130997,102,04/07/2026,P
131196,102,04/07/2026,P
131384,102,04/07/2026,A
131401,101,04/07/2026,P
131595,102,04/07/2026,P
131822,101,04/07/2026,P
132081,102,04/07/2026,P
132131,101,04/07/2026,P
132171,102,04/07/2026,P
132180,102,04/07/2026,P
132242,101,04/07/2026,P
132581,102,04/07/2026,P
132608,101,04/07/2026,P
132664,102,04/07/2026,E
132666,101,04/07/2026,P
132892,101,04/07/2026,P
132932,102,04/07/2026,P
133077,102,04/07/2026,P
133184,101,04/07/2026,P
133272,102,04/07/2026,p
133448,102,04/07/2026,P
133506,101,04/07/2026,P
133542,102,04/07/2026,P
133616,102,04/07/2026,P
133658,101,04/07/2026,P
133762,101,04/07/2026,P
133946,101,04/07/2026,P
134080,101,04/07/2026,P
134268,102,04/07/2026,P
134289,102,04/07/2026,P
134383,101,04/07/2026,P
135262,102,04/07/2026,P
135758,101,04/07/2026,P
135769,101,04/07/2026,P
135812,102,04/07/2026,P
135821,102,04/07/2026,P
135901,101,04/07/2026,P
135923,101,04/07/2026,P
136336,102,04/07/2026,P
136474,101,04/07/2026,P
136533,101,04/07/2026,P
136558,102,04/07/2026,P
136686,102,04/07/2026,P
136962,101,04/07/2026,P
137523,102,04/07/2026,P
137636,101,04/07/2026,P
137717,102,04/07/2026,T
137842,102,04/07/2026,P
138052,102,04/07/2026,T
138211,102,04/07/2026,P
138406,102,04/07/2026,P
138438,102,04/07/2026,P
138530,101,04/07/2026,P
139142,101,04/07/2026,P
139199,101,04/07/2026,P
139332,102,04/07/2026,P
139389,102,04/07/2026,P
139985,102,04/07/2026,P
100014,101,04/08/2026,P
100166,102,04/08/2026,P
100336,101,04/08/2026,P
100607,102,04/08/2026,P
100752,102,04/08/2026,P
100919,102,04/08/2026,P
100926,101,04/08/2026,p
101621,101,04/08/2026,P
101663,101,04/08/2026,p
101676,101,04/08/2026,P
101690,102,04/08/2026,P
102169,102,04/08/2026,P
102203,101,04/08/2026,P
102926,102,04/08/2026,P
103203,101,04/08/2026,P
103366,101,04/08/2026,A
104213,102,04/08/2026,P
104812,101,04/08/2026,P
105001,102,04/08/2026,P
105290,102,04/08/2026,T
105443,101,04/08/2026,P
105533,101,04/08/2026,P
105876,102,04/08/2026,P
105943,101,04/08/2026,P
106040,102,04/08/2026,P
106334,101,04/08/2026,P
106425,102,04/08/2026,A
106447,101,04/08/2026,P
106722,101,04/08/2026,P
106726,102,04/08/2026,P
106955,102,04/08/2026,P
107257,102,04/08/2026,P
107631,101,04/08/2026,P
107806,101,04/08/2026,P
107917,101,04/08/2026,P
107954,101,04/08/2026,P
107996,102,04/08/2026,P
108599,101,04/08/2026,P
108838,102,04/08/2026,P
108870,101,04/08/2026,P
109233,102,04/08/2026,P
109333,101,04/08/2026,P
109591,102,04/08/2026,P
109734,101,04/08/2026,A
109820,101,04/08/2026,P
110142,102,04/08/2026,T
110493,102,04/08/2026,T
111996,102,04/08/2026,E
112752,101,04/08/2026,A
112890,102,04/08/2026,P
113028,101,04/08/2026,P
113096,101,04/08/2026,E
113273,102,04/08/2026,T
113777,102,04/08/2026,P
114609,101,04/08/2026,P
114633,102,04/08/2026,P
114714,101,04/08/2026,P
115724,102,04/08/2026,P
116242,102,04/08/2026,P
116449,101,04/08/2026,P
116483,101,04/08/2026,P
116950,102,04/08/2026,P
116962,101,04/08/2026,P
117046,101,04/08/2026,P
117463,102,04/08/2026,P
117598,102,04/08/2026,P
117631,101,04/08/2026,P
118824,101,04/08/2026,P
118848,101,04/08/2026,P
119009,101,04/08/2026,P
119050,102,04/08/2026,P
119144,102,04/08/2026,P
119292,102,04/08/2026,P
119901,101,04/08/2026,P
120054,101,04/08/2026,P
120160,101,04/08/2026,P
120250,101,04/08/2026,P
120541,102,04/08/2026,P
120593,102,04/08/2026,P
120752,101,04/08/2026,P
120937,102,04/08/2026,P
121367,102,04/08/2026,P
121480,101,04/08/2026,P
122308,101,04/08/2026,P
122742,101,04/08/2026,P
122784,102,04/08/2026,P
123160,102,04/08/2026,P
123372,101,04/08/2026,P
123412,101,04/08/2026,P
123588,101,04/08/2026,P
123825,101,04/08/2026,P
124172,101,04/08/2026,P
124256,101,04/08/2026,E
124641,101,04/08/2026,P
124664,101,04/08/2026,P
125516,102,04/08/2026,P
125585,102,04/08/2026,P
126032,101,04/08/2026,P
126093,102,04/08/2026,T
126134,101,04/08/2026,E
126342,101,04/08/2026,P
126350,102,04/08/2026,P
126955,101,04/08/2026,P
127003,102,04/08/2026,P
127379,101,04/08/2026,P
127522,102,04/08/2026,P
127565,102,04/08/2026,P
127670,102,04/08/2026,P
127881,102,04/08/2026,P
128141,102,04/08/2026,P
128381,102,04/08/2026,P
128457,101,04/08/2026,P
128734,101,04/08/2026,P
128907,101,04/08/2026,P
129451,102,04/08/2026,P
129468,102,04/08/2026,P
129571,102,04/08/2026,P
129682,101,04/08/2026,T
129936,101,04/08/2026,P
129979,102,04/08/2026,P
129992,101,04/08/2026,P
130030,101,04/08/2026,P
130216,101,04/08/2026,P
130582,101,04/08/2026,P
130762,101,04/08/2026,P
130804,102,04/08/2026,P
130997,102,04/08/2026,P
131196,102,04/08/2026,P
131384,102,04/08/2026,A
131401,101,04/08/2026,P
131595,102,04/08/2026,P
131822,101,04/08/2026,P
132081,102,04/08/2026,P
132131,101,04/08/2026,P
132171,102,04/08/2026,P
132180,102,04/08/2026,P
132242,101,04/08/2026,P
132581,102,04/08/2026,P
132608,101,04/08/2026,T
132664,102,04/08/2026,P
132666,101,04/08/2026,P
132892,101,04/08/2026,P
132932,102,04/08/2026,E
133077,102,04/08/2026,P
133184,101,04/08/2026,P
133272,102,04/08/2026,P
133448,102,04/08/2026,P
133506,101,04/08/2026,P
133542,102,04/08/2026,P
133616,102,04/08/2026,P
133658,101,04/08/2026,P
133762,101,04/08/2026,P
133946,101,04/08/2026,P
134080,101,04/08/2026,T
134268,102,04/08/2026,P
134289,102,04/08/2026,P
134383,101,04/08/2026,P
135262,102,04/08/2026,P
135758,101,04/08/2026,P
135769,101,04/08/2026,P
135812,102,04/08/2026,P
135821,102,04/08/2026,P
135901,101,04/08/2026,P
135923,101,04/08/2026,P
136336,102,04/08/2026,P
136474,101,04/08/2026,P
136533,101,04/08/2026,P
136558,102,04/08/2026,P
136686,102,04/08/2026,E
136962,101,04/08/2026,P
137523,102,04/08/2026,P
137636,101,04/08/2026,P
137717,102,04/08/2026,P
137842,102,04/08/2026,P
138052,102,04/08/2026,P
138211,102,04/08/2026,T
138406,102,04/08/2026,P
138438,102,04/08/2026,T
138530,101,04/08/2026,P
139142,101,04/08/2026,P
139199,101,04/08/2026,P
139332,102,04/08/2026,P
139389,102,04/08/2026,P
139985,102,04/08/2026,T
100014,101,04/09/2026,P
100166,102,04/09/2026,P
100336,101,04/09/2026,P
100607,102,04/09/2026,P
100752,102,04/09/2026,P
100919,102,04/09/2026,P
100926,101,04/09/2026,P
101621,101,04/09/2026,P
101663,101,04/09/2026,P
101676,101,04/09/2026,P
101690,102,04/09/2026,P
102169,102,04/09/2026,P
102203,101,04/09/2026,P
102926,102,04/09/2026,P
103203,101,04/09/2026,P
103366,101,04/09/2026,P
104213,102,04/09/2026,P
104812,101,04/09/2026,P
105001,102,04/09/2026,P
105290,102,04/09/2026,P
105443,101,04/09/2026,P
105533,101,04/09/2026,P
105876,102,04/09/2026,A
105943,101,04/09/2026,P
106040,102,04/09/2026,P
106334,101,04/09/2026,p
106425,102,04/09/2026,A
106447,101,04/09/2026,P
106722,101,04/09/2026,P
106726,102,04/09/2026,P
106955,102,04/09/2026,P
107257,102,04/09/2026,P
107631,101,04/09/2026,P
107806,101,04/09/2026,P
107917,101,04/09/2026,P
107954,101,04/09/2026,P
107996,102,04/09/2026,P
108599,101,04/09/2026,P
108838,102,04/09/2026,P
108870,101,04/09/2026,P
109233,102,04/09/2026,P
109333,101,04/09/2026,P
109591,102,04/09/2026,P
109734,101,04/09/2026,P
109820,101,04/09/2026,P
110142,102,04/09/2026,P
110493,102,04/09/2026,P
111996,102,04/09/2026,A
112752,101,04/09/2026,P
112890,102,04/09/2026,P
113028,101,04/09/2026,P
113096,101,04/09/2026,A
113273,102,04/09/2026,P
113777,102,04/09/2026,P
114609,101,04/09/2026,P
114633,102,04/09/2026,P
114714,101,04/09/2026,P
115724,102,04/09/2026,P
116242,102,04/09/2026,P
116449,101,04/09/2026,P
116483,101,04/09/2026,P
116950,102,04/09/2026,P
116962,101,04/09/2026,P
117046,101,04/09/2026,P
117463,102,04/09/2026,P
117598,102,04/09/2026,P
117631,101,04/09/2026,P
118824,101,04/09/2026,P
118848,101,04/09/2026,P
119009,101,04/09/2026,P
119050,102,04/09/2026,P
119144,102,04/09/2026,P
119292,102,04/09/2026,P
119901,101,04/09/2026,P
120054,101,04/09/2026,P
120160,101,04/09/2026,P
120250,101,04/09/2026,P
120541,102,04/09/2026,P
120593,102,04/09/2026,P
120752,101,04/09/2026,A
120937,102,04/09/2026,P
121367,102,04/09/2026,P
121480,101,04/09/2026,P
122308,101,04/09/2026,A
122742,101,04/09/2026,P
122784,102,04/09/2026,P
123160,102,04/09/2026,P
123372,101,04/09/2026,P
123412,101,04/09/2026,P
123588,101,04/09/2026,P
123825,101,04/09/2026,P
124172,101,04/09/2026,P
124256,101,04/09/2026,P
124641,101,04/09/2026,P
124664,101,04/09/2026,P
125516,102,04/09/2026,P
125585,102,04/09/2026,P
126032,101,04/09/2026,P
126093,102,04/09/2026,P
126134,101,04/09/2026,T
126342,101,04/09/2026,P
126350,102,04/09/2026,P
126955,101,04/09/2026,E
127003,102,04/09/2026,P
127379,101,04/09/2026,A
127522,102,04/09/2026,P
127565,102,04/09/2026,P
127670,102,04/09/2026,P
127881,102,04/09/2026,P
128141,102,04/09/2026,P
128381,102,04/09/2026,P
128457,101,04/09/2026,P
128734,101,04/09/2026,P
128907,101,04/09/2026,P
129451,102,04/09/2026,P
129468,102,04/09/2026,E
129571,102,04/09/2026,P
129682,101,04/09/2026,P
129936,101,04/09/2026,P
129979,102,04/09/2026,P
129992,101,04/09/2026,P
130030,101,04/09/2026,P
130216,101,04/09/2026,A
130582,101,04/09/2026,A
130762,101,04/09/2026,P
130804,102,04/09/2026,E
130997,102,04/09/2026,P
131196,102,04/09/2026,P
131384,102,04/09/2026,T
131401,101,04/09/2026,P
131595,102,04/09/2026,P
131822,101,04/09/2026,P
132081,102,04/09/2026,P
132131,101,04/09/2026,P
132171,102,04/09/2026,T
132180,102,04/09/2026,P
132242,101,04/09/2026,A
132581,102,04/09/2026,P
132608,101,04/09/2026,P
132664,102,04/09/2026,P
132666,101,04/09/2026,P
132892,101,04/09/2026,P
132932,102,04/09/2026,E
133077,102,04/09/2026,P
133184,101,04/09/2026,P
133272,102,04/09/2026,P
133448,102,04/09/2026,P
133506,101,04/09/2026,P
133542,102,04/09/2026,P
133616,102,04/09/2026,P
133658,101,04/09/2026,P
133762,101,04/09/2026,P
133946,101,04/09/2026,P
134080,101,04/09/2026,A
134268,102,04/09/2026,P
134289,102,04/09/2026,P
134383,101,04/09/2026,P
135262,102,04/09/2026,P
135758,101,04/09/2026,P
135769,101,04/09/2026,P
135812,102,04/09/2026,P
135821,102,04/09/2026,P
135901,101,04/09/2026,P
135923,101,04/09/2026,P
136336,102,04/09/2026,P
136474,101,04/09/2026,P
136533,101,04/09/2026,P
136558,102,04/09/2026,P
136686,102,04/09/2026,P
136962,101,04/09/2026,P
137523,102,04/09/2026,P
137636,101,04/09/2026,P
137717,102,04/09/2026,P
137842,102,04/09/2026,P
138052,102,04/09/2026,P
138211,102,04/09/2026,P
138406,102,04/09/2026,P
138438,102,04/09/2026,P
138530,101,04/09/2026,P
139142,101,04/09/2026,P
139199,101,04/09/2026,P
139332,102,04/09/2026,P
139389,102,04/09/2026,P
139985,102,04/09/2026,P
100014,101,04/10/2026,P
100166,102,04/10/2026,P
100336,101,04/10/2026,P
100607,102,04/10/2026,P
100752,102,04/10/2026,P
100919,102,04/10/2026,E
100926,101,04/10/2026,P
101621,101,04/10/2026,P
101663,101,04/10/2026,P
101676,101,04/10/2026,P
101690,102,04/10/2026,P
102169,102,04/10/2026,P
102203,101,04/10/2026,P
102926,102,04/10/2026,P
103203,101,04/10/2026,P
103366,101,04/10/2026,P
104213,102,04/10/2026,P
104812,101,04/10/2026,P
105001,102,04/10/2026,P
105290,102,04/10/2026,P
105443,101,04/10/2026,P
105533,101,04/10/2026,P
105876,102,04/10/2026,P
105943,101,04/10/2026,P
106040,102,04/10/2026,P
106334,101,04/10/2026,P
106425,102,04/10/2026,P
106447,101,04/10/2026,P
106722,101,04/10/2026,P
106726,102,04/10/2026,P
106955,102,04/10/2026,P
107257,102,04/10/2026,P
107631,101,04/10/2026,P
107806,101,04/10/2026,P
107917,101,04/10/2026,P
107954,101,04/10/2026,T
107996,102,04/10/2026,P
108599,101,04/10/2026,P
108838,102,04/10/2026,P
108870,101,04/10/2026,p
109233,102,04/10/2026,P
109333,101,04/10/2026,P
109591,102,04/10/2026,P
109734,101,04/10/2026,P
109820,101,04/10/2026,P
110142,102,04/10/2026,P
110493,102,04/10/2026,P
111996,102,04/10/2026,P
112752,101,04/10/2026,P
112890,102,04/10/2026,P
113028,101,04/10/2026,P
113096,101,04/10/2026,P
113273,102,04/10/2026,E
113777,102,04/10/2026,P
114609,101,04/10/2026,P
114633,102,04/10/2026,P
114714,101,04/10/2026,P
115724,102,04/10/2026,T
116242,102,04/10/2026,P
116449,101,04/10/2026,P
116483,101,04/10/2026,P
116950,102,04/10/2026,P
116962,101,04/10/2026,P
117046,101,04/10/2026,P
117463,102,04/10/2026,P
117598,102,04/10/2026,P
117631,101,04/10/2026,P
118824,101,04/10/2026,P
118848,101,04/10/2026,P
119009,101,04/10/2026,P
119050,102,04/10/2026,P
119144,102,04/10/2026,P
119292,102,04/10/2026,P
119901,101,04/10/2026,P
120054,101,04/10/2026,P
120160,101,04/10/2026,P
120250,101,04/10/2026,P
120541,102,04/10/2026,P
120593,102,04/10/2026,P
120752,101,04/10/2026,P
120937,102,04/10/2026,P
121367,102,04/10/2026,P
121480,101,04/10/2026,P
122308,101,04/10/2026,P
122742,101,04/10/2026,P
122784,102,04/10/2026,P
123160,102,04/10/2026,P
123372,101,04/10/2026,P
123412,101,04/10/2026,T
123588,101,04/10/2026,P
123825,101,04/10/2026,P
124172,101,04/10/2026,P
124256,101,04/10/2026,P
124641,101,04/10/2026,P
124664,101,04/10/2026,A
125516,102,04/10/2026,P
125585,102,04/10/2026,P
126032,101,04/10/2026,P
126093,102,04/10/2026,P
126134,101,04/10/2026,P
126342,101,04/10/2026,P
126350,102,04/10/2026,P
126955,101,04/10/2026,P
127003,102,04/10/2026,P
127379,101,04/10/2026,P
127522,102,04/10/2026,P
127565,102,04/10/2026,P
127670,102,04/10/2026,P
127881,102,04/10/2026,P
128141,102,04/10/2026,P
128381,102,04/10/2026,T
128457,101,04/10/2026,P
128734,101,04/10/2026,P
128907,101,04/10/2026,P
129451,102,04/10/2026,P
129468,102,04/10/2026,P
129571,102,04/10/2026,P
129682,101,04/10/2026,P
129936,101,04/10/2026,P
129979,102,04/10/2026,T
129992,101,04/10/2026,P
130030,101,04/10/2026,P
130216,101,04/10/2026,P
130582,101,04/10/2026,P
130762,101,04/10/2026,P
130804,102,04/10/2026,P
130997,102,04/10/2026,P
131196,102,04/10/2026,P
131384,102,04/10/2026,P
131401,101,04/10/2026,P
131595,102,04/10/2026,P
131822,101,04/10/2026,P
132081,102,04/10/2026,P
132131,101,04/10/2026,P
132171,102,04/10/2026,P
132180,102,04/10/2026,P
132242,101,04/10/2026,P
132581,102,04/10/2026,P
132608,101,04/10/2026,P
132664,102,04/10/2026,P
132666,101,04/10/2026,P
132892,101,04/10/2026,P
132932,102,04/10/2026,E
133077,102,04/10/2026,P
133184,101,04/10/2026,P
133272,102,04/10/2026,P
133448,102,04/10/2026,P
133506,101,04/10/2026,P
133542,102,04/10/2026,P
133616,102,04/10/2026,P
133658,101,04/10/2026,P
133762,101,04/10/2026,A
133946,101,04/10/2026,P
134080,101,04/10/2026,P
134268,102,04/10/2026,P
134289,102,04/10/2026,P
134383,101,04/10/2026,P
135262,102,04/10/2026,P
135758,101,04/10/2026,A
135769,101,04/10/2026,P
135812,102,04/10/2026,P
135821,102,04/10/2026,P
135901,101,04/10/2026,P
135923,101,04/10/2026,P
136336,102,04/10/2026,P
136474,101,04/10/2026,P
136533,101,04/10/2026,P
136558,102,04/10/2026,p
136686,102,04/10/2026,P
136962,101,04/10/2026,P
137523,102,04/10/2026,P
137636,101,04/10/2026,T
137717,102,04/10/2026,P
137842,102,04/10/2026,P
138052,102,04/10/2026,P
138211,102,04/10/2026,P
138406,102,04/10/2026,P
138438,102,04/10/2026,P
138530,101,04/10/2026,P
139142,101,04/10/2026,P
139199,101,04/10/2026,P
139332,102,04/10/2026,P
139389,102,04/10/2026,P
139985,102,04/10/2026,P
100014,101,04/13/2026,P
100166,102,04/13/2026,P
100336,101,04/13/2026,P
100607,102,04/13/2026,P
100752,102,04/13/2026,P
100919,102,04/13/2026,P
100926,101,04/13/2026,P
101621,101,04/13/2026,P
101663,101,04/13/2026,P
101676,101,04/13/2026,P
101690,102,04/13/2026,P
102169,102,04/13/2026,P
102203,101,04/13/2026,P
102926,102,04/13/2026,P
103203,101,04/13/2026,P
103366,101,04/13/2026,P
104213,102,04/13/2026,P
104812,101,04/13/2026,P
105001,102,04/13/2026,P
105290,102,04/13/2026,P
105443,101,04/13/2026,P
105533,101,04/13/2026,P
105876,102,04/13/2026,P
105943,101,04/13/2026,P
106040,102,04/13/2026,P
106334,101,04/13/2026,P
106425,102,04/13/2026,P
106447,101,04/13/2026,P
106722,101,04/13/2026,P
106726,102,04/13/2026,P
106955,102,04/13/2026,P
107257,102,04/13/2026,P
107631,101,04/13/2026,P
107806,101,04/13/2026,P
107917,101,04/13/2026,P
107954,101,04/13/2026,P
107996,102,04/13/2026,T
108599,101,04/13/2026,P
108838,102,04/13/2026,P
108870,101,04/13/2026,P
109233,102,04/13/2026,P
109333,101,04/13/2026,P
109591,102,04/13/2026,P
109734,101,04/13/2026,E
109820,101,04/13/2026,T
110142,102,04/13/2026,P
110493,102,04/13/2026,P
111996,102,04/13/2026,P
112752,101,04/13/2026,P
112890,102,04/13/2026,P
113028,101,04/13/2026,P
113096,101,04/13/2026,A
113273,102,04/13/2026,P
113777,102,04/13/2026,P
114609,101,04/13/2026,P
114633,102,04/13/2026,P
114714,101,04/13/2026,P
115724,102,04/13/2026,P
116242,102,04/13/2026,P
116449,101,04/13/2026,P
116483,101,04/13/2026,P
116950,102,04/13/2026,P
116962,101,04/13/2026,P
117046,101,04/13/2026,P
117463,102,04/13/2026,P
117598,102,04/13/2026,p
117631,101,04/13/2026,P
118824,101,04/13/2026,P
118848,101,04/13/2026,P
119009,101,04/13/2026,P
119050,102,04/13/2026,P
119144,102,04/13/2026,P
119292,102,04/13/2026,P
119901,101,04/13/2026,P
120054,101,04/13/2026,P
120160,101,04/13/2026,P
120250,101,04/13/2026,P
120541,102,04/13/2026,P
120593,102,04/13/2026,P
120752,101,04/13/2026,P
120937,102,04/13/2026,P
121367,102,04/13/2026,P
121480,101,04/13/2026,P
122308,101,04/13/2026,T
122742,101,04/13/2026,P
122784,102,04/13/2026,P
123160,102,04/13/2026,P
123372,101,04/13/2026,P
123412,101,04/13/2026,P
123588,101,04/13/2026,P
123825,101,04/13/2026,P
124172,101,04/13/2026,P
124256,101,04/13/2026,P
124641,101,04/13/2026,P
124664,101,04/13/2026,A
125516,102,04/13/2026,P
125585,102,04/13/2026,P
126032,101,04/13/2026,P
126093,102,04/13/2026,e
126134,101,04/13/2026,P
126342,101,04/13/2026,P
126350,102,04/13/2026,P
126955,101,04/13/2026,P
127003,102,04/13/2026,P
127379,101,04/13/2026,P
127522,102,04/13/2026,P
127565,102,04/13/2026,P
127670,102,04/13/2026,P
127881,102,04/13/2026,P
128141,102,04/13/2026,P
128381,102,04/13/2026,P
128457,101,04/13/2026,P
128734,101,04/13/2026,P
128907,101,04/13/2026,P
129451,102,04/13/2026,P
129468,102,04/13/2026,P
129571,102,04/13/2026,P
129682,101,04/13/2026,p
129936,101,04/13/2026,P
129979,102,04/13/2026,P
129992,101,04/13/2026,P
130030,101,04/13/2026,P
130216,101,04/13/2026,P
130582,101,04/13/2026,P
130762,101,04/13/2026,P
130804,102,04/13/2026,P
130997,102,04/13/2026,P
131196,102,04/13/2026,P
131384,102,04/13/2026,P
131401,101,04/13/2026,P
131595,102,04/13/2026,P
131822,101,04/13/2026,P
132081,102,04/13/2026,P
132131,101,04/13/2026,P
132171,102,04/13/2026,P
132180,102,04/13/2026,P
132242,101,04/13/2026,P
132581,102,04/13/2026,P
132608,101,04/13/2026,P
132664,102,04/13/2026,P
132666,101,04/13/2026,P
132892,101,04/13/2026,P
132932,102,04/13/2026,A
133077,102,04/13/2026,P
133184,101,04/13/2026,P
133272,102,04/13/2026,P
133448,102,04/13/2026,P
133506,101,04/13/2026,P
133542,102,04/13/2026,P
133616,102,04/13/2026,P
133658,101,04/13/2026,T
133762,101,04/13/2026,P
133946,101,04/13/2026,P
134080,101,04/13/2026,P
134268,102,04/13/2026,P
134289,102,04/13/2026,P
134383,101,04/13/2026,P
135262,102,04/13/2026,P
135758,101,04/13/2026,P
135769,101,04/13/2026,P
135812,102,04/13/2026,P
135821,102,04/13/2026,P
135901,101,04/13/2026,P
135923,101,04/13/2026,T
136336,102,04/13/2026,P
136474,101,04/13/2026,A
136533,101,04/13/2026,P
136558,102,04/13/2026,P
136686,102,04/13/2026,P
136962,101,04/13/2026,P
137523,102,04/13/2026,P
137636,101,04/13/2026,P
137717,102,04/13/2026,P
137842,102,04/13/2026,P
138052,102,04/13/2026,P
138211,102,04/13/2026,P
138406,102,04/13/2026,P
138438,102,04/13/2026,P
138530,101,04/13/2026,A
139142,101,04/13/2026,P
139199,101,04/13/2026,P
139332,102,04/13/2026,P
139389,102,04/13/2026,P
139985,102,04/13/2026,P
100014,101,04/14/2026,P
100166,102,04/14/2026,P
100336,101,04/14/2026,P
100607,102,04/14/2026,P
100752,102,04/14/2026,P
100919,102,04/14/2026,E
100926,101,04/14/2026,P
101621,101,04/14/2026,P
101663,101,04/14/2026,A
101676,101,04/14/2026,P
101690,102,04/14/2026,P
102169,102,04/14/2026,P
102203,101,04/14/2026,P
102926,102,04/14/2026,p
103203,101,04/14/2026,P
103366,101,04/14/2026,P
104213,102,04/14/2026,T
104812,101,04/14/2026,e
105001,102,04/14/2026,P
105290,102,04/14/2026,P
105443,101,04/14/2026,P
105533,101,04/14/2026,P
105876,102,04/14/2026,P
105943,101,04/14/2026,P
106040,102,04/14/2026,P
106334,101,04/14/2026,P
106425,102,04/14/2026,E
106447,101,04/14/2026,E
106722,101,04/14/2026,P
106726,102,04/14/2026,P
106955,102,04/14/2026,P
107257,102,04/14/2026,P
107631,101,04/14/2026,P
107806,101,04/14/2026,P
107917,101,04/14/2026,P
107954,101,04/14/2026,P
107996,102,04/14/2026,P
108599,101,04/14/2026,T
108838,102,04/14/2026,p
108870,101,04/14/2026,P
109233,102,04/14/2026,P
109333,101,04/14/2026,P
109591,102,04/14/2026,P
109734,101,04/14/2026,S
109820,101,04/14/2026,A
110142,102,04/14/2026,P
110493,102,04/14/2026,P
111996,102,04/14/2026,P
112752,101,04/14/2026,P
112890,102,04/14/2026,P
113028,101,04/14/2026,P
113096,101,04/14/2026,P
113273,102,04/14/2026,P
113777,102,04/14/2026,P
114609,101,04/14/2026,A
114633,102,04/14/2026,P
114714,101,04/14/2026,P
115724,102,04/14/2026,T
116242,102,04/14/2026,p
116449,101,04/14/2026,P
116483,101,04/14/2026,P
116950,102,04/14/2026,P
116962,101,04/14/2026,p
117046,101,04/14/2026,P
117463,102,04/14/2026,P
117598,102,04/14/2026,P
117631,101,04/14/2026,P
118824,101,04/14/2026,P
118848,101,04/14/2026,P
119009,101,04/14/2026,P
119050,102,04/14/2026,P
119144,102,04/14/2026,P
119292,102,04/14/2026,P
119901,101,04/14/2026,P
120054,101,04/14/2026,P
120160,101,04/14/2026,P
120250,101,04/14/2026,P
120541,102,04/14/2026,P
120593,102,04/14/2026,T
120752,101,04/14/2026,P
120937,102,04/14/2026,P
121367,102,04/14/2026,P
121480,101,04/14/2026,P
122308,101,04/14/2026,P
122742,101,04/14/2026,P
122784,102,04/14/2026,P
123160,102,04/14/2026,P
123372,101,04/14/2026,P
123412,101,04/14/2026,P
123588,101,04/14/2026,P
123825,101,04/14/2026,P
124172,101,04/14/2026,P
124256,101,04/14/2026,P
124641,101,04/14/2026,E
124664,101,04/14/2026,E
125516,102,04/14/2026,P
125585,102,04/14/2026,P
126032,101,04/14/2026,p
126093,102,04/14/2026,P
126134,101,04/14/2026,A
126342,101,04/14/2026,P
126350,102,04/14/2026,P
126955,101,04/14/2026,P
127003,102,04/14/2026,P
127379,101,04/14/2026,P
127522,102,04/14/2026,P
127565,102,04/14/2026,P
127670,102,04/14/2026,P
127881,102,04/14/2026,P
128141,102,04/14/2026,P
128381,102,04/14/2026,P
128457,101,04/14/2026,P
128734,101,04/14/2026,P
128907,101,04/14/2026,P
129451,102,04/14/2026,P
129468,102,04/14/2026,P
129571,102,04/14/2026,P
129682,101,04/14/2026,P
129936,101,04/14/2026,P
129979,102,04/14/2026,P
129992,101,04/14/2026,P
130030,101,04/14/2026,T
130216,101,04/14/2026,P
130582,101,04/14/2026,P
130762,101,04/14/2026,P
130804,102,04/14/2026,A
130997,102,04/14/2026,P
131196,102,04/14/2026,P
131384,102,04/14/2026,A
131401,101,04/14/2026,P
131595,102,04/14/2026,P
131822,101,04/14/2026,P
132081,102,04/14/2026,P
132131,101,04/14/2026,P
132171,102,04/14/2026,P
132180,102,04/14/2026,P
132242,101,04/14/2026,P
132581,102,04/14/2026,P
132608,101,04/14/2026,P
132664,102,04/14/2026,P
132666,101,04/14/2026,T
132892,101,04/14/2026,P
132932,102,04/14/2026,P
133077,102,04/14/2026,P
133184,101,04/14/2026,T
133272,102,04/14/2026,P
133448,102,04/14/2026,P
133506,101,04/14/2026,P
133542,102,04/14/2026,P
133616,102,04/14/2026,P
133658,101,04/14/2026,P
133762,101,04/14/2026,A
133946,101,04/14/2026,P
134080,101,04/14/2026,P
134268,102,04/14/2026,P
134289,102,04/14/2026,P
134383,101,04/14/2026,P
135262,102,04/14/2026,P
135758,101,04/14/2026,P
135769,101,04/14/2026,E
135812,102,04/14/2026,P
135821,102,04/14/2026,P
135901,101,04/14/2026,P
135923,101,04/14/2026,P
136336,102,04/14/2026,P
136474,101,04/14/2026,P
136533,101,04/14/2026,P
136558,102,04/14/2026,P
136686,102,04/14/2026,P
136962,101,04/14/2026,P
137523,102,04/14/2026,P
137636,101,04/14/2026,P
137717,102,04/14/2026,P
137842,102,04/14/2026,P
138052,102,04/14/2026,P
138211,102,04/14/2026,P
138406,102,04/14/2026,P
138438,102,04/14/2026,P
138530,101,04/14/2026,A
139142,101,04/14/2026,P
139199,101,04/14/2026,P
139332,102,04/14/2026,P
139389,102,04/14/2026,P
139985,102,04/14/2026,P
100014,101,04/15/2026,P
100166,102,04/15/2026,P
100336,101,04/15/2026,P
100607,102,04/15/2026,P
100752,102,04/15/2026,P
100919,102,04/15/2026,P
100926,101,04/15/2026,P
101621,101,04/15/2026,P
101663,101,04/15/2026,E
101676,101,04/15/2026,P
101690,102,04/15/2026,A
102169,102,04/15/2026,P
102203,101,04/15/2026,P
102926,102,04/15/2026,P
103203,101,04/15/2026,P
103366,101,04/15/2026,A
104213,102,04/15/2026,P
104812,101,04/15/2026,A
105001,102,04/15/2026,P
105290,102,04/15/2026,P
105443,101,04/15/2026,P
105533,101,04/15/2026,P
105876,102,04/15/2026,P
105943,101,04/15/2026,P
106040,102,04/15/2026,P
106334,101,04/15/2026,T
106425,102,04/15/2026,P
106447,101,04/15/2026,P
106722,101,04/15/2026,A
106726,102,04/15/2026,P
106955,102,04/15/2026,P
107257,102,04/15/2026,P
107631,101,04/15/2026,P
107806,101,04/15/2026,T
107917,101,04/15/2026,P
107954,101,04/15/2026,P
107996,102,04/15/2026,P
108599,101,04/15/2026,P
108838,102,04/15/2026,T
108870,101,04/15/2026,P
109233,102,04/15/2026,P
109333,101,04/15/2026,P
109591,102,04/15/2026,P
109734,101,04/15/2026,P
109820,101,04/15/2026,P
110142,102,04/15/2026,P
110493,102,04/15/2026,P
111996,102,04/15/2026,A
112752,101,04/15/2026,T
112890,102,04/15/2026,P
113028,101,04/15/2026,p
113096,101,04/15/2026,A
113273,102,04/15/2026,P
113777,102,04/15/2026,E
114609,101,04/15/2026,P
114633,102,04/15/2026,P
114714,101,04/15/2026,P
115724,102,04/15/2026,P
116242,102,04/15/2026,P
116449,101,04/15/2026,P
116483,101,04/15/2026,P
116950,102,04/15/2026,P
116962,101,04/15/2026,P
117046,101,04/15/2026,P
117463,102,04/15/2026,P
117598,102,04/15/2026,P
117631,101,04/15/2026,P
118824,101,04/15/2026,P
118848,101,04/15/2026,P
119009,101,04/15/2026,P
119050,102,04/15/2026,P
119144,102,04/15/2026,P
119292,102,04/15/2026,P
119901,101,04/15/2026,P
120054,101,04/15/2026,P
120160,101,04/15/2026,P
120250,101,04/15/2026,P
120541,102,04/15/2026,P
120593,102,04/15/2026,P
120752,101,04/15/2026,P
120937,102,04/15/2026,P
121367,102,04/15/2026,P
121480,101,04/15/2026,P
122308,101,04/15/2026,P
122742,101,04/15/2026,T
122784,102,04/15/2026,P
123160,102,04/15/2026,P
123372,101,04/15/2026,P
123412,101,04/15/2026,P
123588,101,04/15/2026,P
123825,101,04/15/2026,P
124172,101,04/15/2026,A
124256,101,04/15/2026,P
124641,101,04/15/2026,P
124664,101,04/15/2026,P
125516,102,04/15/2026,P
125585,102,04/15/2026,A
126032,101,04/15/2026,P
126093,102,04/15/2026,P
126134,101,04/15/2026,P
126342,101,04/15/2026,P
126350,102,04/15/2026,P
126955,101,04/15/2026,P
127003,102,04/15/2026,P
127379,101,04/15/2026,T
127522,102,04/15/2026,E
127565,102,04/15/2026,P
127670,102,04/15/2026,P
127881,102,04/15/2026,P
128141,102,04/15/2026,P
128381,102,04/15/2026,A
128457,101,04/15/2026,P
128734,101,04/15/2026,P
128907,101,04/15/2026,P
129451,102,04/15/2026,P
129468,102,04/15/2026,P
129571,102,04/15/2026,P
129682,101,04/15/2026,P
129936,101,04/15/2026,P
129979,102,04/15/2026,P
129992,101,04/15/2026,P
130030,101,04/15/2026,P
130216,101,04/15/2026,P
130582,101,04/15/2026,P
130762,101,04/15/2026,P
130804,102,04/15/2026,P
130997,102,04/15/2026,P
131196,102,04/15/2026,P
131384,102,04/15/2026,P
131401,101,04/15/2026,P
131595,102,04/15/2026,P
131822,101,04/15/2026,P
132081,102,04/15/2026,P
132131,101,04/15/2026,P
132171,102,04/15/2026,P
132180,102,04/15/2026,P
132242,101,04/15/2026,P
132581,102,04/15/2026,P
132608,101,04/15/2026,p
132664,102,04/15/2026,P
132666,101,04/15/2026,P
132892,101,04/15/2026,P
132932,102,04/15/2026,P
133077,102,04/15/2026,T
133184,101,04/15/2026,P
133272,102,04/15/2026,P
133448,102,04/15/2026,P
133506,101,04/15/2026,P
133542,102,04/15/2026,P
133616,102,04/15/2026,P
133658,101,04/15/2026,P
133762,101,04/15/2026,T
133946,101,04/15/2026,P
134080,101,04/15/2026,P
134268,102,04/15/2026,P
134289,102,04/15/2026,P
134383,101,04/15/2026,P
135262,102,04/15/2026,P
135758,101,04/15/2026,P
135769,101,04/15/2026,P
135812,102,04/15/2026,P
135821,102,04/15/2026,P
135901,101,04/15/2026,P
135923,101,04/15/2026,P
136336,102,04/15/2026,P
136474,101,04/15/2026,P
136533,101,04/15/2026,P
136558,102,04/15/2026,P
136686,102,04/15/2026,P
136962,101,04/15/2026,P
137523,102,04/15/2026,P
137636,101,04/15/2026,P
137717,102,04/15/2026,P
137842,102,04/15/2026,P
138052,102,04/15/2026,P
138211,102,04/15/2026,P
138406,102,04/15/2026,P
138438,102,04/15/2026,P
138530,101,04/15/2026,A
139142,101,04/15/2026,T
139199,101,04/15/2026,P
139332,102,04/15/2026,P
139389,102,04/15/2026,P
139985,102,04/15/2026,P
100014,101,04/16/2026,P
100166,102,04/16/2026,P
100336,101,04/16/2026,A
100607,102,04/16/2026,T
100752,102,04/16/2026,P
100919,102,04/16/2026,E
100926,101,04/16/2026,P
101621,101,04/16/2026,P
101663,101,04/16/2026,A
101676,101,04/16/2026,E
101690,102,04/16/2026,P
102169,102,04/16/2026,P
102203,101,04/16/2026,P
102926,102,04/16/2026,P
103203,101,04/16/2026,P
103366,101,04/16/2026,E
104213,102,04/16/2026,P
104812,101,04/16/2026,P
105001,102,04/16/2026,P
105290,102,04/16/2026,P
105443,101,04/16/2026,P
105533,101,04/16/2026,P
105876,102,04/16/2026,P
105943,101,04/16/2026,P
106040,102,04/16/2026,P
106334,101,04/16/2026,p
106425,102,04/16/2026,P
106447,101,04/16/2026,P
106722,101,04/16/2026,P
106726,102,04/16/2026,P
106955,102,04/16/2026,P
107257,102,04/16/2026,P
107631,101,04/16/2026,P
107806,101,04/16/2026,A
107917,101,04/16/2026,P
107954,101,04/16/2026,P
107996,102,04/16/2026,P
108599,101,04/16/2026,P
108838,102,04/16/2026,T
108870,101,04/16/2026,P
109233,102,04/16/2026,P
109333,101,04/16/2026,P
109591,102,04/16/2026,P
109734,101,04/16/2026,P
109820,101,04/16/2026,P
110142,102,04/16/2026,P
110493,102,04/16/2026,P
111996,102,04/16/2026,P
112752,101,04/16/2026,P
112890,102,04/16/2026,P
113028,101,04/16/2026,P
113096,101,04/16/2026,P
113273,102,04/16/2026,P
113777,102,04/16/2026,P
114609,101,04/16/2026,P
114633,102,04/16/2026,P
114714,101,04/16/2026,P
115724,102,04/16/2026,P
116242,102,04/16/2026,P
116449,101,04/16/2026,P
116483,101,04/16/2026,P
116950,102,04/16/2026,P
116962,101,04/16/2026,P
117046,101,04/16/2026,P
117463,102,04/16/2026,P
117598,102,04/16/2026,A
117631,101,04/16/2026,P
118824,101,04/16/2026,P
118848,101,04/16/2026,P
119009,101,04/16/2026,S
119050,102,04/16/2026,P
119144,102,04/16/2026,P
119292,102,04/16/2026,P
119901,101,04/16/2026,P
120054,101,04/16/2026,P
120160,101,04/16/2026,P
120250,101,04/16/2026,P
120541,102,04/16/2026,E
120593,102,04/16/2026,P
120752,101,04/16/2026,P
120937,102,04/16/2026,P
121367,102,04/16/2026,P
121480,101,04/16/2026,P
122308,101,04/16/2026,P
122742,101,04/16/2026,P
122784,102,04/16/2026,P
123160,102,04/16/2026,P
123372,101,04/16/2026,P
123412,101,04/16/2026,E
123588,101,04/16/2026,T
123825,101,04/16/2026,P
124172,101,04/16/2026,P
124256,101,04/16/2026,P
124641,101,04/16/2026,P
124664,101,04/16/2026,P
125516,102,04/16/2026,P
125585,102,04/16/2026,P
126093,102,04/16/2026,P
126134,101,04/16/2026,P
126342,101,04/16/2026,P
126350,102,04/16/2026,P
126955,101,04/16/2026,P
127003,102,04/16/2026,P
127379,101,04/16/2026,P
127522,102,04/16/2026,P
127565,102,04/16/2026,P
127670,102,04/16/2026,P
127881,102,04/16/2026,T
128141,102,04/16/2026,P
128381,102,04/16/2026,P
128457,101,04/16/2026,P
128734,101,04/16/2026,P
128907,101,04/16/2026,P
129451,102,04/16/2026,P
129468,102,04/16/2026,P
129571,102,04/16/2026,P
129682,101,04/16/2026,P
129936,101,04/16/2026,P
129979,102,04/16/2026,P
129992,101,04/16/2026,P
130030,101,04/16/2026,E
130216,101,04/16/2026,P
130582,101,04/16/2026,E
130762,101,04/16/2026,P
130804,102,04/16/2026,P
130997,102,04/16/2026,P
131196,102,04/16/2026,P
131384,102,04/16/2026,P
131401,101,04/16/2026,P
131595,102,04/16/2026,P
131822,101,04/16/2026,P
132081,102,04/16/2026,P
132131,101,04/16/2026,P
132171,102,04/16/2026,P
132180,102,04/16/2026,P
132242,101,04/16/2026,P
132581,102,04/16/2026,P
132608,101,04/16/2026,P
132664,102,04/16/2026,P
132666,101,04/16/2026,P
132892,101,04/16/2026,T
132932,102,04/16/2026,P
133077,102,04/16/2026,P
133184,101,04/16/2026,P
133272,102,04/16/2026,P
133448,102,04/16/2026,P
133506,101,04/16/2026,P
133542,102,04/16/2026,P
133616,102,04/16/2026,P
133658,101,04/16/2026,P
133762,101,04/16/2026,A
133946,101,04/16/2026,P
134080,101,04/16/2026,P
134268,102,04/16/2026,P
134289,102,04/16/2026,P
134383,101,04/16/2026,P
135262,102,04/16/2026,P
135758,101,04/16/2026,P
135769,101,04/16/2026,P
135812,102,04/16/2026,P
135821,102,04/16/2026,P
135901,101,04/16/2026,P
135923,101,04/16/2026,P
136336,102,04/16/2026,P
136474,101,04/16/2026,P
136533,101,04/16/2026,P
136558,102,04/16/2026,P
136686,102,04/16/2026,P
136962,101,04/16/2026,P
137523,102,04/16/2026,P
137636,101,04/16/2026,P
137717,102,04/16/2026,P
137842,102,04/16/2026,P
138052,102,04/16/2026,P
138211,102,04/16/2026,P
138406,102,04/16/2026,P
138438,102,04/16/2026,P
138530,101,04/16/2026,A
139142,101,04/16/2026,P
139199,101,04/16/2026,P
139332,102,04/16/2026,P
139389,102,04/16/2026,P
139985,102,04/16/2026,P
100014,101,04/17/2026,P
100166,102,04/17/2026,P
100336,101,04/17/2026,P
100607,102,04/17/2026,P
100752,102,04/17/2026,P
100919,102,04/17/2026,P
100926,101,04/17/2026,P
101621,101,04/17/2026,P
101663,101,04/17/2026,P
101676,101,04/17/2026,P
101690,102,04/17/2026,E
102169,102,04/17/2026,P
102203,101,04/17/2026,P
102926,102,04/17/2026,P
103203,101,04/17/2026,P
103366,101,04/17/2026,P
104213,102,04/17/2026,P
104812,101,04/17/2026,P
105001,102,04/17/2026,P
105290,102,04/17/2026,P
105443,101,04/17/2026,P
105533,101,04/17/2026,P
105876,102,04/17/2026,P
105943,101,04/17/2026,P
106040,102,04/17/2026,P
106334,101,04/17/2026,P
106425,102,04/17/2026,P
106447,101,04/17/2026,P
106722,101,04/17/2026,P
106726,102,04/17/2026,P
106955,102,04/17/2026,P
107257,102,04/17/2026,P
107631,101,04/17/2026,P
107806,101,04/17/2026,P
107917,101,04/17/2026,P
107954,101,04/17/2026,P
107996,102,04/17/2026,P
108599,101,04/17/2026,P
108838,102,04/17/2026,P
108870,101,04/17/2026,E
109233,102,04/17/2026,P
109333,101,04/17/2026,P
109591,102,04/17/2026,P
109734,101,04/17/2026,P
109820,101,04/17/2026,P
110142,102,04/17/2026,P
110493,102,04/17/2026,T
111996,102,04/17/2026,P
112752,101,04/17/2026,P
112890,102,04/17/2026,P
113028,101,04/17/2026,P
113096,101,04/17/2026,P
113273,102,04/17/2026,P
113777,102,04/17/2026,P
114609,101,04/17/2026,P
114633,102,04/17/2026,P
114714,101,04/17/2026,P
115724,102,04/17/2026,P
116242,102,04/17/2026,P
116449,101,04/17/2026,T
116483,101,04/17/2026,P
116950,102,04/17/2026,P
116962,101,04/17/2026,P
117046,101,04/17/2026,P
117463,102,04/17/2026,P
117598,102,04/17/2026,P
117631,101,04/17/2026,P
118824,101,04/17/2026,P
118848,101,04/17/2026,P
119009,101,04/17/2026,P
119050,102,04/17/2026,P
119144,102,04/17/2026,P
119292,102,04/17/2026,P
119901,101,04/17/2026,P
120054,101,04/17/2026,P
120160,101,04/17/2026,P
120250,101,04/17/2026,P
120541,102,04/17/2026,P
120593,102,04/17/2026,P
120752,101,04/17/2026,P
120937,102,04/17/2026,P
121367,102,04/17/2026,P
121480,101,04/17/2026,P
122308,101,04/17/2026,A
122742,101,04/17/2026,P
122784,102,04/17/2026,P
123160,102,04/17/2026,P
123372,101,04/17/2026,P
123412,101,04/17/2026,P
123588,101,04/17/2026,P
123825,101,04/17/2026,P
124172,101,04/17/2026,P
124256,101,04/17/2026,P
124641,101,04/17/2026,P
124664,101,04/17/2026,T
125516,102,04/17/2026,P
125585,102,04/17/2026,P
126093,102,04/17/2026,P
126134,101,04/17/2026,P
126342,101,04/17/2026,T
126350,102,04/17/2026,E
126955,101,04/17/2026,P
127003,102,04/17/2026,P
127379,101,04/17/2026,P
127522,102,04/17/2026,P
127565,102,04/17/2026,P
127670,102,04/17/2026,P
127881,102,04/17/2026,P
128141,102,04/17/2026,P
128381,102,04/17/2026,P
128457,101,04/17/2026,P
128734,101,04/17/2026,P
128907,101,04/17/2026,P
129451,102,04/17/2026,P
129468,102,04/17/2026,P
129571,102,04/17/2026,P
129682,101,04/17/2026,P
129936,101,04/17/2026,P
129979,102,04/17/2026,P
129992,101,04/17/2026,P
130030,101,04/17/2026,P
130216,101,04/17/2026,P
130582,101,04/17/2026,P
130762,101,04/17/2026,P
130804,102,04/17/2026,P
130997,102,04/17/2026,P
131196,102,04/17/2026,P
131384,102,04/17/2026,P
131401,101,04/17/2026,P
131595,102,04/17/2026,P
131822,101,04/17/2026,P
132081,102,04/17/2026,P
132131,101,04/17/2026,P
132171,102,04/17/2026,P
132180,102,04/17/2026,P
132242,101,04/17/2026,P
132581,102,04/17/2026,P
132608,101,04/17/2026,P
132664,102,04/17/2026,A
132666,101,04/17/2026,P
132892,101,04/17/2026,P
132932,102,04/17/2026,T
133077,102,04/17/2026,P
133184,101,04/17/2026,P
133272,102,04/17/2026,P
133448,102,04/17/2026,P
133506,101,04/17/2026,P
133542,102,04/17/2026,P
133616,102,04/17/2026,P
133658,101,04/17/2026,P
133762,101,04/17/2026,E
133946,101,04/17/2026,P
134080,101,04/17/2026,P
134268,102,04/17/2026,P
134289,102,04/17/2026,T
134383,101,04/17/2026,P
135262,102,04/17/2026,P
135758,101,04/17/2026,P
135769,101,04/17/2026,P
135812,102,04/17/2026,P
135821,102,04/17/2026,P
135901,101,04/17/2026,P
135923,101,04/17/2026,P
136336,102,04/17/2026,P
136474,101,04/17/2026,p
136533,101,04/17/2026,P
136558,102,04/17/2026,P
136686,102,04/17/2026,P
136962,101,04/17/2026,P
137523,102,04/17/2026,P
137636,101,04/17/2026,P
137717,102,04/17/2026,P
137842,102,04/17/2026,P
138052,102,04/17/2026,P
138211,102,04/17/2026,P
138406,102,04/17/2026,P
138438,102,04/17/2026,P
138530,101,04/17/2026,S
139142,101,04/17/2026,P
139199,101,04/17/2026,P
139332,102,04/17/2026,T
139389,102,04/17/2026,P
139985,102,04/17/2026,P
100014,101,04/20/2026,P
100166,102,04/20/2026,P
100336,101,04/20/2026,P
100607,102,04/20/2026,P
100752,102,04/20/2026,P
100919,102,04/20/2026,E
100926,101,04/20/2026,P
101621,101,04/20/2026,P
101663,101,04/20/2026,P
101676,101,04/20/2026,P
101690,102,04/20/2026,P
102169,102,04/20/2026,P
102203,101,04/20/2026,T
102926,102,04/20/2026,T
103203,101,04/20/2026,P
103366,101,04/20/2026,P
104213,102,04/20/2026,P
104812,101,04/20/2026,P
105001,102,04/20/2026,P
105290,102,04/20/2026,P
105443,101,04/20/2026,P
105533,101,04/20/2026,P
105876,102,04/20/2026,T
105943,101,04/20/2026,P
106040,102,04/20/2026,P
106334,101,04/20/2026,P
106425,102,04/20/2026,P
106447,101,04/20/2026,T
106722,101,04/20/2026,P
106726,102,04/20/2026,P
106955,102,04/20/2026,P
107257,102,04/20/2026,P
107631,101,04/20/2026,P
107806,101,04/20/2026,P
107917,101,04/20/2026,P
107954,101,04/20/2026,P
107996,102,04/20/2026,P
108599,101,04/20/2026,P
108838,102,04/20/2026,P
108870,101,04/20/2026,P
109233,102,04/20/2026,P
109333,101,04/20/2026,E
109591,102,04/20/2026,P
109734,101,04/20/2026,P
109820,101,04/20/2026,p
110142,102,04/20/2026,P
110493,102,04/20/2026,P
111996,102,04/20/2026,P
112752,101,04/20/2026,P
112890,102,04/20/2026,T
113028,101,04/20/2026,P
113096,101,04/20/2026,P
113273,102,04/20/2026,P
113777,102,04/20/2026,A
114609,101,04/20/2026,P
114633,102,04/20/2026,P
114714,101,04/20/2026,P
115724,102,04/20/2026,P
116242,102,04/20/2026,P
116449,101,04/20/2026,P
116483,101,04/20/2026,P
116950,102,04/20/2026,P
116962,101,04/20/2026,P
117046,101,04/20/2026,P
117463,102,04/20/2026,P
117598,102,04/20/2026,P
117631,101,04/20/2026,T
118824,101,04/20/2026,P
118848,101,04/20/2026,P
119009,101,04/20/2026,P
119050,102,04/20/2026,P
119144,102,04/20/2026,P
119292,102,04/20/2026,P
119901,101,04/20/2026,P
120054,101,04/20/2026,P
120160,101,04/20/2026,P
120250,101,04/20/2026,P
120541,102,04/20/2026,P
120593,102,04/20/2026,P
120752,101,04/20/2026,P
120937,102,04/20/2026,P
121367,102,04/20/2026,A
121480,101,04/20/2026,P
122308,101,04/20/2026,P
122742,101,04/20/2026,P
122784,102,04/20/2026,P
123160,102,04/20/2026,P
123372,101,04/20/2026,P
123412,101,04/20/2026,P
123588,101,04/20/2026,T
123825,101,04/20/2026,P
124172,101,04/20/2026,P
124256,101,04/20/2026,P
124641,101,04/20/2026,P
124664,101,04/20/2026,P
125516,102,04/20/2026,P
125585,102,04/20/2026,P
126093,102,04/20/2026,P
126134,101,04/20/2026,P
126342,101,04/20/2026,P
126350,102,04/20/2026,P
126955,101,04/20/2026,P
127003,102,04/20/2026,P
127379,101,04/20/2026,P
127522,102,04/20/2026,P
127565,102,04/20/2026,P
127670,102,04/20/2026,P
127881,102,04/20/2026,P
128141,102,04/20/2026,P
128381,102,04/20/2026,P
128457,101,04/20/2026,P
128734,101,04/20/2026,P
128907,101,04/20/2026,P
129451,102,04/20/2026,P
129468,102,04/20/2026,T
129571,102,04/20/2026,P
129682,101,04/20/2026,P
129936,101,04/20/2026,P
129979,102,04/20/2026,P
129992,101,04/20/2026,P
130030,101,04/20/2026,P
130216,101,04/20/2026,P
130582,101,04/20/2026,P
130762,101,04/20/2026,P
130804,102,04/20/2026,P
130997,102,04/20/2026,P
131196,102,04/20/2026,P
131384,102,04/20/2026,P
131401,101,04/20/2026,P
131595,102,04/20/2026,P
131822,101,04/20/2026,P
132081,102,04/20/2026,T
132131,101,04/20/2026,P
132171,102,04/20/2026,P
132180,102,04/20/2026,A
132242,101,04/20/2026,P
132581,102,04/20/2026,P
132608,101,04/20/2026,P
132664,102,04/20/2026,P
132666,101,04/20/2026,P
132892,101,04/20/2026,P
132932,102,04/20/2026,P
133077,102,04/20/2026,P
133184,101,04/20/2026,P
133272,102,04/20/2026,P
133448,102,04/20/2026,P
133506,101,04/20/2026,P
133542,102,04/20/2026,P
133616,102,04/20/2026,P
133658,101,04/20/2026,P
133762,101,04/20/2026,P
133946,101,04/20/2026,P
134080,101,04/20/2026,P
134268,102,04/20/2026,T
134289,102,04/20/2026,P
134383,101,04/20/2026,P
135262,102,04/20/2026,P
135758,101,04/20/2026,P
135769,101,04/20/2026,P
135812,102,04/20/2026,P
135821,102,04/20/2026,P
135901,101,04/20/2026,P
135923,101,04/20/2026,P
136336,102,04/20/2026,P
136474,101,04/20/2026,P
136533,101,04/20/2026,P
136558,102,04/20/2026,P
136686,102,04/20/2026,P
136962,101,04/20/2026,P
137523,102,04/20/2026,T
137636,101,04/20/2026,P
137717,102,04/20/2026,P
137842,102,04/20/2026,P
138052,102,04/20/2026,P
138211,102,04/20/2026,P
138406,102,04/20/2026,P
138438,102,04/20/2026,P
138530,101,04/20/2026,P
139142,101,04/20/2026,P
139199,101,04/20/2026,P
139332,102,04/20/2026,P
139389,102,04/20/2026,P
139985,102,04/20/2026,P
100014,101,04/21/2026,P
100166,102,04/21/2026,P
100336,101,04/21/2026,P
100607,102,04/21/2026,P
100752,102,04/21/2026,P
100919,102,04/21/2026,P
100926,101,04/21/2026,P
101621,101,04/21/2026,P
101663,101,04/21/2026,P
101676,101,04/21/2026,P
101690,102,04/21/2026,P
102169,102,04/21/2026,P
102203,101,04/21/2026,P
102926,102,04/21/2026,P
103203,101,04/21/2026,P
103366,101,04/21/2026,E
104213,102,04/21/2026,P
104812,101,04/21/2026,A
105001,102,04/21/2026,P
105290,102,04/21/2026,P
105443,101,04/21/2026,P
105533,101,04/21/2026,T
105876,102,04/21/2026,P
105943,101,04/21/2026,P
106040,102,04/21/2026,P
106334,101,04/21/2026,A
106425,102,04/21/2026,E
106447,101,04/21/2026,P
106722,101,04/21/2026,P
106726,102,04/21/2026,P
106955,102,04/21/2026,P
107257,102,04/21/2026,p
107631,101,04/21/2026,P
107806,101,04/21/2026,P
107917,101,04/21/2026,P
107954,101,04/21/2026,P
107996,102,04/21/2026,P
108599,101,04/21/2026,T
108838,102,04/21/2026,P
108870,101,04/21/2026,T
109233,102,04/21/2026,P
109333,101,04/21/2026,P
109591,102,04/21/2026,P
109734,101,04/21/2026,P
109820,101,04/21/2026,P
110142,102,04/21/2026,P
110493,102,04/21/2026,P
111996,102,04/21/2026,A
112752,101,04/21/2026,P
112890,102,04/21/2026,P
113028,101,04/21/2026,T
113096,101,04/21/2026,P
113273,102,04/21/2026,P
113777,102,04/21/2026,P
114609,101,04/21/2026,P
114633,102,04/21/2026,P
114714,101,04/21/2026,P
115724,102,04/21/2026,P
116242,102,04/21/2026,P
116449,101,04/21/2026,P
116483,101,04/21/2026,P
116950,102,04/21/2026,P
116962,101,04/21/2026,P
117046,101,04/21/2026,P
117463,102,04/21/2026,P
117598,102,04/21/2026,P
117631,101,04/21/2026,P
118824,101,04/21/2026,P
118848,101,04/21/2026,P
119009,101,04/21/2026,P
119050,102,04/21/2026,P
119144,102,04/21/2026,P
119292,102,04/21/2026,P
119901,101,04/21/2026,T
120054,101,04/21/2026,P
120160,101,04/21/2026,P
120250,101,04/21/2026,P
120541,102,04/21/2026,P
120593,102,04/21/2026,P
120752,101,04/21/2026,P
120937,102,04/21/2026,P
121367,102,04/21/2026,P
121480,101,04/21/2026,P
122308,101,04/21/2026,P
122742,101,04/21/2026,P
122784,102,04/21/2026,P
123160,102,04/21/2026,P
123372,101,04/21/2026,P
123412,101,04/21/2026,P
123588,101,04/21/2026,P
123825,101,04/21/2026,P
124172,101,04/21/2026,T
124256,101,04/21/2026,P
124641,101,04/21/2026,P
124664,101,04/21/2026,P
125516,102,04/21/2026,P
125585,102,04/21/2026,P
126093,102,04/21/2026,P
126134,101,04/21/2026,P
126342,101,04/21/2026,P
126350,102,04/21/2026,P
126955,101,04/21/2026,P
127003,102,04/21/2026,P
127379,101,04/21/2026,P
127522,102,04/21/2026,P
127565,102,04/21/2026,P
127670,102,04/21/2026,P
127881,102,04/21/2026,P
128141,102,04/21/2026,P
128381,102,04/21/2026,P
128457,101,04/21/2026,P
128734,101,04/21/2026,P
128907,101,04/21/2026,P
129451,102,04/21/2026,P
129468,102,04/21/2026,P
129571,102,04/21/2026,T
129682,101,04/21/2026,P
129936,101,04/21/2026,P
129979,102,04/21/2026,P
129992,101,04/21/2026,P
130030,101,04/21/2026,P
130216,101,04/21/2026,P
130582,101,04/21/2026,P
130762,101,04/21/2026,P
130804,102,04/21/2026,P
130997,102,04/21/2026,P
131196,102,04/21/2026,P
131384,102,04/21/2026,P
131401,101,04/21/2026,A
131595,102,04/21/2026,P
131822,101,04/21/2026,P
132081,102,04/21/2026,P
132131,101,04/21/2026,P
132171,102,04/21/2026,P
132180,102,04/21/2026,T
132242,101,04/21/2026,P
132581,102,04/21/2026,P
132608,101,04/21/2026,P
132664,102,04/21/2026,P
132666,101,04/21/2026,P
132892,101,04/21/2026,P
132932,102,04/21/2026,P
133077,102,04/21/2026,P
133184,101,04/21/2026,P
133272,102,04/21/2026,P
133448,102,04/21/2026,P
133506,101,04/21/2026,P
133542,102,04/21/2026,P
133616,102,04/21/2026,P
133658,101,04/21/2026,P
133762,101,04/21/2026,P
133946,101,04/21/2026,P
134080,101,04/21/2026,P
134268,102,04/21/2026,P
134289,102,04/21/2026,P
134383,101,04/21/2026,P
135262,102,04/21/2026,P
135758,101,04/21/2026,P
135769,101,04/21/2026,P
135812,102,04/21/2026,P
135821,102,04/21/2026,P
135901,101,04/21/2026,P
135923,101,04/21/2026,A
136336,102,04/21/2026,P
136474,101,04/21/2026,P
136533,101,04/21/2026,P
136558,102,04/21/2026,T
136686,102,04/21/2026,P
136962,101,04/21/2026,P
137523,102,04/21/2026,P
137636,101,04/21/2026,P
137717,102,04/21/2026,P
137842,102,04/21/2026,P
138052,102,04/21/2026,P
138211,102,04/21/2026,T
138406,102,04/21/2026,P
138438,102,04/21/2026,P
138530,101,04/21/2026,P
139142,101,04/21/2026,P
139199,101,04/21/2026,P
139332,102,04/21/2026,P
139389,102,04/21/2026,P
139985,102,04/21/2026,P
100014,101,04/22/2026,P
100166,102,04/22/2026,P
100336,101,04/22/2026,P
100607,102,04/22/2026,P
100752,102,04/22/2026,P
100919,102,04/22/2026,P
100926,101,04/22/2026,P
101621,101,04/22/2026,P
101663,101,04/22/2026,P
101676,101,04/22/2026,P
101690,102,04/22/2026,P
102169,102,04/22/2026,P
102203,101,04/22/2026,P
102926,102,04/22/2026,E
103203,101,04/22/2026,P
103366,101,04/22/2026,P
104213,102,04/22/2026,P
104812,101,04/22/2026,P
105001,102,04/22/2026,P
105290,102,04/22/2026,P
105443,101,04/22/2026,P
105533,101,04/22/2026,P
105876,102,04/22/2026,P
105943,101,04/22/2026,P
106040,102,04/22/2026,T
106334,101,04/22/2026,T
106425,102,04/22/2026,P
106447,101,04/22/2026,P
106722,101,04/22/2026,P
106726,102,04/22/2026,P
106955,102,04/22/2026,P
107257,102,04/22/2026,P
107631,101,04/22/2026,P
107806,101,04/22/2026,P
107917,101,04/22/2026,E
107954,101,04/22/2026,P
107996,102,04/22/2026,P
108599,101,04/22/2026,P
108838,102,04/22/2026,P
108870,101,04/22/2026,A
109233,102,04/22/2026,P
109333,101,04/22/2026,P
109591,102,04/22/2026,P
109734,101,04/22/2026,A
109820,101,04/22/2026,P
110142,102,04/22/2026,P
110493,102,04/22/2026,P
111996,102,04/22/2026,P
112752,101,04/22/2026,P
112890,102,04/22/2026,P
113028,101,04/22/2026,P
113096,101,04/22/2026,P
113273,102,04/22/2026,P
113777,102,04/22/2026,P
114609,101,04/22/2026,P
114633,102,04/22/2026,P
114714,101,04/22/2026,P
115724,102,04/22/2026,P
116242,102,04/22/2026,P
116449,101,04/22/2026,P
116483,101,04/22/2026,P
116950,102,04/22/2026,P
116962,101,04/22/2026,P
117046,101,04/22/2026,P
117463,102,04/22/2026,E
117598,102,04/22/2026,P
117631,101,04/22/2026,P
118824,101,04/22/2026,P
118848,101,04/22/2026,P
119009,101,04/22/2026,P
119050,102,04/22/2026,P
119144,102,04/22/2026,P
119292,102,04/22/2026,P
119901,101,04/22/2026,P
120054,101,04/22/2026,P
120160,101,04/22/2026,P
120250,101,04/22/2026,E
120541,102,04/22/2026,E
120593,102,04/22/2026,P
120752,101,04/22/2026,T
120937,102,04/22/2026,P
121367,102,04/22/2026,P
121480,101,04/22/2026,P
122308,101,04/22/2026,P
122742,101,04/22/2026,P
122784,102,04/22/2026,P
123160,102,04/22/2026,P
123372,101,04/22/2026,P
123412,101,04/22/2026,P
123588,101,04/22/2026,P
123825,101,04/22/2026,P
124172,101,04/22/2026,P
124256,101,04/22/2026,P
124641,101,04/22/2026,P
124664,101,04/22/2026,P
125516,102,04/22/2026,P
125585,102,04/22/2026,P
126093,102,04/22/2026,P
126134,101,04/22/2026,P
126342,101,04/22/2026,p
126350,102,04/22/2026,P
126955,101,04/22/2026,P
127003,102,04/22/2026,P
127379,101,04/22/2026,P
127522,102,04/22/2026,P
127565,102,04/22/2026,P
127670,102,04/22/2026,P
127881,102,04/22/2026,P
128141,102,04/22/2026,P
128381,102,04/22/2026,P
128457,101,04/22/2026,P
128734,101,04/22/2026,P
128907,101,04/22/2026,T
129451,102,04/22/2026,P
129468,102,04/22/2026,P
129571,102,04/22/2026,P
129682,101,04/22/2026,P
129936,101,04/22/2026,P
129979,102,04/22/2026,P
129992,101,04/22/2026,P
130030,101,04/22/2026,P
130216,101,04/22/2026,P
130582,101,04/22/2026,P
130762,101,04/22/2026,P
130804,102,04/22/2026,P
130997,102,04/22/2026,P
131196,102,04/22/2026,P
131384,102,04/22/2026,P
131401,101,04/22/2026,P
131595,102,04/22/2026,P
131822,101,04/22/2026,P
132081,102,04/22/2026,P
132131,101,04/22/2026,P
132171,102,04/22/2026,T
132180,102,04/22/2026,P
132242,101,04/22/2026,P
132581,102,04/22/2026,P
132608,101,04/22/2026,P
132664,102,04/22/2026,P
132666,101,04/22/2026,P
132892,101,04/22/2026,P
132932,102,04/22/2026,P
133077,102,04/22/2026,P
133184,101,04/22/2026,P
133272,102,04/22/2026,P
133448,102,04/22/2026,T
133506,101,04/22/2026,P
133542,102,04/22/2026,P
133616,102,04/22/2026,P
133658,101,04/22/2026,P
133762,101,04/22/2026,P
133946,101,04/22/2026,P
134080,101,04/22/2026,P
134268,102,04/22/2026,P
134289,102,04/22/2026,P
134383,101,04/22/2026,P
135262,102,04/22/2026,P
135758,101,04/22/2026,P
135769,101,04/22/2026,P
135812,102,04/22/2026,P
135821,102,04/22/2026,P
135901,101,04/22/2026,P
135923,101,04/22/2026,P
136336,102,04/22/2026,P
136474,101,04/22/2026,P
136533,101,04/22/2026,P
136558,102,04/22/2026,P
136686,102,04/22/2026,P
136962,101,04/22/2026,P
137523,102,04/22/2026,P
137636,101,04/22/2026,A
137717,102,04/22/2026,P
137842,102,04/22/2026,P
138052,102,04/22/2026,P
138211,102,04/22/2026,P
138406,102,04/22/2026,P
138438,102,04/22/2026,P
138530,101,04/22/2026,P
139142,101,04/22/2026,P
139199,101,04/22/2026,E
139332,102,04/22/2026,P
139389,102,04/22/2026,P
139985,102,04/22/2026,P
100014,101,04/23/2026,P
100166,102,04/23/2026,P
100336,101,04/23/2026,P
100607,102,04/23/2026,P
100752,102,04/23/2026,P
100919,102,04/23/2026,P
100926,101,04/23/2026,P
101621,101,04/23/2026,P
101663,101,04/23/2026,P
101676,101,04/23/2026,P
101690,102,04/23/2026,P
102169,102,04/23/2026,P
102203,101,04/23/2026,P
102926,102,04/23/2026,P
103203,101,04/23/2026,P
103366,101,04/23/2026,P
104213,102,04/23/2026,P
104812,101,04/23/2026,A
105001,102,04/23/2026,P
105290,102,04/23/2026,P
105443,101,04/23/2026,A
105533,101,04/23/2026,P
105876,102,04/23/2026,P
105943,101,04/23/2026,P
106040,102,04/23/2026,P
106334,101,04/23/2026,P
106425,102,04/23/2026,P
106447,101,04/23/2026,P
106722,101,04/23/2026,P
106726,102,04/23/2026,P
106955,102,04/23/2026,P
107257,102,04/23/2026,P
107631,101,04/23/2026,P
107806,101,04/23/2026,T
107917,101,04/23/2026,P
107954,101,04/23/2026,P
107996,102,04/23/2026,P
108599,101,04/23/2026,P
108838,102,04/23/2026,P
108870,101,04/23/2026,E
109233,102,04/23/2026,P
109333,101,04/23/2026,P
109591,102,04/23/2026,P
109734,101,04/23/2026,P
109820,101,04/23/2026,P
110142,102,04/23/2026,T
110493,102,04/23/2026,P
111996,102,04/23/2026,P
112752,101,04/23/2026,P
112890,102,04/23/2026,P
113028,101,04/23/2026,P
113096,101,04/23/2026,P
113273,102,04/23/2026,P
113777,102,04/23/2026,P
114609,101,04/23/2026,P
114633,102,04/23/2026,P
114714,101,04/23/2026,P
115724,102,04/23/2026,P
116242,102,04/23/2026,P
116449,101,04/23/2026,T
116483,101,04/23/2026,P
116950,102,04/23/2026,P
116962,101,04/23/2026,P
117046,101,04/23/2026,p
117463,102,04/23/2026,P
117598,102,04/23/2026,P
117631,101,04/23/2026,P
118824,101,04/23/2026,P
118848,101,04/23/2026,P
119009,101,04/23/2026,P
119050,102,04/23/2026,P
119144,102,04/23/2026,P
119292,102,04/23/2026,P
119901,101,04/23/2026,P
120054,101,04/23/2026,P
120160,101,04/23/2026,P
120250,101,04/23/2026,P
120541,102,04/23/2026,P
120593,102,04/23/2026,P
120752,101,04/23/2026,P
120937,102,04/23/2026,P
121367,102,04/23/2026,P
121480,101,04/23/2026,P
122308,101,04/23/2026,E
122742,101,04/23/2026,A
122784,102,04/23/2026,P
123160,102,04/23/2026,P
123372,101,04/23/2026,P
123412,101,04/23/2026,P
123588,101,04/23/2026,P
123825,101,04/23/2026,P
124172,101,04/23/2026,T
124256,101,04/23/2026,A
124641,101,04/23/2026,P
124664,101,04/23/2026,T
125516,102,04/23/2026,P
125585,102,04/23/2026,P
126093,102,04/23/2026,P
126134,101,04/23/2026,P
126342,101,04/23/2026,P
126350,102,04/23/2026,P
126955,101,04/23/2026,A
127003,102,04/23/2026,P
127379,101,04/23/2026,P
127522,102,04/23/2026,P
127565,102,04/23/2026,P
127670,102,04/23/2026,P
127881,102,04/23/2026,P
128141,102,04/23/2026,P
128381,102,04/23/2026,P
128457,101,04/23/2026,P
128734,101,04/23/2026,P
128907,101,04/23/2026,P
129451,102,04/23/2026,P
129468,102,04/23/2026,P
129571,102,04/23/2026,P
129682,101,04/23/2026,P
129936,101,04/23/2026,P
129979,102,04/23/2026,P
129992,101,04/23/2026,T
130030,101,04/23/2026,P
130216,101,04/23/2026,P
130582,101,04/23/2026,P
130762,101,04/23/2026,P
130804,102,04/23/2026,P
130997,102,04/23/2026,P
131196,102,04/23/2026,P
131384,102,04/23/2026,P
131401,101,04/23/2026,P
131595,102,04/23/2026,P
131822,101,04/23/2026,P
132081,102,04/23/2026,P
132131,101,04/23/2026,P
132171,102,04/23/2026,P
132180,102,04/23/2026,P
132242,101,04/23/2026,P
132581,102,04/23/2026,P
132608,101,04/23/2026,P
132664,102,04/23/2026,E
132666,101,04/23/2026,P
132892,101,04/23/2026,T
132932,102,04/23/2026,P
133077,102,04/23/2026,P
133184,101,04/23/2026,T
133272,102,04/23/2026,P
133448,102,04/23/2026,p
133506,101,04/23/2026,P
133542,102,04/23/2026,P
133616,102,04/23/2026,P
133658,101,04/23/2026,P
133762,101,04/23/2026,P
133946,101,04/23/2026,P
134080,101,04/23/2026,P
134268,102,04/23/2026,P
134289,102,04/23/2026,T
134383,101,04/23/2026,P
135262,102,04/23/2026,P
135758,101,04/23/2026,P
135769,101,04/23/2026,P
135812,102,04/23/2026,P
135821,102,04/23/2026,P
135901,101,04/23/2026,S
135923,101,04/23/2026,P
136336,102,04/23/2026,P
136474,101,04/23/2026,A
136533,101,04/23/2026,P
136558,102,04/23/2026,P
136686,102,04/23/2026,P
136962,101,04/23/2026,P
137523,102,04/23/2026,P
137636,101,04/23/2026,P
137717,102,04/23/2026,P
137842,102,04/23/2026,T
138052,102,04/23/2026,P
138211,102,04/23/2026,T
138406,102,04/23/2026,P
138438,102,04/23/2026,P
138530,101,04/23/2026,P
139142,101,04/23/2026,P
139199,101,04/23/2026,P
139332,102,04/23/2026,P
139389,102,04/23/2026,P
139985,102,04/23/2026,P
100014,101,04/24/2026,P
100166,102,04/24/2026,P
100336,101,04/24/2026,P
100607,102,04/24/2026,P
100752,102,04/24/2026,P
100919,102,04/24/2026,P
100926,101,04/24/2026,P
101621,101,04/24/2026,P
101663,101,04/24/2026,P
101676,101,04/24/2026,P
101690,102,04/24/2026,P
102169,102,04/24/2026,P
102203,101,04/24/2026,P
102926,102,04/24/2026,P
103203,101,04/24/2026,P
103366,101,04/24/2026,P
104213,102,04/24/2026,P
104812,101,04/24/2026,P
105001,102,04/24/2026,P
105290,102,04/24/2026,P
105443,101,04/24/2026,P
105533,101,04/24/2026,P
105876,102,04/24/2026,P
105943,101,04/24/2026,P
106040,102,04/24/2026,P
106334,101,04/24/2026,T
106425,102,04/24/2026,P
106447,101,04/24/2026,P
106722,101,04/24/2026,P
106726,102,04/24/2026,P
106955,102,04/24/2026,P
107257,102,04/24/2026,P
107631,101,04/24/2026,P
107806,101,04/24/2026,A
107917,101,04/24/2026,P
107954,101,04/24/2026,P
107996,102,04/24/2026,P
108599,101,04/24/2026,P
108838,102,04/24/2026,P
108870,101,04/24/2026,P
109233,102,04/24/2026,P
109333,101,04/24/2026,P
109591,102,04/24/2026,P
109734,101,04/24/2026,P
109820,101,04/24/2026,P
110142,102,04/24/2026,P
110493,102,04/24/2026,P
111996,102,04/24/2026,P
112752,101,04/24/2026,P
112890,102,04/24/2026,P
113028,101,04/24/2026,P
113096,101,04/24/2026,P
113273,102,04/24/2026,P
113777,102,04/24/2026,P
114609,101,04/24/2026,T
114633,102,04/24/2026,P
114714,101,04/24/2026,P
115724,102,04/24/2026,P
116242,102,04/24/2026,T
116449,101,04/24/2026,A
116483,101,04/24/2026,P
116950,102,04/24/2026,P
116962,101,04/24/2026,P
117046,101,04/24/2026,P
117463,102,04/24/2026,P
117598,102,04/24/2026,P
117631,101,04/24/2026,T
118824,101,04/24/2026,P
118848,101,04/24/2026,P
119009,101,04/24/2026,P
119050,102,04/24/2026,P
119144,102,04/24/2026,P
119292,102,04/24/2026,P
119901,101,04/24/2026,P
120054,101,04/24/2026,P
120160,101,04/24/2026,P
120250,101,04/24/2026,P
120541,102,04/24/2026,P
120593,102,04/24/2026,P
120752,101,04/24/2026,P
120937,102,04/24/2026,P
121367,102,04/24/2026,P
121480,101,04/24/2026,E
122308,101,04/24/2026,A
122742,101,04/24/2026,P
122784,102,04/24/2026,P
123160,102,04/24/2026,P
123372,101,04/24/2026,T
123412,101,04/24/2026,P
123588,101,04/24/2026,P
123825,101,04/24/2026,P
124172,101,04/24/2026,P
124256,101,04/24/2026,P
124641,101,04/24/2026,P
124664,101,04/24/2026,P
125516,102,04/24/2026,P
125585,102,04/24/2026,P
126093,102,04/24/2026,P
126134,101,04/24/2026,P
126342,101,04/24/2026,P
126350,102,04/24/2026,P
126955,101,04/24/2026,P
127003,102,04/24/2026,P
127379,101,04/24/2026,A
127522,102,04/24/2026,P
127565,102,04/24/2026,P
127670,102,04/24/2026,P
127881,102,04/24/2026,P
128141,102,04/24/2026,P
128381,102,04/24/2026,P
128457,101,04/24/2026,P
128734,101,04/24/2026,P
128907,101,04/24/2026,P
129451,102,04/24/2026,P
129468,102,04/24/2026,P
129571,102,04/24/2026,P
129682,101,04/24/2026,P
129936,101,04/24/2026,P
129979,102,04/24/2026,P
129992,101,04/24/2026,P
130030,101,04/24/2026,T
130216,101,04/24/2026,P
130582,101,04/24/2026,P
130762,101,04/24/2026,T
130804,102,04/24/2026,P
130997,102,04/24/2026,P
131196,102,04/24/2026,P
131384,102,04/24/2026,P
131401,101,04/24/2026,P
131595,102,04/24/2026,P
131822,101,04/24/2026,P
132081,102,04/24/2026,P
132131,101,04/24/2026,P
132171,102,04/24/2026,P
132180,102,04/24/2026,P
132242,101,04/24/2026,P
132581,102,04/24/2026,P
132608,101,04/24/2026,P
132664,102,04/24/2026,P
132666,101,04/24/2026,P
132892,101,04/24/2026,P
132932,102,04/24/2026,P
133077,102,04/24/2026,T
133184,101,04/24/2026,P
133272,102,04/24/2026,P
133448,102,04/24/2026,P
133506,101,04/24/2026,E
133542,102,04/24/2026,P
133616,102,04/24/2026,P
133658,101,04/24/2026,P
133762,101,04/24/2026,P
133946,101,04/24/2026,P
134080,101,04/24/2026,E
134268,102,04/24/2026,P
134289,102,04/24/2026,P
134383,101,04/24/2026,P
135262,102,04/24/2026,P
135758,101,04/24/2026,E
135769,101,04/24/2026,T
135812,102,04/24/2026,P
135821,102,04/24/2026,P
135901,101,04/24/2026,P
135923,101,04/24/2026,P
136336,102,04/24/2026,P
136474,101,04/24/2026,P
136533,101,04/24/2026,P
136558,102,04/24/2026,P
136686,102,04/24/2026,P
136962,101,04/24/2026,P
137523,102,04/24/2026,P
137636,101,04/24/2026,P
137717,102,04/24/2026,P
137842,102,04/24/2026,P
138052,102,04/24/2026,P
138211,102,04/24/2026,P
138406,102,04/24/2026,P
138438,102,04/24/2026,P
138530,101,04/24/2026,P
139142,101,04/24/2026,P
139199,101,04/24/2026,P
139332,102,04/24/2026,P
139389,102,04/24/2026,P
139985,102,04/24/2026,P
100014,101,04/27/2026,P
100166,102,04/27/2026,P
100336,101,04/27/2026,P
100607,102,04/27/2026,P
100752,102,04/27/2026,P
100919,102,04/27/2026,P
100926,101,04/27/2026,P
101621,101,04/27/2026,P
101663,101,04/27/2026,P
101676,101,04/27/2026,P
101690,102,04/27/2026,P
102169,102,04/27/2026,A
102203,101,04/27/2026,P
102926,102,04/27/2026,P
103203,101,04/27/2026,P
103366,101,04/27/2026,P
104213,102,04/27/2026,P
104812,101,04/27/2026,P
105001,102,04/27/2026,P
105290,102,04/27/2026,P
105443,101,04/27/2026,P
105533,101,04/27/2026,P
105876,102,04/27/2026,P
105943,101,04/27/2026,P
106040,102,04/27/2026,P
106334,101,04/27/2026,P
106425,102,04/27/2026,P
106447,101,04/27/2026,P
106722,101,04/27/2026,P
106726,102,04/27/2026,P
106955,102,04/27/2026,P
107257,102,04/27/2026,P
107631,101,04/27/2026,P
107806,101,04/27/2026,S
107917,101,04/27/2026,E
107954,101,04/27/2026,P
107996,102,04/27/2026,P
108599,101,04/27/2026,T
108838,102,04/27/2026,P
108870,101,04/27/2026,P
109233,102,04/27/2026,P
109333,101,04/27/2026,P
109591,102,04/27/2026,P
109734,101,04/27/2026,P
109820,101,04/27/2026,P
110142,102,04/27/2026,P
110493,102,04/27/2026,P
111996,102,04/27/2026,P
112752,101,04/27/2026,S
112890,102,04/27/2026,P
113028,101,04/27/2026,P
113096,101,04/27/2026,P
113273,102,04/27/2026,P
113777,102,04/27/2026,E
114609,101,04/27/2026,P
114633,102,04/27/2026,p
114714,101,04/27/2026,P
115724,102,04/27/2026,P
116242,102,04/27/2026,P
116449,101,04/27/2026,P
116483,101,04/27/2026,P
116950,102,04/27/2026,P
116962,101,04/27/2026,P
117046,101,04/27/2026,P
117463,102,04/27/2026,P
117598,102,04/27/2026,P
117631,101,04/27/2026,P
118824,101,04/27/2026,P
118848,101,04/27/2026,P
119009,101,04/27/2026,P
119050,102,04/27/2026,P
119144,102,04/27/2026,P
119292,102,04/27/2026,P
119901,101,04/27/2026,P
120054,101,04/27/2026,P
120160,101,04/27/2026,P
120250,101,04/27/2026,P
120541,102,04/27/2026,A
120593,102,04/27/2026,P
120752,101,04/27/2026,P
120937,102,04/27/2026,P
121367,102,04/27/2026,E
121480,101,04/27/2026,P
122308,101,04/27/2026,T
122742,101,04/27/2026,E
122784,102,04/27/2026,P
123160,102,04/27/2026,P
123372,101,04/27/2026,P
123412,101,04/27/2026,P
123588,101,04/27/2026,P
123825,101,04/27/2026,P
124172,101,04/27/2026,P
124256,101,04/27/2026,P
124641,101,04/27/2026,P
124664,101,04/27/2026,P
125516,102,04/27/2026,P
125585,102,04/27/2026,P
126093,102,04/27/2026,A
126134,101,04/27/2026,P
126342,101,04/27/2026,P
126350,102,04/27/2026,P
126955,101,04/27/2026,P
127003,102,04/27/2026,P
127379,101,04/27/2026,P
127522,102,04/27/2026,P
127565,102,04/27/2026,P
127670,102,04/27/2026,P
127881,102,04/27/2026,P
128141,102,04/27/2026,P
128381,102,04/27/2026,P
128457,101,04/27/2026,P
128734,101,04/27/2026,P
128907,101,04/27/2026,P
129451,102,04/27/2026,P
129468,102,04/27/2026,P
129571,102,04/27/2026,P
129682,101,04/27/2026,P
129936,101,04/27/2026,P
129979,102,04/27/2026,P
129992,101,04/27/2026,P
130030,101,04/27/2026,P
130216,101,04/27/2026,P
130582,101,04/27/2026,P
130762,101,04/27/2026,P
130804,102,04/27/2026,A
130997,102,04/27/2026,P
131196,102,04/27/2026,P
131384,102,04/27/2026,P
131401,101,04/27/2026,P
131595,102,04/27/2026,P
131822,101,04/27/2026,T
132081,102,04/27/2026,P
132131,101,04/27/2026,P
132171,102,04/27/2026,P
132180,102,04/27/2026,P
132242,101,04/27/2026,P
132581,102,04/27/2026,P
132608,101,04/27/2026,P
132664,102,04/27/2026,P
132666,101,04/27/2026,P
132892,101,04/27/2026,P
132932,102,04/27/2026,P
133077,102,04/27/2026,P
133184,101,04/27/2026,T
133272,102,04/27/2026,P
133448,102,04/27/2026,P
133506,101,04/27/2026,P
133542,102,04/27/2026,P
133616,102,04/27/2026,E
133658,101,04/27/2026,P
133762,101,04/27/2026,P
133946,101,04/27/2026,P
134080,101,04/27/2026,P
134268,102,04/27/2026,P
134289,102,04/27/2026,P
134383,101,04/27/2026,P
135262,102,04/27/2026,P
135758,101,04/27/2026,P
135769,101,04/27/2026,T
135812,102,04/27/2026,P
135821,102,04/27/2026,P
135901,101,04/27/2026,P
135923,101,04/27/2026,P
136336,102,04/27/2026,P
136474,101,04/27/2026,P
136533,101,04/27/2026,P
136558,102,04/27/2026,P
136686,102,04/27/2026,T
136962,101,04/27/2026,P
137523,102,04/27/2026,P
137636,101,04/27/2026,P
137717,102,04/27/2026,P
137842,102,04/27/2026,P
138052,102,04/27/2026,P
138211,102,04/27/2026,P
138406,102,04/27/2026,P
138438,102,04/27/2026,P
138530,101,04/27/2026,P
139142,101,04/27/2026,P
139199,101,04/27/2026,P
139332,102,04/27/2026,P
139389,102,04/27/2026,S
139985,102,04/27/2026,P
100014,101,04/28/2026,P
100166,102,04/28/2026,P
100336,101,04/28/2026,T
100607,102,04/28/2026,P
100752,102,04/28/2026,T
100919,102,04/28/2026,P
100926,101,04/28/2026,P
101621,101,04/28/2026,P
101663,101,04/28/2026,P
101676,101,04/28/2026,P
101690,102,04/28/2026,P
102169,102,04/28/2026,P
102203,101,04/28/2026,P
102926,102,04/28/2026,P
103203,101,04/28/2026,P
103366,101,04/28/2026,P
104213,102,04/28/2026,P
104812,101,04/28/2026,E
105001,102,04/28/2026,P
105290,102,04/28/2026,P
105443,101,04/28/2026,P
105533,101,04/28/2026,P
105876,102,04/28/2026,P
105943,101,04/28/2026,P
106040,102,04/28/2026,P
106334,101,04/28/2026,P
106425,102,04/28/2026,P
106447,101,04/28/2026,P
106722,101,04/28/2026,P
106726,102,04/28/2026,P
106955,102,04/28/2026,P
107257,102,04/28/2026,P
107631,101,04/28/2026,P
107806,101,04/28/2026,P
107917,101,04/28/2026,P
107954,101,04/28/2026,P
107996,102,04/28/2026,P
108599,101,04/28/2026,P
108838,102,04/28/2026,P
108870,101,04/28/2026,P
109233,102,04/28/2026,P
109333,101,04/28/2026,T
109591,102,04/28/2026,P
109734,101,04/28/2026,P
109820,101,04/28/2026,A
110142,102,04/28/2026,P
110493,102,04/28/2026,P
111996,102,04/28/2026,P
112752,101,04/28/2026,E
112890,102,04/28/2026,P
113028,101,04/28/2026,P
113096,101,04/28/2026,p
113273,102,04/28/2026,P
113777,102,04/28/2026,P
114609,101,04/28/2026,A
114633,102,04/28/2026,P
114714,101,04/28/2026,P
115724,102,04/28/2026,P
116242,102,04/28/2026,P
116449,101,04/28/2026,P
116483,101,04/28/2026,P
116950,102,04/28/2026,P
116962,101,04/28/2026,T
117046,101,04/28/2026,P
117463,102,04/28/2026,P
117598,102,04/28/2026,P
117631,101,04/28/2026,P
118824,101,04/28/2026,P
118848,101,04/28/2026,P
119009,101,04/28/2026,P
119050,102,04/28/2026,P
119144,102,04/28/2026,P
119292,102,04/28/2026,P
119901,101,04/28/2026,P
120054,101,04/28/2026,P
120160,101,04/28/2026,P
120250,101,04/28/2026,P
120541,102,04/28/2026,P
120593,102,04/28/2026,P
120752,101,04/28/2026,P
120937,102,04/28/2026,P
121367,102,04/28/2026,P
121480,101,04/28/2026,P
122308,101,04/28/2026,E
122742,101,04/28/2026,P
122784,102,04/28/2026,P
123160,102,04/28/2026,P
123372,101,04/28/2026,E
123412,101,04/28/2026,P
123588,101,04/28/2026,P
123825,101,04/28/2026,P
124172,101,04/28/2026,P
124256,101,04/28/2026,P
124641,101,04/28/2026,P
124664,101,04/28/2026,P
125516,102,04/28/2026,P
125585,102,04/28/2026,P
126093,102,04/28/2026,P
126134,101,04/28/2026,P
126342,101,04/28/2026,P
126350,102,04/28/2026,P
126955,101,04/28/2026,P
127003,102,04/28/2026,P
127379,101,04/28/2026,P
127522,102,04/28/2026,P
127565,102,04/28/2026,P
127670,102,04/28/2026,P
127881,102,04/28/2026,P
128141,102,04/28/2026,P
128381,102,04/28/2026,P
128457,101,04/28/2026,P
128734,101,04/28/2026,P
128907,101,04/28/2026,P
129451,102,04/28/2026,P
129468,102,04/28/2026,P
129571,102,04/28/2026,P
129682,101,04/28/2026,P
129936,101,04/28/2026,P
129979,102,04/28/2026,P
129992,101,04/28/2026,P
130030,101,04/28/2026,P
130216,101,04/28/2026,E
130582,101,04/28/2026,P
130762,101,04/28/2026,P
130804,102,04/28/2026,P
130997,102,04/28/2026,P
131196,102,04/28/2026,P
131384,102,04/28/2026,P
131401,101,04/28/2026,P
131595,102,04/28/2026,P
131822,101,04/28/2026,p
132081,102,04/28/2026,P
132131,101,04/28/2026,P
132171,102,04/28/2026,P
132180,102,04/28/2026,P
132242,101,04/28/2026,P
132581,102,04/28/2026,P
132608,101,04/28/2026,P
132664,102,04/28/2026,P
132666,101,04/28/2026,P
132892,101,04/28/2026,P
132932,102,04/28/2026,E
133077,102,04/28/2026,T
133184,101,04/28/2026,P
133272,102,04/28/2026,P
133448,102,04/28/2026,P
133506,101,04/28/2026,p
133542,102,04/28/2026,T
133616,102,04/28/2026,P
133658,101,04/28/2026,T
133762,101,04/28/2026,P
133946,101,04/28/2026,P
134080,101,04/28/2026,P
134268,102,04/28/2026,P
134289,102,04/28/2026,P
134383,101,04/28/2026,P
135262,102,04/28/2026,P
135758,101,04/28/2026,E
135769,101,04/28/2026,A
135812,102,04/28/2026,P
135821,102,04/28/2026,P
135901,101,04/28/2026,P
135923,101,04/28/2026,P
136336,102,04/28/2026,P
136474,101,04/28/2026,P
136533,101,04/28/2026,P
136558,102,04/28/2026,P
136686,102,04/28/2026,T
136962,101,04/28/2026,P
137523,102,04/28/2026,P
137636,101,04/28/2026,P
137717,102,04/28/2026,P
137842,102,04/28/2026,P
138052,102,04/28/2026,P
138211,102,04/28/2026,P
138406,102,04/28/2026,P
138438,102,04/28/2026,P
138530,101,04/28/2026,P
139142,101,04/28/2026,P
139199,101,04/28/2026,P
139332,102,04/28/2026,P
139389,102,04/28/2026,P
139985,102,04/28/2026,P
100014,101,04/29/2026,P
100166,102,04/29/2026,P
100336,101,04/29/2026,P
100607,102,04/29/2026,P
100752,102,04/29/2026,P
100919,102,04/29/2026,P
100926,101,04/29/2026,P
101621,101,04/29/2026,P
101663,101,04/29/2026,P
101676,101,04/29/2026,P
101690,102,04/29/2026,E
102169,102,04/29/2026,S
102203,101,04/29/2026,P
102926,102,04/29/2026,P
103203,101,04/29/2026,P
103366,101,04/29/2026,A
104213,102,04/29/2026,P
104812,101,04/29/2026,P
105001,102,04/29/2026,P
105290,102,04/29/2026,P
105443,101,04/29/2026,A
105533,101,04/29/2026,P
105876,102,04/29/2026,P
105943,101,04/29/2026,P
106040,102,04/29/2026,P
106334,101,04/29/2026,P
106425,102,04/29/2026,P
106447,101,04/29/2026,P
106722,101,04/29/2026,P
106726,102,04/29/2026,P
106955,102,04/29/2026,P
107257,102,04/29/2026,P
107631,101,04/29/2026,P
107806,101,04/29/2026,P
107917,101,04/29/2026,P
107954,101,04/29/2026,T
107996,102,04/29/2026,T
108599,101,04/29/2026,P
108838,102,04/29/2026,P
108870,101,04/29/2026,P
109233,102,04/29/2026,P
109333,101,04/29/2026,P
109591,102,04/29/2026,P
109734,101,04/29/2026,P
109820,101,04/29/2026,T
110142,102,04/29/2026,P
110493,102,04/29/2026,P
111996,102,04/29/2026,T
112752,101,04/29/2026,P
112890,102,04/29/2026,P
113028,101,04/29/2026,P
113096,101,04/29/2026,P
113273,102,04/29/2026,P
113777,102,04/29/2026,P
114609,101,04/29/2026,P
114633,102,04/29/2026,P
114714,101,04/29/2026,P
115724,102,04/29/2026,P
116242,102,04/29/2026,T
116449,101,04/29/2026,P
116483,101,04/29/2026,P
116950,102,04/29/2026,P
116962,101,04/29/2026,P
117046,101,04/29/2026,P
117463,102,04/29/2026,P
117598,102,04/29/2026,P
117631,101,04/29/2026,P
118824,101,04/29/2026,P
118848,101,04/29/2026,P
119009,101,04/29/2026,P
119050,102,04/29/2026,P
119144,102,04/29/2026,P
119292,102,04/29/2026,P
119901,101,04/29/2026,P
120054,101,04/29/2026,P
120160,101,04/29/2026,P
120250,101,04/29/2026,P
120541,102,04/29/2026,P
120593,102,04/29/2026,P
120752,101,04/29/2026,P
120937,102,04/29/2026,P
121367,102,04/29/2026,P
121480,101,04/29/2026,P
122308,101,04/29/2026,P
122742,101,04/29/2026,E
122784,102,04/29/2026,P
123160,102,04/29/2026,P
123372,101,04/29/2026,T
123412,101,04/29/2026,P
123588,101,04/29/2026,P
123825,101,04/29/2026,P
124172,101,04/29/2026,P
124256,101,04/29/2026,P
124641,101,04/29/2026,P
124664,101,04/29/2026,E
125516,102,04/29/2026,P
125585,102,04/29/2026,P
126093,102,04/29/2026,P
126134,101,04/29/2026,P
126342,101,04/29/2026,P
126350,102,04/29/2026,p
126955,101,04/29/2026,P
127003,102,04/29/2026,T
127379,101,04/29/2026,P
127522,102,04/29/2026,P
127565,102,04/29/2026,P
127670,102,04/29/2026,P
127881,102,04/29/2026,P
128141,102,04/29/2026,P
128381,102,04/29/2026,P
128457,101,04/29/2026,P
128734,101,04/29/2026,E
128907,101,04/29/2026,P
129451,102,04/29/2026,P
129468,102,04/29/2026,P
129571,102,04/29/2026,P
129682,101,04/29/2026,P
129936,101,04/29/2026,P
129979,102,04/29/2026,T
129992,101,04/29/2026,P
130030,101,04/29/2026,P
130216,101,04/29/2026,P
130582,101,04/29/2026,P
130762,101,04/29/2026,P
130804,102,04/29/2026,P
130997,102,04/29/2026,P
131196,102,04/29/2026,P
131384,102,04/29/2026,P
131401,101,04/29/2026,P
131595,102,04/29/2026,T
131822,101,04/29/2026,P
132081,102,04/29/2026,P
132131,101,04/29/2026,P
132171,102,04/29/2026,T
132180,102,04/29/2026,P
132242,101,04/29/2026,P
132581,102,04/29/2026,P
132608,101,04/29/2026,P
132664,102,04/29/2026,P
132666,101,04/29/2026,P
132892,101,04/29/2026,P
132932,102,04/29/2026,P
133077,102,04/29/2026,P
133184,101,04/29/2026,P
133272,102,04/29/2026,E
133448,102,04/29/2026,P
133506,101,04/29/2026,P
133542,102,04/29/2026,P
133616,102,04/29/2026,P
133658,101,04/29/2026,A
133762,101,04/29/2026,P
133946,101,04/29/2026,P
134080,101,04/29/2026,P
134268,102,04/29/2026,P
134289,102,04/29/2026,P
134383,101,04/29/2026,P
135262,102,04/29/2026,P
135758,101,04/29/2026,P
135769,101,04/29/2026,P
135812,102,04/29/2026,P
135821,102,04/29/2026,P
135901,101,04/29/2026,P
135923,101,04/29/2026,P
136336,102,04/29/2026,P
136474,101,04/29/2026,P
136533,101,04/29/2026,P
136558,102,04/29/2026,P
136686,102,04/29/2026,P
136962,101,04/29/2026,P
137523,102,04/29/2026,P
137636,101,04/29/2026,P
137717,102,04/29/2026,P
137842,102,04/29/2026,P
138052,102,04/29/2026,T
138211,102,04/29/2026,P
138406,102,04/29/2026,P
138438,102,04/29/2026,P
138530,101,04/29/2026,P
139142,101,04/29/2026,P
139199,101,04/29/2026,T
139332,102,04/29/2026,P
139389,102,04/29/2026,P
139985,102,04/29/2026,P
100014,101,04/30/2026,P
100166,102,04/30/2026,P
100336,101,04/30/2026,P
100607,102,04/30/2026,P
100752,102,04/30/2026,A
100919,102,04/30/2026,A
100926,101,04/30/2026,P
101621,101,04/30/2026,P
101663,101,04/30/2026,P
101676,101,04/30/2026,P
101690,102,04/30/2026,P
102169,102,04/30/2026,P
102203,101,04/30/2026,P
102926,102,04/30/2026,E
103203,101,04/30/2026,P
103366,101,04/30/2026,A
104213,102,04/30/2026,P
104812,101,04/30/2026,p
105001,102,04/30/2026,P
105290,102,04/30/2026,P
105443,101,04/30/2026,P
105533,101,04/30/2026,P
105876,102,04/30/2026,P
105943,101,04/30/2026,P
106040,102,04/30/2026,P
106334,101,04/30/2026,A
106425,102,04/30/2026,P
106447,101,04/30/2026,T
106722,101,04/30/2026,P
106726,102,04/30/2026,P
106955,102,04/30/2026,P
107257,102,04/30/2026,A
107631,101,04/30/2026,P
107806,101,04/30/2026,P
107917,101,04/30/2026,E
107954,101,04/30/2026,P
107996,102,04/30/2026,P
108599,101,04/30/2026,P
108838,102,04/30/2026,P
108870,101,04/30/2026,P
109233,102,04/30/2026,P
109333,101,04/30/2026,P
109591,102,04/30/2026,P
109734,101,04/30/2026,P
109820,101,04/30/2026,A
110142,102,04/30/2026,P
110493,102,04/30/2026,P
111996,102,04/30/2026,P
112752,101,04/30/2026,P
112890,102,04/30/2026,A
113028,101,04/30/2026,P
113096,101,04/30/2026,P
113273,102,04/30/2026,P
113777,102,04/30/2026,P
114609,101,04/30/2026,P
114633,102,04/30/2026,P
114714,101,04/30/2026,P
115724,102,04/30/2026,P
116242,102,04/30/2026,P
116449,101,04/30/2026,P
116483,101,04/30/2026,P
116950,102,04/30/2026,T
116962,101,04/30/2026,P
117046,101,04/30/2026,P
117463,102,04/30/2026,P
117598,102,04/30/2026,P
117631,101,04/30/2026,P
118824,101,04/30/2026,P
118848,101,04/30/2026,P
119009,101,04/30/2026,P
119050,102,04/30/2026,P
119144,102,04/30/2026,P
119292,102,04/30/2026,P
119901,101,04/30/2026,P
120054,101,04/30/2026,P
120160,101,04/30/2026,P
120250,101,04/30/2026,P
120541,102,04/30/2026,P
120593,102,04/30/2026,P
120752,101,04/30/2026,P
120937,102,04/30/2026,P
121367,102,04/30/2026,P
121480,101,04/30/2026,E
122308,101,04/30/2026,p
122742,101,04/30/2026,P
122784,102,04/30/2026,T
123160,102,04/30/2026,P
123372,101,04/30/2026,P
123412,101,04/30/2026,P
123588,101,04/30/2026,P
123825,101,04/30/2026,P
124172,101,04/30/2026,P
124256,101,04/30/2026,P
124641,101,04/30/2026,P
124664,101,04/30/2026,T
125516,102,04/30/2026,P
125585,102,04/30/2026,E
126093,102,04/30/2026,P
126134,101,04/30/2026,P
126342,101,04/30/2026,P
126350,102,04/30/2026,P
126955,101,04/30/2026,P
127003,102,04/30/2026,P
127379,101,04/30/2026,A
127522,102,04/30/2026,P
127565,102,04/30/2026,P
127670,102,04/30/2026,P
127881,102,04/30/2026,p
128141,102,04/30/2026,P
128381,102,04/30/2026,P
128457,101,04/30/2026,T
128734,101,04/30/2026,P
128907,101,04/30/2026,P
129451,102,04/30/2026,P
129468,102,04/30/2026,P
129571,102,04/30/2026,A
129682,101,04/30/2026,P
129936,101,04/30/2026,P
129979,102,04/30/2026,P
129992,101,04/30/2026,P
130030,101,04/30/2026,P
130216,101,04/30/2026,P
130582,101,04/30/2026,P
130762,101,04/30/2026,P
130804,102,04/30/2026,P
130997,102,04/30/2026,P
131196,102,04/30/2026,P
131384,102,04/30/2026,P
131401,101,04/30/2026,P
131595,102,04/30/2026,P
131822,101,04/30/2026,P
132081,102,04/30/2026,P
132131,101,04/30/2026,P
132171,102,04/30/2026,P
132180,102,04/30/2026,P
132242,101,04/30/2026,P
132581,102,04/30/2026,P
132608,101,04/30/2026,P
132664,102,04/30/2026,P
132666,101,04/30/2026,P
132892,101,04/30/2026,P
132932,102,04/30/2026,P
133077,102,04/30/2026,P
133184,101,04/30/2026,P
133272,102,04/30/2026,P
133448,102,04/30/2026,P
133506,101,04/30/2026,P
133542,102,04/30/2026,P
133616,102,04/30/2026,P
133658,101,04/30/2026,P
133762,101,04/30/2026,A
133946,101,04/30/2026,P
134080,101,04/30/2026,P
134268,102,04/30/2026,E
134289,102,04/30/2026,P
134383,101,04/30/2026,P
135262,102,04/30/2026,P
135758,101,04/30/2026,P
135769,101,04/30/2026,P
135812,102,04/30/2026,S
135821,102,04/30/2026,P
135901,101,04/30/2026,P
135923,101,04/30/2026,P
136336,102,04/30/2026,P
136474,101,04/30/2026,P
136533,101,04/30/2026,P
136558,102,04/30/2026,P
136686,102,04/30/2026,P
136962,101,04/30/2026,P
137523,102,04/30/2026,P
137636,101,04/30/2026,P
137717,102,04/30/2026,P
137842,102,04/30/2026,P
138052,102,04/30/2026,P
138211,102,04/30/2026,P
138406,102,04/30/2026,T
138438,102,04/30/2026,P
138530,101,04/30/2026,P
139142,101,04/30/2026,P
139199,101,04/30/2026,P
139332,102,04/30/2026,P
139389,102,04/30/2026,t
139985,102,04/30/2026,P
100014,101,05/01/2026,P
100166,102,05/01/2026,P
100336,101,05/01/2026,P
100607,102,05/01/2026,P
100752,102,05/01/2026,P
100919,102,05/01/2026,P
100926,101,05/01/2026,P
101621,101,05/01/2026,P
101663,101,05/01/2026,A
101676,101,05/01/2026,P
101690,102,05/01/2026,P
102169,102,05/01/2026,P
102203,101,05/01/2026,P
102926,102,05/01/2026,P
103203,101,05/01/2026,P
103366,101,05/01/2026,P
104213,102,05/01/2026,P
104812,101,05/01/2026,P
105001,102,05/01/2026,P
105290,102,05/01/2026,P
105443,101,05/01/2026,P
105533,101,05/01/2026,P
105876,102,05/01/2026,P
105943,101,05/01/2026,P
106040,102,05/01/2026,P
106334,101,05/01/2026,P
106425,102,05/01/2026,P
106447,101,05/01/2026,P
106722,101,05/01/2026,P
106726,102,05/01/2026,P
106955,102,05/01/2026,P
107257,102,05/01/2026,P
107631,101,05/01/2026,P
107806,101,05/01/2026,P
107917,101,05/01/2026,E
107954,101,05/01/2026,P
107996,102,05/01/2026,P
108599,101,05/01/2026,P
108838,102,05/01/2026,P
108870,101,05/01/2026,E
109233,102,05/01/2026,P
109333,101,05/01/2026,P
109591,102,05/01/2026,P
109734,101,05/01/2026,P
109820,101,05/01/2026,P
110142,102,05/01/2026,P
110493,102,05/01/2026,P
111996,102,05/01/2026,P
112752,101,05/01/2026,P
112890,102,05/01/2026,P
113028,101,05/01/2026,P
113096,101,05/01/2026,P
113273,102,05/01/2026,P
113777,102,05/01/2026,P
114609,101,05/01/2026,P
114633,102,05/01/2026,P
114714,101,05/01/2026,P
115724,102,05/01/2026,P
116242,102,05/01/2026,P
116449,101,05/01/2026,P
116483,101,05/01/2026,P
116950,102,05/01/2026,P
116962,101,05/01/2026,P
117046,101,05/01/2026,P
117463,102,05/01/2026,P
117598,102,05/01/2026,P
117631,101,05/01/2026,P
118824,101,05/01/2026,P
118848,101,05/01/2026,P
119009,101,05/01/2026,P
119050,102,05/01/2026,P
119144,102,05/01/2026,P
119292,102,05/01/2026,P
119901,101,05/01/2026,P
120054,101,05/01/2026,P
120160,101,05/01/2026,P
120250,101,05/01/2026,P
120541,102,05/01/2026,A
120593,102,05/01/2026,P
120752,101,05/01/2026,P
120937,102,05/01/2026,P
121367,102,05/01/2026,P
121480,101,05/01/2026,P
122308,101,05/01/2026,P
122742,101,05/01/2026,P
122784,102,05/01/2026,p
123160,102,05/01/2026,P
123372,101,05/01/2026,P
123412,101,05/01/2026,P
123588,101,05/01/2026,P
123825,101,05/01/2026,P
124172,101,05/01/2026,P
124256,101,05/01/2026,P
124641,101,05/01/2026,P
124664,101,05/01/2026,P
125516,102,05/01/2026,P
125585,102,05/01/2026,P
126093,102,05/01/2026,P
126134,101,05/01/2026,P
126342,101,05/01/2026,P
126350,102,05/01/2026,P
126955,101,05/01/2026,P
127003,102,05/01/2026,P
127379,101,05/01/2026,E
127522,102,05/01/2026,P
127565,102,05/01/2026,T
127670,102,05/01/2026,T
127881,102,05/01/2026,P
128141,102,05/01/2026,P
128381,102,05/01/2026,P
128457,101,05/01/2026,P
128734,101,05/01/2026,P
128907,101,05/01/2026,P
129451,102,05/01/2026,P
129468,102,05/01/2026,P
129571,102,05/01/2026,P
129682,101,05/01/2026,P
129936,101,05/01/2026,P
129979,102,05/01/2026,P
129992,101,05/01/2026,P
130030,101,05/01/2026,P
130216,101,05/01/2026,P
130582,101,05/01/2026,P
130762,101,05/01/2026,P
130804,102,05/01/2026,P
130997,102,05/01/2026,P
131196,102,05/01/2026,P
131384,102,05/01/2026,P
131401,101,05/01/2026,P
131595,102,05/01/2026,P
131822,101,05/01/2026,P
132081,102,05/01/2026,P
132131,101,05/01/2026,P
132171,102,05/01/2026,P
132180,102,05/01/2026,P
132242,101,05/01/2026,P
132581,102,05/01/2026,P
132608,101,05/01/2026,P
132664,102,05/01/2026,P
132666,101,05/01/2026,P
132892,101,05/01/2026,P
132932,102,05/01/2026,T
133077,102,05/01/2026,P
133184,101,05/01/2026,P
133272,102,05/01/2026,P
133448,102,05/01/2026,P
133506,101,05/01/2026,p
133542,102,05/01/2026,P
133616,102,05/01/2026,P
133658,101,05/01/2026,P
133762,101,05/01/2026,P
133946,101,05/01/2026,T
134080,101,05/01/2026,P
134268,102,05/01/2026,P
134289,102,05/01/2026,T
134383,101,05/01/2026,P
135262,102,05/01/2026,P
135758,101,05/01/2026,P
135769,101,05/01/2026,P
135812,102,05/01/2026,P
135821,102,05/01/2026,P
135901,101,05/01/2026,P
135923,101,05/01/2026,P
136336,102,05/01/2026,P
136474,101,05/01/2026,P
136533,101,05/01/2026,P
136558,102,05/01/2026,P
136686,102,05/01/2026,P
136962,101,05/01/2026,P
137523,102,05/01/2026,P
137636,101,05/01/2026,P
137717,102,05/01/2026,P
137842,102,05/01/2026,E
138052,102,05/01/2026,P
138211,102,05/01/2026,P
138406,102,05/01/2026,P
138438,102,05/01/2026,P
138530,101,05/01/2026,P
139142,101,05/01/2026,P
139199,101,05/01/2026,P
139332,102,05/01/2026,P
139389,102,05/01/2026,P
139985,102,05/01/2026,P
100014,101,05/04/2026,P
100166,102,05/04/2026,P
100336,101,05/04/2026,P
100607,102,05/04/2026,T
100752,102,05/04/2026,P
100919,102,05/04/2026,P
100926,101,05/04/2026,P
101621,101,05/04/2026,P
101663,101,05/04/2026,P
101676,101,05/04/2026,P
101690,102,05/04/2026,T
102169,102,05/04/2026,P
102203,101,05/04/2026,P
102926,102,05/04/2026,P
103203,101,05/04/2026,P
103366,101,05/04/2026,P
104213,102,05/04/2026,T
104812,101,05/04/2026,P
105001,102,05/04/2026,P
105290,102,05/04/2026,A
105443,101,05/04/2026,P
105533,101,05/04/2026,P
105876,102,05/04/2026,P
105943,101,05/04/2026,P
106040,102,05/04/2026,P
106334,101,05/04/2026,P
106425,102,05/04/2026,P
106447,101,05/04/2026,P
106722,101,05/04/2026,P
106726,102,05/04/2026,P
106955,102,05/04/2026,P
107257,102,05/04/2026,P
107631,101,05/04/2026,P
107806,101,05/04/2026,P
107917,101,05/04/2026,P
107954,101,05/04/2026,P
107996,102,05/04/2026,P
108599,101,05/04/2026,P
108838,102,05/04/2026,P
108870,101,05/04/2026,A
109233,102,05/04/2026,P
109333,101,05/04/2026,T
109591,102,05/04/2026,P
109734,101,05/04/2026,A
109820,101,05/04/2026,P
110142,102,05/04/2026,P
110493,102,05/04/2026,P
111996,102,05/04/2026,A
112752,101,05/04/2026,P
112890,102,05/04/2026,P
113028,101,05/04/2026,P
113096,101,05/04/2026,A
113273,102,05/04/2026,P
113777,102,05/04/2026,P
114609,101,05/04/2026,P
114633,102,05/04/2026,P
114714,101,05/04/2026,P
115724,102,05/04/2026,P
116242,102,05/04/2026,p
116449,101,05/04/2026,T
116483,101,05/04/2026,P
116950,102,05/04/2026,P
116962,101,05/04/2026,P
117046,101,05/04/2026,P
117463,102,05/04/2026,P
117598,102,05/04/2026,P
117631,101,05/04/2026,P
118824,101,05/04/2026,P
118848,101,05/04/2026,P
119009,101,05/04/2026,P
119050,102,05/04/2026,P
119144,102,05/04/2026,P
119292,102,05/04/2026,P
119901,101,05/04/2026,P
120054,101,05/04/2026,P
120160,101,05/04/2026,P
120250,101,05/04/2026,P
120541,102,05/04/2026,P
120593,102,05/04/2026,P
120752,101,05/04/2026,P
120937,102,05/04/2026,P
121367,102,05/04/2026,P
121480,101,05/04/2026,P
122308,101,05/04/2026,P
122742,101,05/04/2026,P
122784,102,05/04/2026,T
123160,102,05/04/2026,P
123372,101,05/04/2026,P
123412,101,05/04/2026,P
123588,101,05/04/2026,P
123825,101,05/04/2026,P
124172,101,05/04/2026,P
124256,101,05/04/2026,P
124641,101,05/04/2026,P
124664,101,05/04/2026,P
125516,102,05/04/2026,P
125585,102,05/04/2026,P
126093,102,05/04/2026,P
126134,101,05/04/2026,P
126342,101,05/04/2026,P
126350,102,05/04/2026,P
126955,101,05/04/2026,P
127003,102,05/04/2026,P
127379,101,05/04/2026,P
127522,102,05/04/2026,P
127565,102,05/04/2026,P
127670,102,05/04/2026,P
127881,102,05/04/2026,P
128141,102,05/04/2026,P
128381,102,05/04/2026,P
128457,101,05/04/2026,P
128734,101,05/04/2026,P
128907,101,05/04/2026,P
129451,102,05/04/2026,P
129468,102,05/04/2026,P
129571,102,05/04/2026,P
129682,101,05/04/2026,P
129936,101,05/04/2026,P
129979,102,05/04/2026,P
129992,101,05/04/2026,P
130030,101,05/04/2026,P
130216,101,05/04/2026,P
130582,101,05/04/2026,P
130762,101,05/04/2026,P
130804,102,05/04/2026,P
130997,102,05/04/2026,P
131196,102,05/04/2026,P
131384,102,05/04/2026,T
131401,101,05/04/2026,P
131595,102,05/04/2026,P
131822,101,05/04/2026,P
132081,102,05/04/2026,P
132131,101,05/04/2026,P
132171,102,05/04/2026,T
132180,102,05/04/2026,P
132242,101,05/04/2026,P
132581,102,05/04/2026,P
132608,101,05/04/2026,P
132664,102,05/04/2026,P
132666,101,05/04/2026,P
132892,101,05/04/2026,P
132932,102,05/04/2026,P
133077,102,05/04/2026,P
133184,101,05/04/2026,P
133272,102,05/04/2026,P
133448,102,05/04/2026,P
133506,101,05/04/2026,P
133542,102,05/04/2026,P
133616,102,05/04/2026,P
133658,101,05/04/2026,T
133762,101,05/04/2026,P
133946,101,05/04/2026,P
134080,101,05/04/2026,P
134268,102,05/04/2026,P
134289,102,05/04/2026,P
134383,101,05/04/2026,P
135262,102,05/04/2026,P
135758,101,05/04/2026,P
135769,101,05/04/2026,P
135812,102,05/04/2026,P
135821,102,05/04/2026,P
135901,101,05/04/2026,E
135923,101,05/04/2026,P
136336,102,05/04/2026,P
136474,101,05/04/2026,P
136533,101,05/04/2026,P
136558,102,05/04/2026,P
136686,102,05/04/2026,P
136962,101,05/04/2026,P
137523,102,05/04/2026,P
137636,101,05/04/2026,P
137717,102,05/04/2026,P
137842,102,05/04/2026,P
138052,102,05/04/2026,p
138211,102,05/04/2026,E
138406,102,05/04/2026,P
138438,102,05/04/2026,P
138530,101,05/04/2026,P
139142,101,05/04/2026,P
139199,101,05/04/2026,P
139332,102,05/04/2026,T
139389,102,05/04/2026,P
139985,102,05/04/2026,P
100014,101,05/05/2026,P
100166,102,05/05/2026,T
100336,101,05/05/2026,P
100607,102,05/05/2026,T
100752,102,05/05/2026,P
100919,102,05/05/2026,P
100926,101,05/05/2026,P
101621,101,05/05/2026,P
101663,101,05/05/2026,T
101676,101,05/05/2026,P
101690,102,05/05/2026,P
102169,102,05/05/2026,P
102203,101,05/05/2026,P
102926,102,05/05/2026,P
103203,101,05/05/2026,P
103366,101,05/05/2026,P
104213,102,05/05/2026,P
104812,101,05/05/2026,P
105001,102,05/05/2026,P
105290,102,05/05/2026,P
105443,101,05/05/2026,P
105533,101,05/05/2026,P
105876,102,05/05/2026,P
105943,101,05/05/2026,P
106040,102,05/05/2026,P
106334,101,05/05/2026,P
106425,102,05/05/2026,P
106447,101,05/05/2026,P
106722,101,05/05/2026,P
106726,102,05/05/2026,P
106955,102,05/05/2026,P
107257,102,05/05/2026,P
107631,101,05/05/2026,P
107806,101,05/05/2026,P
107917,101,05/05/2026,E
107954,101,05/05/2026,P
107996,102,05/05/2026,P
108599,101,05/05/2026,p
108838,102,05/05/2026,P
108870,101,05/05/2026,A
109233,102,05/05/2026,P
109333,101,05/05/2026,T
109591,102,05/05/2026,P
109734,101,05/05/2026,P
109820,101,05/05/2026,P
110142,102,05/05/2026,T
110493,102,05/05/2026,P
111996,102,05/05/2026,P
112752,101,05/05/2026,E
112890,102,05/05/2026,P
113028,101,05/05/2026,P
113096,101,05/05/2026,E
113273,102,05/05/2026,P
113777,102,05/05/2026,P
114609,101,05/05/2026,P
114633,102,05/05/2026,P
114714,101,05/05/2026,P
115724,102,05/05/2026,P
116242,102,05/05/2026,P
116449,101,05/05/2026,T
116483,101,05/05/2026,P
116950,102,05/05/2026,P
116962,101,05/05/2026,P
117046,101,05/05/2026,P
117463,102,05/05/2026,P
117598,102,05/05/2026,P
117631,101,05/05/2026,P
118824,101,05/05/2026,P
118848,101,05/05/2026,P
119009,101,05/05/2026,T
119050,102,05/05/2026,P
119144,102,05/05/2026,P
119292,102,05/05/2026,P
119901,101,05/05/2026,P
120054,101,05/05/2026,P
120160,101,05/05/2026,P
120250,101,05/05/2026,P
120541,102,05/05/2026,P
120593,102,05/05/2026,P
120752,101,05/05/2026,P
120937,102,05/05/2026,P
121367,102,05/05/2026,P
121480,101,05/05/2026,P
122308,101,05/05/2026,P
122742,101,05/05/2026,P
122784,102,05/05/2026,P
123160,102,05/05/2026,P
123372,101,05/05/2026,P
123412,101,05/05/2026,P
123588,101,05/05/2026,P
123825,101,05/05/2026,P
124172,101,05/05/2026,P
124256,101,05/05/2026,A
124641,101,05/05/2026,P
124664,101,05/05/2026,T
125516,102,05/05/2026,P
125585,102,05/05/2026,P
126093,102,05/05/2026,P
126134,101,05/05/2026,P
126342,101,05/05/2026,P
126350,102,05/05/2026,P
126955,101,05/05/2026,P
127003,102,05/05/2026,P
127379,101,05/05/2026,P
127522,102,05/05/2026,P
127565,102,05/05/2026,P
127670,102,05/05/2026,P
127881,102,05/05/2026,P
128141,102,05/05/2026,P
128381,102,05/05/2026,A
128457,101,05/05/2026,P
128734,101,05/05/2026,P
128907,101,05/05/2026,P
129451,102,05/05/2026,P
129468,102,05/05/2026,P
129571,102,05/05/2026,P
129682,101,05/05/2026,P
129936,101,05/05/2026,P
129979,102,05/05/2026,P
129992,101,05/05/2026,P
130030,101,05/05/2026,p
130216,101,05/05/2026,P
130582,101,05/05/2026,P
130762,101,05/05/2026,P
130804,102,05/05/2026,P
130997,102,05/05/2026,P
131196,102,05/05/2026,P
131384,102,05/05/2026,P
131401,101,05/05/2026,P
131595,102,05/05/2026,P
131822,101,05/05/2026,P
132081,102,05/05/2026,P
132131,101,05/05/2026,P
132171,102,05/05/2026,P
132180,102,05/05/2026,P
132242,101,05/05/2026,P
132581,102,05/05/2026,P
132608,101,05/05/2026,P
132664,102,05/05/2026,P
132666,101,05/05/2026,P
132892,101,05/05/2026,P
132932,102,05/05/2026,P
133077,102,05/05/2026,P
133184,101,05/05/2026,A
133272,102,05/05/2026,P
133448,102,05/05/2026,P
133506,101,05/05/2026,P
133542,102,05/05/2026,T
133616,102,05/05/2026,P
133658,101,05/05/2026,P
133762,101,05/05/2026,P
133946,101,05/05/2026,P
134080,101,05/05/2026,P
134268,102,05/05/2026,P
134289,102,05/05/2026,P
134383,101,05/05/2026,P
135262,102,05/05/2026,P
135758,101,05/05/2026,P
135769,101,05/05/2026,P
135812,102,05/05/2026,P
135821,102,05/05/2026,P
135901,101,05/05/2026,P
135923,101,05/05/2026,P
136336,102,05/05/2026,P
136474,101,05/05/2026,P
136533,101,05/05/2026,P
136558,102,05/05/2026,P
136686,102,05/05/2026,P
136962,101,05/05/2026,P
137523,102,05/05/2026,P
137636,101,05/05/2026,P
137717,102,05/05/2026,P
137842,102,05/05/2026,P
138052,102,05/05/2026,P
138211,102,05/05/2026,P
138406,102,05/05/2026,P
138438,102,05/05/2026,P
138530,101,05/05/2026,P
139142,101,05/05/2026,P
139199,101,05/05/2026,P
139332,102,05/05/2026,P
139389,102,05/05/2026,P
139985,102,05/05/2026,P
100014,101,05/06/2026,P
100166,102,05/06/2026,P
100336,101,05/06/2026,P
100607,102,05/06/2026,P
100752,102,05/06/2026,P
100919,102,05/06/2026,P
100926,101,05/06/2026,P
101621,101,05/06/2026,P
101663,101,05/06/2026,P
101676,101,05/06/2026,P
101690,102,05/06/2026,P
102169,102,05/06/2026,P
102203,101,05/06/2026,P
102926,102,05/06/2026,P
103203,101,05/06/2026,P
103366,101,05/06/2026,P
104213,102,05/06/2026,a
104812,101,05/06/2026,P
105001,102,05/06/2026,P
105290,102,05/06/2026,P
105443,101,05/06/2026,P
105533,101,05/06/2026,P
105876,102,05/06/2026,P
105943,101,05/06/2026,P
106040,102,05/06/2026,T
106334,101,05/06/2026,T
106425,102,05/06/2026,P
106447,101,05/06/2026,P
106722,101,05/06/2026,P
106726,102,05/06/2026,P
106955,102,05/06/2026,P
107257,102,05/06/2026,P
107631,101,05/06/2026,P
107806,101,05/06/2026,P
107917,101,05/06/2026,P
107954,101,05/06/2026,P
107996,102,05/06/2026,P
108599,101,05/06/2026,P
108838,102,05/06/2026,P
108870,101,05/06/2026,P
109233,102,05/06/2026,P
109333,101,05/06/2026,P
109591,102,05/06/2026,P
109734,101,05/06/2026,P
109820,101,05/06/2026,P
110142,102,05/06/2026,P
110493,102,05/06/2026,T
111996,102,05/06/2026,P
112752,101,05/06/2026,P
112890,102,05/06/2026,P
113028,101,05/06/2026,P
113096,101,05/06/2026,P
113273,102,05/06/2026,P
113777,102,05/06/2026,T
114609,101,05/06/2026,P
114633,102,05/06/2026,P
114714,101,05/06/2026,P
115724,102,05/06/2026,P
116242,102,05/06/2026,P
116449,101,05/06/2026,P
116483,101,05/06/2026,P
116950,102,05/06/2026,P
116962,101,05/06/2026,P
117046,101,05/06/2026,P
117463,102,05/06/2026,P
117598,102,05/06/2026,P
117631,101,05/06/2026,P
118824,101,05/06/2026,P
118848,101,05/06/2026,P
119009,101,05/06/2026,P
119050,102,05/06/2026,P
119144,102,05/06/2026,P
119292,102,05/06/2026,P
119901,101,05/06/2026,P
120054,101,05/06/2026,P
120160,101,05/06/2026,A
120250,101,05/06/2026,P
120541,102,05/06/2026,P
120593,102,05/06/2026,P
120752,101,05/06/2026,P
120937,102,05/06/2026,P
121367,102,05/06/2026,P
121480,101,05/06/2026,P
122308,101,05/06/2026,E
122742,101,05/06/2026,P
122784,102,05/06/2026,p
123160,102,05/06/2026,P
123372,101,05/06/2026,P
123412,101,05/06/2026,P
123588,101,05/06/2026,P
123825,101,05/06/2026,E
124172,101,05/06/2026,P
124256,101,05/06/2026,A
124641,101,05/06/2026,P
124664,101,05/06/2026,P
125516,102,05/06/2026,T
125585,102,05/06/2026,P
126093,102,05/06/2026,P
126134,101,05/06/2026,P
126342,101,05/06/2026,P
126350,102,05/06/2026,P
126955,101,05/06/2026,P
127003,102,05/06/2026,P
127379,101,05/06/2026,P
127522,102,05/06/2026,P
127565,102,05/06/2026,P
127670,102,05/06/2026,P
127881,102,05/06/2026,T
128141,102,05/06/2026,P
128381,102,05/06/2026,P
128457,101,05/06/2026,P
128734,101,05/06/2026,P
128907,101,05/06/2026,P
129451,102,05/06/2026,E
129468,102,05/06/2026,P
129571,102,05/06/2026,P
129682,101,05/06/2026,P
129936,101,05/06/2026,P
129979,102,05/06/2026,P
129992,101,05/06/2026,A
130030,101,05/06/2026,P
130216,101,05/06/2026,P
130582,101,05/06/2026,P
130762,101,05/06/2026,P
130804,102,05/06/2026,P
130997,102,05/06/2026,P
131196,102,05/06/2026,P
131384,102,05/06/2026,P
131401,101,05/06/2026,P
131595,102,05/06/2026,P
131822,101,05/06/2026,P
132081,102,05/06/2026,P
132131,101,05/06/2026,P
132171,102,05/06/2026,P
132180,102,05/06/2026,P
132242,101,05/06/2026,P
132581,102,05/06/2026,P
132608,101,05/06/2026,P
132664,102,05/06/2026,S
132666,101,05/06/2026,P
132892,101,05/06/2026,P
132932,102,05/06/2026,P
133077,102,05/06/2026,P
133184,101,05/06/2026,P
133272,102,05/06/2026,P
133448,102,05/06/2026,P
133506,101,05/06/2026,T
133542,102,05/06/2026,P
133616,102,05/06/2026,P
133658,101,05/06/2026,P
133762,101,05/06/2026,T
133946,101,05/06/2026,P
134080,101,05/06/2026,P
134268,102,05/06/2026,P
134289,102,05/06/2026,P
134383,101,05/06/2026,P
135262,102,05/06/2026,T
135758,101,05/06/2026,P
135769,101,05/06/2026,P
135812,102,05/06/2026,P
135821,102,05/06/2026,P
135901,101,05/06/2026,P
135923,101,05/06/2026,P
136336,102,05/06/2026,P
136474,101,05/06/2026,P
136533,101,05/06/2026,P
136558,102,05/06/2026,P
136686,102,05/06/2026,T
136962,101,05/06/2026,P
137523,102,05/06/2026,P
137636,101,05/06/2026,P
137717,102,05/06/2026,P
137842,102,05/06/2026,P
138052,102,05/06/2026,P
138211,102,05/06/2026,P
138406,102,05/06/2026,P
138438,102,05/06/2026,P
138530,101,05/06/2026,T
139142,101,05/06/2026,P
139199,101,05/06/2026,P
139332,102,05/06/2026,P
139389,102,05/06/2026,P
139985,102,05/06/2026,P
100014,101,05/07/2026,P
100166,102,05/07/2026,P
100336,101,05/07/2026,P
100607,102,05/07/2026,P
100752,102,05/07/2026,P
100919,102,05/07/2026,A
100926,101,05/07/2026,T
101621,101,05/07/2026,P
101663,101,05/07/2026,P
101676,101,05/07/2026,T
101690,102,05/07/2026,P
102169,102,05/07/2026,P
102203,101,05/07/2026,P
102926,102,05/07/2026,P
103203,101,05/07/2026,P
103366,101,05/07/2026,A
104213,102,05/07/2026,P
104812,101,05/07/2026,P
105001,102,05/07/2026,P
105290,102,05/07/2026,P
105443,101,05/07/2026,P
105533,101,05/07/2026,P
105876,102,05/07/2026,P
105943,101,05/07/2026,P
106040,102,05/07/2026,P
106334,101,05/07/2026,P
106425,102,05/07/2026,E
106447,101,05/07/2026,P
106722,101,05/07/2026,P
106726,102,05/07/2026,P
106955,102,05/07/2026,P
107257,102,05/07/2026,P
107631,101,05/07/2026,P
107806,101,05/07/2026,P
107917,101,05/07/2026,P
107954,101,05/07/2026,P
107996,102,05/07/2026,P
108599,101,05/07/2026,P
108838,102,05/07/2026,P
108870,101,05/07/2026,P
109233,102,05/07/2026,P
109333,101,05/07/2026,P
109591,102,05/07/2026,P
109734,101,05/07/2026,P
109820,101,05/07/2026,P
110142,102,05/07/2026,P
110493,102,05/07/2026,P
111996,102,05/07/2026,P
112752,101,05/07/2026,P
112890,102,05/07/2026,A
113028,101,05/07/2026,P
113096,101,05/07/2026,P
113273,102,05/07/2026,P
113777,102,05/07/2026,P
114609,101,05/07/2026,P
114633,102,05/07/2026,P
114714,101,05/07/2026,P
115724,102,05/07/2026,P
116242,102,05/07/2026,P
116449,101,05/07/2026,P
116483,101,05/07/2026,A
116950,102,05/07/2026,P
116962,101,05/07/2026,P
117046,101,05/07/2026,P
117463,102,05/07/2026,P
117598,102,05/07/2026,P
117631,101,05/07/2026,P
118824,101,05/07/2026,P
118848,101,05/07/2026,P
119009,101,05/07/2026,P
119050,102,05/07/2026,P
119144,102,05/07/2026,P
119292,102,05/07/2026,P
119901,101,05/07/2026,P
120054,101,05/07/2026,P
120160,101,05/07/2026,P
120250,101,05/07/2026,P
120541,102,05/07/2026,P
120593,102,05/07/2026,P
120752,101,05/07/2026,P
120937,102,05/07/2026,P
121367,102,05/07/2026,P
121480,101,05/07/2026,A
122308,101,05/07/2026,P
122742,101,05/07/2026,P
122784,102,05/07/2026,P
123160,102,05/07/2026,T
123372,101,05/07/2026,P
123412,101,05/07/2026,P
123588,101,05/07/2026,P
123825,101,05/07/2026,P
124172,101,05/07/2026,A
124256,101,05/07/2026,S
124641,101,05/07/2026,P
124664,101,05/07/2026,T
125516,102,05/07/2026,P
125585,102,05/07/2026,P
126093,102,05/07/2026,P
126134,101,05/07/2026,P
126342,101,05/07/2026,P
126350,102,05/07/2026,T
126955,101,05/07/2026,T
127003,102,05/07/2026,P
127379,101,05/07/2026,P
127522,102,05/07/2026,P
127565,102,05/07/2026,P
127670,102,05/07/2026,P
127881,102,05/07/2026,P
128141,102,05/07/2026,P
128381,102,05/07/2026,P
128457,101,05/07/2026,P
128734,101,05/07/2026,P
128907,101,05/07/2026,P
129451,102,05/07/2026,P
129468,102,05/07/2026,P
129571,102,05/07/2026,P
129682,101,05/07/2026,P
129936,101,05/07/2026,P
129979,102,05/07/2026,P
129992,101,05/07/2026,P
130030,101,05/07/2026,T
130216,101,05/07/2026,P
130582,101,05/07/2026,P
130762,101,05/07/2026,P
130804,102,05/07/2026,P
130997,102,05/07/2026,P
131196,102,05/07/2026,P
131384,102,05/07/2026,A
131401,101,05/07/2026,P
131595,102,05/07/2026,P
131822,101,05/07/2026,p
132081,102,05/07/2026,P
132131,101,05/07/2026,P
132171,102,05/07/2026,P
132180,102,05/07/2026,P
132242,101,05/07/2026,P
132581,102,05/07/2026,T
132608,101,05/07/2026,P
132664,102,05/07/2026,P
132666,101,05/07/2026,P
132892,101,05/07/2026,P
132932,102,05/07/2026,P
133077,102,05/07/2026,P
133184,101,05/07/2026,P
133272,102,05/07/2026,P
133448,102,05/07/2026,P
133506,101,05/07/2026,P
133542,102,05/07/2026,P
133616,102,05/07/2026,P
133658,101,05/07/2026,P
133762,101,05/07/2026,P
133946,101,05/07/2026,P
134080,101,05/07/2026,P
134268,102,05/07/2026,P
134289,102,05/07/2026,P
134383,101,05/07/2026,P
135262,102,05/07/2026,P
135758,101,05/07/2026,p
135769,101,05/07/2026,P
135812,102,05/07/2026,P
135821,102,05/07/2026,P
135901,101,05/07/2026,P
135923,101,05/07/2026,P
136336,102,05/07/2026,P
136474,101,05/07/2026,A
136533,101,05/07/2026,P
136558,102,05/07/2026,P
136686,102,05/07/2026,T
136962,101,05/07/2026,P
137523,102,05/07/2026,P
137636,101,05/07/2026,P
137717,102,05/07/2026,P
137842,102,05/07/2026,P
138052,102,05/07/2026,P
138211,102,05/07/2026,E
138406,102,05/07/2026,P
138438,102,05/07/2026,P
138530,101,05/07/2026,P
139142,101,05/07/2026,P
139199,101,05/07/2026,P
139332,102,05/07/2026,P
139389,102,05/07/2026,P
139985,102,05/07/2026,P
100014,101,05/08/2026,P
100166,102,05/08/2026,P
100336,101,05/08/2026,P
100607,102,05/08/2026,A
100752,102,05/08/2026,P
100919,102,05/08/2026,P
100926,101,05/08/2026,P
101621,101,05/08/2026,P
101663,101,05/08/2026,P
101676,101,05/08/2026,T
101690,102,05/08/2026,P
102169,102,05/08/2026,P
102203,101,05/08/2026,A
102926,102,05/08/2026,P
103203,101,05/08/2026,P
103366,101,05/08/2026,P
104213,102,05/08/2026,P
104812,101,05/08/2026,P
105001,102,05/08/2026,P
105290,102,05/08/2026,P
105443,101,05/08/2026,P
105533,101,05/08/2026,P
105876,102,05/08/2026,P
105943,101,05/08/2026,P
106040,102,05/08/2026,P
106334,101,05/08/2026,P
106425,102,05/08/2026,P
106447,101,05/08/2026,P
106722,101,05/08/2026,P
106726,102,05/08/2026,P
106955,102,05/08/2026,P
107257,102,05/08/2026,P
107631,101,05/08/2026,P
107806,101,05/08/2026,P
107917,101,05/08/2026,A
107954,101,05/08/2026,P
107996,102,05/08/2026,P
108599,101,05/08/2026,P
108838,102,05/08/2026,P
108870,101,05/08/2026,P
109233,102,05/08/2026,P
109333,101,05/08/2026,P
109591,102,05/08/2026,P
109734,101,05/08/2026,T
109820,101,05/08/2026,P
110142,102,05/08/2026,P
110493,102,05/08/2026,P
111996,102,05/08/2026,P
112752,101,05/08/2026,P
112890,102,05/08/2026,P
113028,101,05/08/2026,P
113096,101,05/08/2026,P
113273,102,05/08/2026,T
113777,102,05/08/2026,P
114609,101,05/08/2026,P
114633,102,05/08/2026,P
114714,101,05/08/2026,P
115724,102,05/08/2026,P
116242,102,05/08/2026,P
116449,101,05/08/2026,P
116483,101,05/08/2026,P
116950,102,05/08/2026,P
116962,101,05/08/2026,p
117046,101,05/08/2026,P
117463,102,05/08/2026,P
117598,102,05/08/2026,P
117631,101,05/08/2026,P
118824,101,05/08/2026,P
118848,101,05/08/2026,P
119009,101,05/08/2026,P
119050,102,05/08/2026,P
119144,102,05/08/2026,P
119292,102,05/08/2026,P
119901,101,05/08/2026,P
120054,101,05/08/2026,P
120160,101,05/08/2026,P
120250,101,05/08/2026,P
120541,102,05/08/2026,P
120593,102,05/08/2026,P
120752,101,05/08/2026,P
120937,102,05/08/2026,P
121367,102,05/08/2026,P
121480,101,05/08/2026,P
122308,101,05/08/2026,P
122742,101,05/08/2026,P
122784,102,05/08/2026,P
123160,102,05/08/2026,P
123372,101,05/08/2026,P
123412,101,05/08/2026,P
123588,101,05/08/2026,P
123825,101,05/08/2026,P
124172,101,05/08/2026,P
124256,101,05/08/2026,P
124641,101,05/08/2026,P
124664,101,05/08/2026,P
125516,102,05/08/2026,P
125585,102,05/08/2026,P
126093,102,05/08/2026,P
126134,101,05/08/2026,P
126342,101,05/08/2026,P
126350,102,05/08/2026,P
126955,101,05/08/2026,E
127003,102,05/08/2026,P
127379,101,05/08/2026,P
127522,102,05/08/2026,P
127565,102,05/08/2026,P
127670,102,05/08/2026,P
127881,102,05/08/2026,P
128141,102,05/08/2026,P
128381,102,05/08/2026,P
128457,101,05/08/2026,P
128734,101,05/08/2026,P
128907,101,05/08/2026,P
129451,102,05/08/2026,P
129468,102,05/08/2026,P
129571,102,05/08/2026,P
129682,101,05/08/2026,T
129936,101,05/08/2026,P
129979,102,05/08/2026,P
129992,101,05/08/2026,P
130030,101,05/08/2026,P
130216,101,05/08/2026,E
130582,101,05/08/2026,P
130762,101,05/08/2026,P
130804,102,05/08/2026,P
130997,102,05/08/2026,P
131196,102,05/08/2026,P
131384,102,05/08/2026,E
131401,101,05/08/2026,P
131595,102,05/08/2026,P
131822,101,05/08/2026,P
132081,102,05/08/2026,P
132131,101,05/08/2026,A
132171,102,05/08/2026,P
132180,102,05/08/2026,P
132242,101,05/08/2026,P
132581,102,05/08/2026,P
132608,101,05/08/2026,P
132664,102,05/08/2026,P
132666,101,05/08/2026,P
132892,101,05/08/2026,P
132932,102,05/08/2026,P
133077,102,05/08/2026,P
133184,101,05/08/2026,P
133272,102,05/08/2026,P
133448,102,05/08/2026,P
133506,101,05/08/2026,P
133542,102,05/08/2026,P
133616,102,05/08/2026,P
133658,101,05/08/2026,P
133762,101,05/08/2026,P
133946,101,05/08/2026,P
134080,101,05/08/2026,T
134268,102,05/08/2026,P
134289,102,05/08/2026,P
134383,101,05/08/2026,A
135262,102,05/08/2026,P
135758,101,05/08/2026,P
135769,101,05/08/2026,P
135812,102,05/08/2026,P
135821,102,05/08/2026,P
135901,101,05/08/2026,P
135923,101,05/08/2026,A
136336,102,05/08/2026,P
136474,101,05/08/2026,P
136533,101,05/08/2026,T
136558,102,05/08/2026,P
136686,102,05/08/2026,P
136962,101,05/08/2026,P
137523,102,05/08/2026,P
137636,101,05/08/2026,P
137717,102,05/08/2026,P
137842,102,05/08/2026,P
138052,102,05/08/2026,T
138211,102,05/08/2026,P
138406,102,05/08/2026,P
138438,102,05/08/2026,P
138530,101,05/08/2026,P
139142,101,05/08/2026,P
139199,101,05/08/2026,P
139332,102,05/08/2026,P
139389,102,05/08/2026,P
139985,102,05/08/2026,P
100014,101,05/11/2026,P
100166,102,05/11/2026,P
100336,101,05/11/2026,P
100607,102,05/11/2026,P
100752,102,05/11/2026,P
100919,102,05/11/2026,A
100926,101,05/11/2026,P
101621,101,05/11/2026,P
101663,101,05/11/2026,E
101676,101,05/11/2026,E
101690,102,05/11/2026,P
102169,102,05/11/2026,P
102203,101,05/11/2026,P
102926,102,05/11/2026,P
103203,101,05/11/2026,P
103366,101,05/11/2026,P
104213,102,05/11/2026,T
104812,101,05/11/2026,P
105001,102,05/11/2026,T
105290,102,05/11/2026,P
105443,101,05/11/2026,P
105533,101,05/11/2026,P
105876,102,05/11/2026,P
105943,101,05/11/2026,P
106040,102,05/11/2026,P
106334,101,05/11/2026,P
106425,102,05/11/2026,P
106447,101,05/11/2026,P
106722,101,05/11/2026,P
106726,102,05/11/2026,P
106955,102,05/11/2026,P
107257,102,05/11/2026,P
107631,101,05/11/2026,P
107806,101,05/11/2026,E
107917,101,05/11/2026,E
107954,101,05/11/2026,T
107996,102,05/11/2026,P
108599,101,05/11/2026,P
108838,102,05/11/2026,P
108870,101,05/11/2026,P
109233,102,05/11/2026,P
109333,101,05/11/2026,P
109591,102,05/11/2026,P
109734,101,05/11/2026,A
109820,101,05/11/2026,P
110142,102,05/11/2026,P
110493,102,05/11/2026,P
111996,102,05/11/2026,P
112752,101,05/11/2026,P
112890,102,05/11/2026,P
113028,101,05/11/2026,P
113096,101,05/11/2026,P
113273,102,05/11/2026,P
113777,102,05/11/2026,P
114609,101,05/11/2026,P
114633,102,05/11/2026,P
114714,101,05/11/2026,P
115724,102,05/11/2026,T
116242,102,05/11/2026,P
116449,101,05/11/2026,P
116483,101,05/11/2026,P
116950,102,05/11/2026,A
116962,101,05/11/2026,P
117046,101,05/11/2026,P
117463,102,05/11/2026,P
117598,102,05/11/2026,P
117631,101,05/11/2026,P
118824,101,05/11/2026,P
118848,101,05/11/2026,P
119009,101,05/11/2026,P
119050,102,05/11/2026,P
119144,102,05/11/2026,P
119292,102,05/11/2026,P
119901,101,05/11/2026,P
120054,101,05/11/2026,P
120160,101,05/11/2026,P
120250,101,05/11/2026,P
120541,102,05/11/2026,p
120593,102,05/11/2026,P
120752,101,05/11/2026,P
120937,102,05/11/2026,P
121367,102,05/11/2026,P
121480,101,05/11/2026,P
122308,101,05/11/2026,p
122742,101,05/11/2026,P
122784,102,05/11/2026,P
123160,102,05/11/2026,P
123372,101,05/11/2026,P
123412,101,05/11/2026,P
123588,101,05/11/2026,P
123825,101,05/11/2026,P
124172,101,05/11/2026,A
124256,101,05/11/2026,P
124641,101,05/11/2026,P
124664,101,05/11/2026,P
125516,102,05/11/2026,P
125585,102,05/11/2026,P
126093,102,05/11/2026,P
126134,101,05/11/2026,P
126342,101,05/11/2026,P
126350,102,05/11/2026,P
126955,101,05/11/2026,P
127003,102,05/11/2026,P
127379,101,05/11/2026,P
127522,102,05/11/2026,P
127565,102,05/11/2026,P
127670,102,05/11/2026,P
127881,102,05/11/2026,P
128141,102,05/11/2026,P
128381,102,05/11/2026,P
128457,101,05/11/2026,P
128734,101,05/11/2026,P
128907,101,05/11/2026,P
129451,102,05/11/2026,P
129468,102,05/11/2026,P
129571,102,05/11/2026,P
129682,101,05/11/2026,P
129936,101,05/11/2026,P
129979,102,05/11/2026,P
129992,101,05/11/2026,P
130030,101,05/11/2026,P
130216,101,05/11/2026,P
130582,101,05/11/2026,P
130762,101,05/11/2026,P
130804,102,05/11/2026,P
130997,102,05/11/2026,P
131196,102,05/11/2026,P
131384,102,05/11/2026,P
131401,101,05/11/2026,P
131595,102,05/11/2026,P
131822,101,05/11/2026,P
132081,102,05/11/2026,P
132131,101,05/11/2026,P
132171,102,05/11/2026,P
132180,102,05/11/2026,P
132242,101,05/11/2026,P
132581,102,05/11/2026,P
132608,101,05/11/2026,P
132664,102,05/11/2026,P
132666,101,05/11/2026,P
132892,101,05/11/2026,T
132932,102,05/11/2026,P
133077,102,05/11/2026,P
133184,101,05/11/2026,P
133272,102,05/11/2026,P
133448,102,05/11/2026,P
133506,101,05/11/2026,P
133542,102,05/11/2026,P
133616,102,05/11/2026,T
133658,101,05/11/2026,P
133762,101,05/11/2026,E
133946,101,05/11/2026,P
134080,101,05/11/2026,P
134268,102,05/11/2026,P
134289,102,05/11/2026,P
134383,101,05/11/2026,P
135262,102,05/11/2026,P
135758,101,05/11/2026,P
135769,101,05/11/2026,P
135812,102,05/11/2026,P
135821,102,05/11/2026,P
135901,101,05/11/2026,P
135923,101,05/11/2026,P
136336,102,05/11/2026,P
136474,101,05/11/2026,P
136533,101,05/11/2026,P
136558,102,05/11/2026,P
136686,102,05/11/2026,P
136962,101,05/11/2026,P
137523,102,05/11/2026,P
137636,101,05/11/2026,P
137717,102,05/11/2026,P
137842,102,05/11/2026,P
138052,102,05/11/2026,P
138211,102,05/11/2026,P
138406,102,05/11/2026,P
138438,102,05/11/2026,P
138530,101,05/11/2026,P
139142,101,05/11/2026,P
139199,101,05/11/2026,P
139332,102,05/11/2026,P
139389,102,05/11/2026,P
139985,102,05/11/2026,P
100014,101,05/12/2026,A
100166,102,05/12/2026,P
100336,101,05/12/2026,P
100607,102,05/12/2026,P
100752,102,05/12/2026,T
100919,102,05/12/2026,E
100926,101,05/12/2026,P
101621,101,05/12/2026,P
101663,101,05/12/2026,P
101676,101,05/12/2026,P
101690,102,05/12/2026,P
102169,102,05/12/2026,P
102203,101,05/12/2026,P
102926,102,05/12/2026,P
103203,101,05/12/2026,P
103366,101,05/12/2026,A
104213,102,05/12/2026,P
104812,101,05/12/2026,P
105001,102,05/12/2026,P
105290,102,05/12/2026,P
105443,101,05/12/2026,P
105533,101,05/12/2026,P
105876,102,05/12/2026,P
105943,101,05/12/2026,T
106040,102,05/12/2026,P
106334,101,05/12/2026,P
106425,102,05/12/2026,P
106447,101,05/12/2026,P
106722,101,05/12/2026,P
106726,102,05/12/2026,P
106955,102,05/12/2026,P
107257,102,05/12/2026,P
107631,101,05/12/2026,P
107806,101,05/12/2026,P
107917,101,05/12/2026,P
107954,101,05/12/2026,P
107996,102,05/12/2026,P
108599,101,05/12/2026,P
108838,102,05/12/2026,P
108870,101,05/12/2026,A
109233,102,05/12/2026,P
109333,101,05/12/2026,A
109591,102,05/12/2026,P
109734,101,05/12/2026,P
109820,101,05/12/2026,E
110142,102,05/12/2026,P
110493,102,05/12/2026,T
111996,102,05/12/2026,P
112752,101,05/12/2026,P
112890,102,05/12/2026,P
113028,101,05/12/2026,A
113096,101,05/12/2026,T
113273,102,05/12/2026,P
113777,102,05/12/2026,P
114609,101,05/12/2026,P
114633,102,05/12/2026,P
114714,101,05/12/2026,P
115724,102,05/12/2026,P
116242,102,05/12/2026,P
116449,101,05/12/2026,P
116483,101,05/12/2026,P
116950,102,05/12/2026,P
116962,101,05/12/2026,P
117046,101,05/12/2026,P
117463,102,05/12/2026,P
117598,102,05/12/2026,P
117631,101,05/12/2026,P
118824,101,05/12/2026,P
118848,101,05/12/2026,P
119009,101,05/12/2026,P
119050,102,05/12/2026,P
119144,102,05/12/2026,P
119292,102,05/12/2026,P
119901,101,05/12/2026,P
120054,101,05/12/2026,P
120160,101,05/12/2026,P
120250,101,05/12/2026,A
120541,102,05/12/2026,P
120593,102,05/12/2026,P
120752,101,05/12/2026,P
120937,102,05/12/2026,P
121367,102,05/12/2026,P
121480,101,05/12/2026,P
122308,101,05/12/2026,T
122742,101,05/12/2026,T
122784,102,05/12/2026,P
123160,102,05/12/2026,P
123372,101,05/12/2026,P
123412,101,05/12/2026,P
123588,101,05/12/2026,P
123825,101,05/12/2026,P
124172,101,05/12/2026,P
124256,101,05/12/2026,P
124641,101,05/12/2026,P
124664,101,05/12/2026,P
125516,102,05/12/2026,P
125585,102,05/12/2026,P
126093,102,05/12/2026,P
126134,101,05/12/2026,A
126342,101,05/12/2026,P
126350,102,05/12/2026,P
126955,101,05/12/2026,P
127003,102,05/12/2026,P
127379,101,05/12/2026,P
127522,102,05/12/2026,P
127565,102,05/12/2026,P
127670,102,05/12/2026,T
127881,102,05/12/2026,P
128141,102,05/12/2026,P
128381,102,05/12/2026,P
128457,101,05/12/2026,P
128734,101,05/12/2026,P
128907,101,05/12/2026,P
129451,102,05/12/2026,P
129468,102,05/12/2026,P
129571,102,05/12/2026,P
129682,101,05/12/2026,P
129936,101,05/12/2026,T
129979,102,05/12/2026,P
129992,101,05/12/2026,P
130030,101,05/12/2026,P
130216,101,05/12/2026,P
130582,101,05/12/2026,P
130762,101,05/12/2026,P
130804,102,05/12/2026,P
130997,102,05/12/2026,P
131196,102,05/12/2026,P
131384,102,05/12/2026,P
131401,101,05/12/2026,P
131595,102,05/12/2026,P
131822,101,05/12/2026,P
132081,102,05/12/2026,P
132131,101,05/12/2026,P
132171,102,05/12/2026,P
132180,102,05/12/2026,P
132242,101,05/12/2026,P
132581,102,05/12/2026,P
132608,101,05/12/2026,P
132664,102,05/12/2026,P
132666,101,05/12/2026,P
132892,101,05/12/2026,P
132932,102,05/12/2026,A
133077,102,05/12/2026,P
133184,101,05/12/2026,P
133272,102,05/12/2026,T
133448,102,05/12/2026,P
133506,101,05/12/2026,P
133542,102,05/12/2026,T
133616,102,05/12/2026,P
133658,101,05/12/2026,P
133762,101,05/12/2026,P
133946,101,05/12/2026,P
134080,101,05/12/2026,P
134268,102,05/12/2026,P
134289,102,05/12/2026,P
134383,101,05/12/2026,P
135262,102,05/12/2026,T
135758,101,05/12/2026,P
135769,101,05/12/2026,P
135812,102,05/12/2026,P
135821,102,05/12/2026,P
135901,101,05/12/2026,P
135923,101,05/12/2026,P
136336,102,05/12/2026,P
136474,101,05/12/2026,P
136533,101,05/12/2026,P
136558,102,05/12/2026,P
136686,102,05/12/2026,P
136962,101,05/12/2026,P
137523,102,05/12/2026,P
137636,101,05/12/2026,P
137717,102,05/12/2026,P
137842,102,05/12/2026,P
138052,102,05/12/2026,P
138211,102,05/12/2026,E
138406,102,05/12/2026,P
138438,102,05/12/2026,P
138530,101,05/12/2026,T
139142,101,05/12/2026,E
139199,101,05/12/2026,P
139332,102,05/12/2026,P
139389,102,05/12/2026,P
139985,102,05/12/2026,P
100014,101,05/13/2026,P
100166,102,05/13/2026,P
100336,101,05/13/2026,P
100607,102,05/13/2026,P
100752,102,05/13/2026,P
100919,102,05/13/2026,P
100926,101,05/13/2026,P
101621,101,05/13/2026,P
101663,101,05/13/2026,A
101676,101,05/13/2026,P
101690,102,05/13/2026,P
102169,102,05/13/2026,P
102203,101,05/13/2026,P
102926,102,05/13/2026,P
103203,101,05/13/2026,A
103366,101,05/13/2026,E
104213,102,05/13/2026,E
104812,101,05/13/2026,P
105001,102,05/13/2026,P
105290,102,05/13/2026,P
105443,101,05/13/2026,P
105533,101,05/13/2026,P
105876,102,05/13/2026,P
105943,101,05/13/2026,P
106040,102,05/13/2026,P
106334,101,05/13/2026,P
106425,102,05/13/2026,P
106447,101,05/13/2026,P
106722,101,05/13/2026,P
106726,102,05/13/2026,P
106955,102,05/13/2026,P
107257,102,05/13/2026,P
107631,101,05/13/2026,P
107806,101,05/13/2026,P
107917,101,05/13/2026,P
107954,101,05/13/2026,P
107996,102,05/13/2026,P
108599,101,05/13/2026,P
108838,102,05/13/2026,P
108870,101,05/13/2026,P
109233,102,05/13/2026,P
109333,101,05/13/2026,P
109591,102,05/13/2026,P
109734,101,05/13/2026,A
109820,101,05/13/2026,P
110142,102,05/13/2026,P
110493,102,05/13/2026,P
111996,102,05/13/2026,P
112752,101,05/13/2026,P
112890,102,05/13/2026,P
113028,101,05/13/2026,P
113096,101,05/13/2026,P
113273,102,05/13/2026,P
113777,102,05/13/2026,P
114609,101,05/13/2026,P
114633,102,05/13/2026,P
114714,101,05/13/2026,P
115724,102,05/13/2026,P
116242,102,05/13/2026,P
116449,101,05/13/2026,P
116483,101,05/13/2026,P
116950,102,05/13/2026,P
116962,101,05/13/2026,P
117046,101,05/13/2026,T
117463,102,05/13/2026,P
117598,102,05/13/2026,P
117631,101,05/13/2026,P
118824,101,05/13/2026,P
118848,101,05/13/2026,P
119009,101,05/13/2026,S
119050,102,05/13/2026,P
119144,102,05/13/2026,P
119292,102,05/13/2026,P
119901,101,05/13/2026,P
120054,101,05/13/2026,P
120160,101,05/13/2026,P
120250,101,05/13/2026,P
120541,102,05/13/2026,P
120593,102,05/13/2026,P
120752,101,05/13/2026,P
120937,102,05/13/2026,P
121367,102,05/13/2026,P
121480,101,05/13/2026,P
122308,101,05/13/2026,S
122742,101,05/13/2026,P
122784,102,05/13/2026,P
123160,102,05/13/2026,P
123372,101,05/13/2026,P
123412,101,05/13/2026,S
123588,101,05/13/2026,P
123825,101,05/13/2026,P
124172,101,05/13/2026,P
124256,101,05/13/2026,P
124641,101,05/13/2026,P
124664,101,05/13/2026,P
125516,102,05/13/2026,P
125585,102,05/13/2026,P
126093,102,05/13/2026,P
126134,101,05/13/2026,P
126342,101,05/13/2026,A
126350,102,05/13/2026,P
126955,101,05/13/2026,P
127003,102,05/13/2026,P
127379,101,05/13/2026,P
127522,102,05/13/2026,P
127565,102,05/13/2026,P
127670,102,05/13/2026,P
127881,102,05/13/2026,P
128141,102,05/13/2026,P
128381,102,05/13/2026,P
128457,101,05/13/2026,P
128734,101,05/13/2026,T
128907,101,05/13/2026,P
129451,102,05/13/2026,P
129468,102,05/13/2026,A
129571,102,05/13/2026,P
129682,101,05/13/2026,P
129936,101,05/13/2026,P
129979,102,05/13/2026,P
129992,101,05/13/2026,P
130030,101,05/13/2026,P
130216,101,05/13/2026,P
130582,101,05/13/2026,P
130762,101,05/13/2026,P
130804,102,05/13/2026,P
130997,102,05/13/2026,P
131196,102,05/13/2026,P
131384,102,05/13/2026,E
131401,101,05/13/2026,P
131595,102,05/13/2026,P
131822,101,05/13/2026,T
132081,102,05/13/2026,P
132131,101,05/13/2026,P
132171,102,05/13/2026,P
132180,102,05/13/2026,P
132242,101,05/13/2026,P
132581,102,05/13/2026,P
132608,101,05/13/2026,P
132664,102,05/13/2026,P
132666,101,05/13/2026,P
132892,101,05/13/2026,P
132932,102,05/13/2026,P
133077,102,05/13/2026,P
133184,101,05/13/2026,P
133272,102,05/13/2026,P
133448,102,05/13/2026,P
133506,101,05/13/2026,P
133542,102,05/13/2026,P
133616,102,05/13/2026,P
133658,101,05/13/2026,P
133762,101,05/13/2026,p
133946,101,05/13/2026,P
134080,101,05/13/2026,P
134268,102,05/13/2026,P
134289,102,05/13/2026,E
134383,101,05/13/2026,P
135262,102,05/13/2026,P
135758,101,05/13/2026,P
135769,101,05/13/2026,T
135812,102,05/13/2026,P
135821,102,05/13/2026,P
135901,101,05/13/2026,P
135923,101,05/13/2026,P
136336,102,05/13/2026,P
136474,101,05/13/2026,P
136533,101,05/13/2026,T
136558,102,05/13/2026,P
136686,102,05/13/2026,P
136962,101,05/13/2026,P
137523,102,05/13/2026,P
137636,101,05/13/2026,P
137717,102,05/13/2026,P
137842,102,05/13/2026,P
138052,102,05/13/2026,P
138211,102,05/13/2026,P
138406,102,05/13/2026,P
138438,102,05/13/2026,P
138530,101,05/13/2026,E
139142,101,05/13/2026,P
139199,101,05/13/2026,P
139332,102,05/13/2026,P
139389,102,05/13/2026,P
139985,102,05/13/2026,P
100014,101,05/14/2026,P
100166,102,05/14/2026,P
100336,101,05/14/2026,P
100607,102,05/14/2026,P
100752,102,05/14/2026,P
100919,102,05/14/2026,E
100926,101,05/14/2026,P
101621,101,05/14/2026,P
101663,101,05/14/2026,P
101676,101,05/14/2026,P
101690,102,05/14/2026,P
102169,102,05/14/2026,P
102203,101,05/14/2026,P
102926,102,05/14/2026,p
103203,101,05/14/2026,P
103366,101,05/14/2026,E
104213,102,05/14/2026,P
104812,101,05/14/2026,P
105001,102,05/14/2026,P
105290,102,05/14/2026,P
105443,101,05/14/2026,P
105533,101,05/14/2026,P
105876,102,05/14/2026,P
105943,101,05/14/2026,P
106040,102,05/14/2026,P
106334,101,05/14/2026,P
106425,102,05/14/2026,P
106447,101,05/14/2026,P
106722,101,05/14/2026,P
106726,102,05/14/2026,P
106955,102,05/14/2026,P
107257,102,05/14/2026,P
107631,101,05/14/2026,P
107806,101,05/14/2026,P
107917,101,05/14/2026,P
107954,101,05/14/2026,P
107996,102,05/14/2026,P
108599,101,05/14/2026,P
108838,102,05/14/2026,P
108870,101,05/14/2026,P
109233,102,05/14/2026,P
109333,101,05/14/2026,T
109591,102,05/14/2026,P
109734,101,05/14/2026,P
109820,101,05/14/2026,P
110142,102,05/14/2026,P
110493,102,05/14/2026,P
111996,102,05/14/2026,P
112752,101,05/14/2026,P
112890,102,05/14/2026,P
113028,101,05/14/2026,P
113096,101,05/14/2026,P
113273,102,05/14/2026,P
113777,102,05/14/2026,P
114609,101,05/14/2026,p
114633,102,05/14/2026,P
114714,101,05/14/2026,P
115724,102,05/14/2026,P
116242,102,05/14/2026,P
116449,101,05/14/2026,P
116483,101,05/14/2026,P
116950,102,05/14/2026,P
116962,101,05/14/2026,P
117046,101,05/14/2026,P
117463,102,05/14/2026,P
117598,102,05/14/2026,P
117631,101,05/14/2026,P
118824,101,05/14/2026,A
118848,101,05/14/2026,P
119009,101,05/14/2026,P
119050,102,05/14/2026,P
119144,102,05/14/2026,P
119292,102,05/14/2026,P
119901,101,05/14/2026,P
120054,101,05/14/2026,P
120160,101,05/14/2026,P
120250,101,05/14/2026,P
120541,102,05/14/2026,P
120593,102,05/14/2026,P
120752,101,05/14/2026,P
120937,102,05/14/2026,P
121367,102,05/14/2026,P
121480,101,05/14/2026,P
122308,101,05/14/2026,P
122742,101,05/14/2026,P
122784,102,05/14/2026,E
123160,102,05/14/2026,P
123372,101,05/14/2026,P
123412,101,05/14/2026,P
123588,101,05/14/2026,P
123825,101,05/14/2026,P
124172,101,05/14/2026,P
124256,101,05/14/2026,P
124641,101,05/14/2026,P
124664,101,05/14/2026,P
125516,102,05/14/2026,P
125585,102,05/14/2026,P
126093,102,05/14/2026,P
126134,101,05/14/2026,P
126342,101,05/14/2026,P
126350,102,05/14/2026,P
126955,101,05/14/2026,P
127003,102,05/14/2026,P
127379,101,05/14/2026,P
127522,102,05/14/2026,P
127565,102,05/14/2026,P
127670,102,05/14/2026,P
127881,102,05/14/2026,p
128141,102,05/14/2026,P
128381,102,05/14/2026,P
128457,101,05/14/2026,P
128734,101,05/14/2026,P
128907,101,05/14/2026,P
129451,102,05/14/2026,P
129468,102,05/14/2026,P
129571,102,05/14/2026,P
129682,101,05/14/2026,P
129936,101,05/14/2026,P
129979,102,05/14/2026,P
129992,101,05/14/2026,P
130030,101,05/14/2026,P
130216,101,05/14/2026,T
130582,101,05/14/2026,P
130762,101,05/14/2026,P
130804,102,05/14/2026,P
130997,102,05/14/2026,P
131196,102,05/14/2026,P
131384,102,05/14/2026,P
131401,101,05/14/2026,P
131595,102,05/14/2026,P
131822,101,05/14/2026,P
132081,102,05/14/2026,P
132131,101,05/14/2026,E
132171,102,05/14/2026,T
132180,102,05/14/2026,P
132242,101,05/14/2026,P
132581,102,05/14/2026,P
132608,101,05/14/2026,P
132664,102,05/14/2026,P
132666,101,05/14/2026,P
132892,101,05/14/2026,P
132932,102,05/14/2026,P
133077,102,05/14/2026,P
133184,101,05/14/2026,P
133272,102,05/14/2026,E
133448,102,05/14/2026,P
133506,101,05/14/2026,P
133542,102,05/14/2026,P
133616,102,05/14/2026,P
133658,101,05/14/2026,P
133762,101,05/14/2026,E
133946,101,05/14/2026,P
134080,101,05/14/2026,P
134268,102,05/14/2026,P
134289,102,05/14/2026,P
134383,101,05/14/2026,P
135262,102,05/14/2026,P
135758,101,05/14/2026,P
135769,101,05/14/2026,P
135812,102,05/14/2026,P
135821,102,05/14/2026,P
135901,101,05/14/2026,P
135923,101,05/14/2026,P
136336,102,05/14/2026,P
136474,101,05/14/2026,P
136533,101,05/14/2026,P
136558,102,05/14/2026,A
136686,102,05/14/2026,P
136962,101,05/14/2026,P
137523,102,05/14/2026,P
137636,101,05/14/2026,P
137717,102,05/14/2026,P
137842,102,05/14/2026,P
138052,102,05/14/2026,P
138211,102,05/14/2026,P
138406,102,05/14/2026,E
138438,102,05/14/2026,P
138530,101,05/14/2026,P
139142,101,05/14/2026,P
139199,101,05/14/2026,P
139332,102,05/14/2026,P
139389,102,05/14/2026,P
139985,102,05/14/2026,P
100014,101,05/15/2026,T
100166,102,05/15/2026,P
100336,101,05/15/2026,P
100607,102,05/15/2026,P
100752,102,05/15/2026,P
100919,102,05/15/2026,P
100926,101,05/15/2026,P
101621,101,05/15/2026,P
101663,101,05/15/2026,P
101676,101,05/15/2026,P
101690,102,05/15/2026,T
102169,102,05/15/2026,A
102203,101,05/15/2026,P
102926,102,05/15/2026,P
103203,101,05/15/2026,P
103366,101,05/15/2026,E
104213,102,05/15/2026,P
104812,101,05/15/2026,A
105001,102,05/15/2026,P
105290,102,05/15/2026,P
105443,101,05/15/2026,P
105533,101,05/15/2026,P
105876,102,05/15/2026,P
105943,101,05/15/2026,P
106040,102,05/15/2026,P
106334,101,05/15/2026,P
106425,102,05/15/2026,P
106447,101,05/15/2026,P
106722,101,05/15/2026,P
106726,102,05/15/2026,P
106955,102,05/15/2026,P
107257,102,05/15/2026,P
107631,101,05/15/2026,P
107806,101,05/15/2026,P
107917,101,05/15/2026,P
107954,101,05/15/2026,A
107996,102,05/15/2026,P
108599,101,05/15/2026,P
108838,102,05/15/2026,P
108870,101,05/15/2026,E
109233,102,05/15/2026,P
109333,101,05/15/2026,P
109591,102,05/15/2026,A
109734,101,05/15/2026,P
109820,101,05/15/2026,P
110142,102,05/15/2026,P
110493,102,05/15/2026,P
111996,102,05/15/2026,P
112752,101,05/15/2026,P
112890,102,05/15/2026,P
113028,101,05/15/2026,P
113096,101,05/15/2026,P
113273,102,05/15/2026,P
113777,102,05/15/2026,P
114609,101,05/15/2026,P
114633,102,05/15/2026,p
114714,101,05/15/2026,P
115724,102,05/15/2026,P
116242,102,05/15/2026,P
116449,101,05/15/2026,P
116483,101,05/15/2026,P
116950,102,05/15/2026,P
116962,101,05/15/2026,P
117046,101,05/15/2026,P
117463,102,05/15/2026,P
117598,102,05/15/2026,P
117631,101,05/15/2026,P
118824,101,05/15/2026,P
118848,101,05/15/2026,P
119009,101,05/15/2026,P
119050,102,05/15/2026,P
119144,102,05/15/2026,P
119292,102,05/15/2026,P
119901,101,05/15/2026,P
120054,101,05/15/2026,P
120160,101,05/15/2026,P
120250,101,05/15/2026,P
120541,102,05/15/2026,P
120593,102,05/15/2026,P
120752,101,05/15/2026,P
120937,102,05/15/2026,P
121367,102,05/15/2026,E
121480,101,05/15/2026,P
122308,101,05/15/2026,P
122742,101,05/15/2026,A
122784,102,05/15/2026,P
123160,102,05/15/2026,T
123372,101,05/15/2026,P
123412,101,05/15/2026,P
123588,101,05/15/2026,P
123825,101,05/15/2026,P
124172,101,05/15/2026,T
124256,101,05/15/2026,P
124641,101,05/15/2026,P
124664,101,05/15/2026,P
125516,102,05/15/2026,P
125585,102,05/15/2026,P
126093,102,05/15/2026,P
126134,101,05/15/2026,P
126342,101,05/15/2026,P
126350,102,05/15/2026,P
126955,101,05/15/2026,A
127003,102,05/15/2026,P
127379,101,05/15/2026,p
127522,102,05/15/2026,p
127565,102,05/15/2026,P
127670,102,05/15/2026,P
127881,102,05/15/2026,P
128141,102,05/15/2026,A
128381,102,05/15/2026,P
128457,101,05/15/2026,P
128734,101,05/15/2026,P
128907,101,05/15/2026,P
129451,102,05/15/2026,P
129468,102,05/15/2026,P
129571,102,05/15/2026,P
129682,101,05/15/2026,P
129936,101,05/15/2026,p
129979,102,05/15/2026,P
129992,101,05/15/2026,P
130030,101,05/15/2026,P
130216,101,05/15/2026,P
130582,101,05/15/2026,P
130762,101,05/15/2026,T
130804,102,05/15/2026,P
130997,102,05/15/2026,P
131196,102,05/15/2026,P
131384,102,05/15/2026,P
131401,101,05/15/2026,P
131595,102,05/15/2026,P
131822,101,05/15/2026,P
132081,102,05/15/2026,P
132131,101,05/15/2026,P
132171,102,05/15/2026,P
132180,102,05/15/2026,P
132242,101,05/15/2026,P
132581,102,05/15/2026,P
132608,101,05/15/2026,P
132664,102,05/15/2026,P
132666,101,05/15/2026,P
132892,101,05/15/2026,P
132932,102,05/15/2026,P
133077,102,05/15/2026,P
133184,101,05/15/2026,P
133272,102,05/15/2026,P
133448,102,05/15/2026,P
133506,101,05/15/2026,P
133542,102,05/15/2026,P
133616,102,05/15/2026,P
133658,101,05/15/2026,P
133762,101,05/15/2026,P
133946,101,05/15/2026,P
134080,101,05/15/2026,P
134268,102,05/15/2026,P
134289,102,05/15/2026,P
134383,101,05/15/2026,P
135262,102,05/15/2026,P
135758,101,05/15/2026,P
135769,101,05/15/2026,P
135812,102,05/15/2026,P
135821,102,05/15/2026,P
135901,101,05/15/2026,E
135923,101,05/15/2026,P
136336,102,05/15/2026,p
136474,101,05/15/2026,P
136533,101,05/15/2026,P
136558,102,05/15/2026,P
136686,102,05/15/2026,P
136962,101,05/15/2026,P
137523,102,05/15/2026,P
137636,101,05/15/2026,P
137717,102,05/15/2026,P
137842,102,05/15/2026,P
138052,102,05/15/2026,P
138211,102,05/15/2026,P
138406,102,05/15/2026,P
138438,102,05/15/2026,P
138530,101,05/15/2026,A
139142,101,05/15/2026,P
139199,101,05/15/2026,P
139332,102,05/15/2026,P
139389,102,05/15/2026,A
139985,102,05/15/2026,P
100014,101,05/18/2026,E
100166,102,05/18/2026,P
100336,101,05/18/2026,P
100607,102,05/18/2026,P
100752,102,05/18/2026,P
100919,102,05/18/2026,P
100926,101,05/18/2026,P
101621,101,05/18/2026,E
101663,101,05/18/2026,A
101676,101,05/18/2026,P
101690,102,05/18/2026,P
102169,102,05/18/2026,P
102203,101,05/18/2026,P
102926,102,05/18/2026,P
103203,101,05/18/2026,P
103366,101,05/18/2026,P
104213,102,05/18/2026,T
104812,101,05/18/2026,P
105001,102,05/18/2026,P
105290,102,05/18/2026,P
105443,101,05/18/2026,P
105533,101,05/18/2026,P
105876,102,05/18/2026,P
105943,101,05/18/2026,P
106040,102,05/18/2026,P
106334,101,05/18/2026,E
106425,102,05/18/2026,P
106447,101,05/18/2026,P
106722,101,05/18/2026,P
106726,102,05/18/2026,P
106955,102,05/18/2026,P
107257,102,05/18/2026,P
107631,101,05/18/2026,P
107806,101,05/18/2026,P
107917,101,05/18/2026,P
107954,101,05/18/2026,P
107996,102,05/18/2026,P
108599,101,05/18/2026,P
108838,102,05/18/2026,P
108870,101,05/18/2026,P
109233,102,05/18/2026,P
109333,101,05/18/2026,P
109591,102,05/18/2026,A
109734,101,05/18/2026,P
109820,101,05/18/2026,P
110142,102,05/18/2026,P
110493,102,05/18/2026,P
111996,102,05/18/2026,P
112752,101,05/18/2026,P
112890,102,05/18/2026,P
113028,101,05/18/2026,P
113096,101,05/18/2026,P
113273,102,05/18/2026,P
113777,102,05/18/2026,P
114609,101,05/18/2026,P
114633,102,05/18/2026,P
114714,101,05/18/2026,E
115724,102,05/18/2026,T
116242,102,05/18/2026,P
116449,101,05/18/2026,P
116483,101,05/18/2026,P
116950,102,05/18/2026,P
116962,101,05/18/2026,P
117046,101,05/18/2026,P
117463,102,05/18/2026,P
117598,102,05/18/2026,P
117631,101,05/18/2026,P
118824,101,05/18/2026,P
118848,101,05/18/2026,P
119009,101,05/18/2026,T
119050,102,05/18/2026,P
119144,102,05/18/2026,P
119292,102,05/18/2026,P
119901,101,05/18/2026,P
120054,101,05/18/2026,P
120160,101,05/18/2026,P
120250,101,05/18/2026,P
120541,102,05/18/2026,P
120593,102,05/18/2026,P
120752,101,05/18/2026,P
120937,102,05/18/2026,P
121367,102,05/18/2026,P
121480,101,05/18/2026,P
122308,101,05/18/2026,P
122742,101,05/18/2026,P
122784,102,05/18/2026,P
123160,102,05/18/2026,P
123372,101,05/18/2026,P
123412,101,05/18/2026,P
123588,101,05/18/2026,P
123825,101,05/18/2026,P
124172,101,05/18/2026,P
124256,101,05/18/2026,P
124641,101,05/18/2026,P
124664,101,05/18/2026,P
125516,102,05/18/2026,P
125585,102,05/18/2026,P
126093,102,05/18/2026,P
126134,101,05/18/2026,P
126342,101,05/18/2026,P
126350,102,05/18/2026,P
126955,101,05/18/2026,P
127003,102,05/18/2026,P
127379,101,05/18/2026,P
127522,102,05/18/2026,P
127565,102,05/18/2026,P
127670,102,05/18/2026,P
127881,102,05/18/2026,P
128141,102,05/18/2026,P
128381,102,05/18/2026,P
128457,101,05/18/2026,P
128734,101,05/18/2026,P
128907,101,05/18/2026,P
129451,102,05/18/2026,P
129468,102,05/18/2026,P
129571,102,05/18/2026,P
129682,101,05/18/2026,P
129936,101,05/18/2026,P
129979,102,05/18/2026,P
129992,101,05/18/2026,P
130030,101,05/18/2026,P
130216,101,05/18/2026,T
130582,101,05/18/2026,P
130762,101,05/18/2026,P
130804,102,05/18/2026,P
130997,102,05/18/2026,P
131196,102,05/18/2026,P
131384,102,05/18/2026,P
131401,101,05/18/2026,P
131595,102,05/18/2026,P
131822,101,05/18/2026,P
132081,102,05/18/2026,P
132131,101,05/18/2026,P
132171,102,05/18/2026,P
132180,102,05/18/2026,P
132242,101,05/18/2026,P
132581,102,05/18/2026,P
132608,101,05/18/2026,P
132664,102,05/18/2026,E
132666,101,05/18/2026,P
132892,101,05/18/2026,P
132932,102,05/18/2026,P
133077,102,05/18/2026,P
133184,101,05/18/2026,P
133272,102,05/18/2026,P
133448,102,05/18/2026,P
133506,101,05/18/2026,P
133542,102,05/18/2026,P
133616,102,05/18/2026,P
133658,101,05/18/2026,P
133762,101,05/18/2026,P
133946,101,05/18/2026,P
134080,101,05/18/2026,P
134268,102,05/18/2026,P
134289,102,05/18/2026,P
134383,101,05/18/2026,P
135262,102,05/18/2026,P
135758,101,05/18/2026,P
135769,101,05/18/2026,P
135812,102,05/18/2026,P
135821,102,05/18/2026,P
135901,101,05/18/2026,P
135923,101,05/18/2026,P
136336,102,05/18/2026,P
136474,101,05/18/2026,P
136533,101,05/18/2026,P
136558,102,05/18/2026,P
136686,102,05/18/2026,P
136962,101,05/18/2026,P
137523,102,05/18/2026,P
137636,101,05/18/2026,P
137717,102,05/18/2026,T
137842,102,05/18/2026,P
138052,102,05/18/2026,P
138211,102,05/18/2026,P
138406,102,05/18/2026,P
138438,102,05/18/2026,P
138530,101,05/18/2026,A
139142,101,05/18/2026,P
139199,101,05/18/2026,P
139332,102,05/18/2026,p
139389,102,05/18/2026,P
139985,102,05/18/2026,P
100014,101,05/19/2026,P
100166,102,05/19/2026,P
100336,101,05/19/2026,p
100607,102,05/19/2026,P
100752,102,05/19/2026,E
100919,102,05/19/2026,P
100926,101,05/19/2026,P
101621,101,05/19/2026,P
101663,101,05/19/2026,P
101676,101,05/19/2026,P
101690,102,05/19/2026,P
102169,102,05/19/2026,P
102203,101,05/19/2026,P
102926,102,05/19/2026,P
103203,101,05/19/2026,P
103366,101,05/19/2026,E
104213,102,05/19/2026,P
104812,101,05/19/2026,P
105001,102,05/19/2026,P
105290,102,05/19/2026,P
105443,101,05/19/2026,P
105533,101,05/19/2026,P
105876,102,05/19/2026,P
105943,101,05/19/2026,P
106040,102,05/19/2026,P
106334,101,05/19/2026,P
106425,102,05/19/2026,P
106447,101,05/19/2026,P
106722,101,05/19/2026,P
106726,102,05/19/2026,P
106955,102,05/19/2026,P
107257,102,05/19/2026,P
107631,101,05/19/2026,P
107806,101,05/19/2026,P
107917,101,05/19/2026,P
107954,101,05/19/2026,P
107996,102,05/19/2026,P
108599,101,05/19/2026,P
108838,102,05/19/2026,P
108870,101,05/19/2026,P
109233,102,05/19/2026,P
109333,101,05/19/2026,P
109591,102,05/19/2026,P
109734,101,05/19/2026,P
109820,101,05/19/2026,P
110142,102,05/19/2026,P
110493,102,05/19/2026,P
111996,102,05/19/2026,A
112752,101,05/19/2026,P
112890,102,05/19/2026,A
113028,101,05/19/2026,P
113096,101,05/19/2026,P
113273,102,05/19/2026,P
113777,102,05/19/2026,P
114609,101,05/19/2026,P
114633,102,05/19/2026,P
114714,101,05/19/2026,P
115724,102,05/19/2026,P
116242,102,05/19/2026,P
116449,101,05/19/2026,P
116483,101,05/19/2026,P
116950,102,05/19/2026,P
116962,101,05/19/2026,p
117046,101,05/19/2026,P
117463,102,05/19/2026,P
117598,102,05/19/2026,P
117631,101,05/19/2026,P
118824,101,05/19/2026,P
118848,101,05/19/2026,P
119009,101,05/19/2026,T
119050,102,05/19/2026,P
119144,102,05/19/2026,P
119292,102,05/19/2026,P
119901,101,05/19/2026,T
120054,101,05/19/2026,P
120160,101,05/19/2026,P
120250,101,05/19/2026,P
120541,102,05/19/2026,P
120593,102,05/19/2026,P
120752,101,05/19/2026,P
120937,102,05/19/2026,P
121367,102,05/19/2026,P
121480,101,05/19/2026,P
122308,101,05/19/2026,P
122742,101,05/19/2026,P
122784,102,05/19/2026,P
123160,102,05/19/2026,P
123372,101,05/19/2026,P
123412,101,05/19/2026,T
123588,101,05/19/2026,P
123825,101,05/19/2026,P
124172,101,05/19/2026,P
124256,101,05/19/2026,P
124641,101,05/19/2026,E
124664,101,05/19/2026,P
125516,102,05/19/2026,P
125585,102,05/19/2026,P
126093,102,05/19/2026,P
126134,101,05/19/2026,P
126342,101,05/19/2026,P
126350,102,05/19/2026,P
126955,101,05/19/2026,P
127003,102,05/19/2026,P
127379,101,05/19/2026,P
127522,102,05/19/2026,P
127565,102,05/19/2026,P
127670,102,05/19/2026,P
127881,102,05/19/2026,P
128141,102,05/19/2026,P
128381,102,05/19/2026,P
128457,101,05/19/2026,P
128734,101,05/19/2026,E
128907,101,05/19/2026,P
129451,102,05/19/2026,P
129468,102,05/19/2026,P
129571,102,05/19/2026,P
129682,101,05/19/2026,P
129936,101,05/19/2026,P
129979,102,05/19/2026,P
129992,101,05/19/2026,P
130030,101,05/19/2026,P
130216,101,05/19/2026,P
130582,101,05/19/2026,P
130762,101,05/19/2026,P
130804,102,05/19/2026,P
130997,102,05/19/2026,P
131196,102,05/19/2026,P
131384,102,05/19/2026,P
131401,101,05/19/2026,P
131595,102,05/19/2026,P
131822,101,05/19/2026,P
132081,102,05/19/2026,P
132131,101,05/19/2026,P
132171,102,05/19/2026,P
132180,102,05/19/2026,P
132242,101,05/19/2026,P
132581,102,05/19/2026,P
132608,101,05/19/2026,P
132664,102,05/19/2026,P
132666,101,05/19/2026,P
132892,101,05/19/2026,P
132932,102,05/19/2026,P
133077,102,05/19/2026,P
133184,101,05/19/2026,P
133272,102,05/19/2026,P
133448,102,05/19/2026,P
133506,101,05/19/2026,P
133542,102,05/19/2026,P
133616,102,05/19/2026,P
133658,101,05/19/2026,P
133762,101,05/19/2026,P
133946,101,05/19/2026,P
134080,101,05/19/2026,P
134268,102,05/19/2026,P
134289,102,05/19/2026,P
134383,101,05/19/2026,P
135262,102,05/19/2026,P
135758,101,05/19/2026,P
135769,101,05/19/2026,P
135812,102,05/19/2026,P
135821,102,05/19/2026,P
135901,101,05/19/2026,T
135923,101,05/19/2026,P
136336,102,05/19/2026,P
136474,101,05/19/2026,P
136533,101,05/19/2026,P
136558,102,05/19/2026,P
136686,102,05/19/2026,P
136962,101,05/19/2026,P
137523,102,05/19/2026,P
137636,101,05/19/2026,P
137717,102,05/19/2026,P
137842,102,05/19/2026,P
138052,102,05/19/2026,P
138211,102,05/19/2026,P
138406,102,05/19/2026,P
138438,102,05/19/2026,P
138530,101,05/19/2026,P
139142,101,05/19/2026,P
139199,101,05/19/2026,P
139332,102,05/19/2026,P
139389,102,05/19/2026,P
139985,102,05/19/2026,P
100014,101,05/20/2026,P
100166,102,05/20/2026,P
100336,101,05/20/2026,P
100607,102,05/20/2026,T
100752,102,05/20/2026,P
100919,102,05/20/2026,P
100926,101,05/20/2026,P
101621,101,05/20/2026,P
101663,101,05/20/2026,E
101676,101,05/20/2026,P
101690,102,05/20/2026,P
102169,102,05/20/2026,P
102203,101,05/20/2026,P
102926,102,05/20/2026,P
103203,101,05/20/2026,P
103366,101,05/20/2026,P
104213,102,05/20/2026,P
104812,101,05/20/2026,P
105001,102,05/20/2026,P
105290,102,05/20/2026,P
105443,101,05/20/2026,P
105533,101,05/20/2026,P
105876,102,05/20/2026,P
105943,101,05/20/2026,P
106040,102,05/20/2026,P
106334,101,05/20/2026,P
106425,102,05/20/2026,P
106447,101,05/20/2026,P
106722,101,05/20/2026,P
106726,102,05/20/2026,P
106955,102,05/20/2026,P
107257,102,05/20/2026,P
107631,101,05/20/2026,P
107806,101,05/20/2026,E
107917,101,05/20/2026,E
107954,101,05/20/2026,P
107996,102,05/20/2026,P
108599,101,05/20/2026,P
108838,102,05/20/2026,P
108870,101,05/20/2026,P
109233,102,05/20/2026,P
109333,101,05/20/2026,P
109591,102,05/20/2026,P
109734,101,05/20/2026,E
109820,101,05/20/2026,P
110142,102,05/20/2026,P
110493,102,05/20/2026,P
111996,102,05/20/2026,P
112752,101,05/20/2026,P
112890,102,05/20/2026,P
113028,101,05/20/2026,P
113096,101,05/20/2026,A
113273,102,05/20/2026,P
113777,102,05/20/2026,P
114609,101,05/20/2026,P
114633,102,05/20/2026,P
114714,101,05/20/2026,P
115724,102,05/20/2026,P
116242,102,05/20/2026,P
116449,101,05/20/2026,P
116483,101,05/20/2026,P
116950,102,05/20/2026,P
116962,101,05/20/2026,P
117046,101,05/20/2026,P
117463,102,05/20/2026,P
117598,102,05/20/2026,P
117631,101,05/20/2026,P
118824,101,05/20/2026,P
118848,101,05/20/2026,P
119009,101,05/20/2026,P
119050,102,05/20/2026,P
119144,102,05/20/2026,P
119292,102,05/20/2026,A
119901,101,05/20/2026,P
120054,101,05/20/2026,T
120160,101,05/20/2026,A
120250,101,05/20/2026,P
120541,102,05/20/2026,P
120593,102,05/20/2026,P
120752,101,05/20/2026,P
120937,102,05/20/2026,T
121367,102,05/20/2026,P
121480,101,05/20/2026,A
122308,101,05/20/2026,P
122742,101,05/20/2026,E
122784,102,05/20/2026,P
123160,102,05/20/2026,P
123372,101,05/20/2026,P
123412,101,05/20/2026,P
123588,101,05/20/2026,P
123825,101,05/20/2026,P
124172,101,05/20/2026,P
124256,101,05/20/2026,P
124641,101,05/20/2026,P
124664,101,05/20/2026,T
125516,102,05/20/2026,T
125585,102,05/20/2026,P
126093,102,05/20/2026,P
126134,101,05/20/2026,P
126342,101,05/20/2026,P
126350,102,05/20/2026,P
126955,101,05/20/2026,P
127003,102,05/20/2026,P
127379,101,05/20/2026,P
127522,102,05/20/2026,P
127565,102,05/20/2026,P
127670,102,05/20/2026,P
127881,102,05/20/2026,P
128141,102,05/20/2026,P
128381,102,05/20/2026,P
128457,101,05/20/2026,P
128734,101,05/20/2026,T
128907,101,05/20/2026,P
129451,102,05/20/2026,P
129468,102,05/20/2026,P
129571,102,05/20/2026,A
129682,101,05/20/2026,P
129936,101,05/20/2026,P
129979,102,05/20/2026,P
129992,101,05/20/2026,P
130030,101,05/20/2026,P
130216,101,05/20/2026,P
130582,101,05/20/2026,P
130762,101,05/20/2026,P
130804,102,05/20/2026,P
130997,102,05/20/2026,P
131196,102,05/20/2026,P
131384,102,05/20/2026,P
131401,101,05/20/2026,P
131595,102,05/20/2026,P
131822,101,05/20/2026,P
132081,102,05/20/2026,P
132131,101,05/20/2026,P
132171,102,05/20/2026,P
132180,102,05/20/2026,P
132242,101,05/20/2026,P
132581,102,05/20/2026,P
132608,101,05/20/2026,P
132664,102,05/20/2026,P
132666,101,05/20/2026,P
132892,101,05/20/2026,P
132932,102,05/20/2026,P
133077,102,05/20/2026,P
133184,101,05/20/2026,P
133272,102,05/20/2026,P
133448,102,05/20/2026,P
133506,101,05/20/2026,P
133542,102,05/20/2026,P
133616,102,05/20/2026,P
133658,101,05/20/2026,P
133762,101,05/20/2026,A
133946,101,05/20/2026,P
134080,101,05/20/2026,P
134268,102,05/20/2026,P
134289,102,05/20/2026,P
134383,101,05/20/2026,P
135262,102,05/20/2026,P
135758,101,05/20/2026,P
135769,101,05/20/2026,P
135812,102,05/20/2026,P
135821,102,05/20/2026,P
135901,101,05/20/2026,P
135923,101,05/20/2026,P
136336,102,05/20/2026,E
136474,101,05/20/2026,P
136533,101,05/20/2026,P
136558,102,05/20/2026,P
136686,102,05/20/2026,P
136962,101,05/20/2026,P
137523,102,05/20/2026,P
137636,101,05/20/2026,A
137717,102,05/20/2026,P
137842,102,05/20/2026,P
138052,102,05/20/2026,P
138211,102,05/20/2026,P
138406,102,05/20/2026,P
138438,102,05/20/2026,P
138530,101,05/20/2026,P
139142,101,05/20/2026,P
139199,101,05/20/2026,E
139332,102,05/20/2026,P
139389,102,05/20/2026,P
139985,102,05/20/2026,P
100014,101,05/21/2026,P
100166,102,05/21/2026,P
100336,101,05/21/2026,P
100607,102,05/21/2026,P
100752,102,05/21/2026,P
100919,102,05/21/2026,P
100926,101,05/21/2026,A
101621,101,05/21/2026,P
101663,101,05/21/2026,P
101676,101,05/21/2026,P
101690,102,05/21/2026,P
102169,102,05/21/2026,P
102203,101,05/21/2026,P
102926,102,05/21/2026,P
103203,101,05/21/2026,P
103366,101,05/21/2026,P
104213,102,05/21/2026,P
104812,101,05/21/2026,P
105001,102,05/21/2026,P
105290,102,05/21/2026,P
105443,101,05/21/2026,P
105533,101,05/21/2026,P
105876,102,05/21/2026,P
105943,101,05/21/2026,P
106040,102,05/21/2026,P
106334,101,05/21/2026,P
106425,102,05/21/2026,P
106447,101,05/21/2026,P
106722,101,05/21/2026,P
106726,102,05/21/2026,P
106955,102,05/21/2026,P
107257,102,05/21/2026,P
107631,101,05/21/2026,P
107806,101,05/21/2026,P
107917,101,05/21/2026,p
107954,101,05/21/2026,P
107996,102,05/21/2026,E
108599,101,05/21/2026,P
108838,102,05/21/2026,P
108870,101,05/21/2026,E
109233,102,05/21/2026,P
109333,101,05/21/2026,P
109591,102,05/21/2026,E
109734,101,05/21/2026,P
109820,101,05/21/2026,p
110142,102,05/21/2026,P
110493,102,05/21/2026,P
111996,102,05/21/2026,P
112752,101,05/21/2026,P
112890,102,05/21/2026,P
113028,101,05/21/2026,P
113096,101,05/21/2026,P
113273,102,05/21/2026,P
113777,102,05/21/2026,P
114609,101,05/21/2026,P
114633,102,05/21/2026,p
114714,101,05/21/2026,P
115724,102,05/21/2026,P
116242,102,05/21/2026,P
116449,101,05/21/2026,P
116483,101,05/21/2026,E
116950,102,05/21/2026,P
116962,101,05/21/2026,P
117046,101,05/21/2026,P
117463,102,05/21/2026,P
117598,102,05/21/2026,P
117631,101,05/21/2026,P
118824,101,05/21/2026,P
118848,101,05/21/2026,P
119009,101,05/21/2026,P
119050,102,05/21/2026,P
119144,102,05/21/2026,P
119292,102,05/21/2026,P
119901,101,05/21/2026,P
120054,101,05/21/2026,P
120160,101,05/21/2026,P
120250,101,05/21/2026,P
120541,102,05/21/2026,P
120593,102,05/21/2026,P
120752,101,05/21/2026,T
120937,102,05/21/2026,P
121367,102,05/21/2026,P
121480,101,05/21/2026,P
122308,101,05/21/2026,E
122742,101,05/21/2026,P
122784,102,05/21/2026,P
123160,102,05/21/2026,P
123372,101,05/21/2026,P
123412,101,05/21/2026,P
123588,101,05/21/2026,P
123825,101,05/21/2026,P
124172,101,05/21/2026,P
124256,101,05/21/2026,T
124641,101,05/21/2026,P
124664,101,05/21/2026,P
125516,102,05/21/2026,E
125585,102,05/21/2026,P
126093,102,05/21/2026,P
126134,101,05/21/2026,P
126342,101,05/21/2026,P
126350,102,05/21/2026,P
126955,101,05/21/2026,A
127003,102,05/21/2026,P
127379,101,05/21/2026,P
127522,102,05/21/2026,P
127565,102,05/21/2026,T
127670,102,05/21/2026,P
127881,102,05/21/2026,P
128141,102,05/21/2026,p
128381,102,05/21/2026,P
128457,101,05/21/2026,P
128734,101,05/21/2026,P
128907,101,05/21/2026,P
129451,102,05/21/2026,P
129468,102,05/21/2026,P
129571,102,05/21/2026,P
129682,101,05/21/2026,P
129936,101,05/21/2026,P
129979,102,05/21/2026,P
129992,101,05/21/2026,P
130030,101,05/21/2026,P
130216,101,05/21/2026,P
130582,101,05/21/2026,P
130762,101,05/21/2026,P
130804,102,05/21/2026,P
130997,102,05/21/2026,P
131196,102,05/21/2026,P
131384,102,05/21/2026,P
131401,101,05/21/2026,P
131595,102,05/21/2026,P
131822,101,05/21/2026,P
132081,102,05/21/2026,P
132131,101,05/21/2026,P
132171,102,05/21/2026,P
132180,102,05/21/2026,P
132242,101,05/21/2026,P
132581,102,05/21/2026,P
132608,101,05/21/2026,P
132664,102,05/21/2026,P
132666,101,05/21/2026,P
132892,101,05/21/2026,P
132932,102,05/21/2026,P
133077,102,05/21/2026,P
133184,101,05/21/2026,P
133272,102,05/21/2026,P
133448,102,05/21/2026,P
133506,101,05/21/2026,P
133542,102,05/21/2026,P
133616,102,05/21/2026,A
133658,101,05/21/2026,P
133762,101,05/21/2026,P
133946,101,05/21/2026,P
134080,101,05/21/2026,P
134268,102,05/21/2026,P
134289,102,05/21/2026,P
134383,101,05/21/2026,P
135262,102,05/21/2026,P
135758,101,05/21/2026,P
135769,101,05/21/2026,P
135812,102,05/21/2026,T
135821,102,05/21/2026,P
135901,101,05/21/2026,P
135923,101,05/21/2026,P
136336,102,05/21/2026,P
136474,101,05/21/2026,P
136533,101,05/21/2026,P
136558,102,05/21/2026,E
136686,102,05/21/2026,P
136962,101,05/21/2026,P
137523,102,05/21/2026,P
137636,101,05/21/2026,P
137717,102,05/21/2026,P
137842,102,05/21/2026,P
138052,102,05/21/2026,P
138211,102,05/21/2026,P
138406,102,05/21/2026,P
138438,102,05/21/2026,P
138530,101,05/21/2026,P
139142,101,05/21/2026,P
139199,101,05/21/2026,P
139332,102,05/21/2026,P
139389,102,05/21/2026,P
139985,102,05/21/2026,P
100014,101,05/22/2026,P
100166,102,05/22/2026,P
100336,101,05/22/2026,P
100607,102,05/22/2026,P
100752,102,05/22/2026,P
100919,102,05/22/2026,P
100926,101,05/22/2026,P
101621,101,05/22/2026,P
101663,101,05/22/2026,A
101676,101,05/22/2026,P
101690,102,05/22/2026,P
102169,102,05/22/2026,A
102203,101,05/22/2026,P
102926,102,05/22/2026,P
103203,101,05/22/2026,P
103366,101,05/22/2026,P
104213,102,05/22/2026,P
104812,101,05/22/2026,A
105001,102,05/22/2026,P
105290,102,05/22/2026,P
105443,101,05/22/2026,P
105533,101,05/22/2026,P
105876,102,05/22/2026,P
105943,101,05/22/2026,P
106040,102,05/22/2026,P
106334,101,05/22/2026,P
106425,102,05/22/2026,P
106447,101,05/22/2026,P
106722,101,05/22/2026,P
106726,102,05/22/2026,E
106955,102,05/22/2026,P
107257,102,05/22/2026,P
107631,101,05/22/2026,P
107806,101,05/22/2026,P
107917,101,05/22/2026,P
107954,101,05/22/2026,P
107996,102,05/22/2026,P
108599,101,05/22/2026,P
108838,102,05/22/2026,P
108870,101,05/22/2026,A
109233,102,05/22/2026,P
109333,101,05/22/2026,P
109591,102,05/22/2026,P
109734,101,05/22/2026,P
109820,101,05/22/2026,P
110142,102,05/22/2026,P
110493,102,05/22/2026,P
111996,102,05/22/2026,E
112752,101,05/22/2026,P
112890,102,05/22/2026,P
113028,101,05/22/2026,P
113096,101,05/22/2026,P
113273,102,05/22/2026,P
113777,102,05/22/2026,P
114609,101,05/22/2026,P
114633,102,05/22/2026,P
114714,101,05/22/2026,P
115724,102,05/22/2026,P
116242,102,05/22/2026,P
116449,101,05/22/2026,P
116483,101,05/22/2026,P
116950,102,05/22/2026,P
116962,101,05/22/2026,P
117046,101,05/22/2026,P
117463,102,05/22/2026,P
117598,102,05/22/2026,P
117631,101,05/22/2026,P
118824,101,05/22/2026,P
118848,101,05/22/2026,P
119009,101,05/22/2026,P
119050,102,05/22/2026,P
119144,102,05/22/2026,P
119292,102,05/22/2026,A
119901,101,05/22/2026,P
120054,101,05/22/2026,T
120160,101,05/22/2026,P
120250,101,05/22/2026,P
120541,102,05/22/2026,P
120593,102,05/22/2026,P
120752,101,05/22/2026,P
120937,102,05/22/2026,P
121367,102,05/22/2026,P
121480,101,05/22/2026,P
122308,101,05/22/2026,E
122742,101,05/22/2026,P
122784,102,05/22/2026,P
123160,102,05/22/2026,P
123372,101,05/22/2026,E
123412,101,05/22/2026,P
123588,101,05/22/2026,P
123825,101,05/22/2026,P
124172,101,05/22/2026,P
124256,101,05/22/2026,P
124641,101,05/22/2026,P
124664,101,05/22/2026,P
125516,102,05/22/2026,P
125585,102,05/22/2026,P
126093,102,05/22/2026,P
126134,101,05/22/2026,P
126342,101,05/22/2026,P
126350,102,05/22/2026,P
126955,101,05/22/2026,P
127003,102,05/22/2026,P
127379,101,05/22/2026,P
127522,102,05/22/2026,P
127565,102,05/22/2026,P
127670,102,05/22/2026,P
127881,102,05/22/2026,P
128141,102,05/22/2026,P
128381,102,05/22/2026,P
128457,101,05/22/2026,P
128734,101,05/22/2026,P
128907,101,05/22/2026,P
129451,102,05/22/2026,P
129468,102,05/22/2026,P
129571,102,05/22/2026,P
129682,101,05/22/2026,P
129936,101,05/22/2026,P
129979,102,05/22/2026,P
129992,101,05/22/2026,P
130030,101,05/22/2026,P
130216,101,05/22/2026,P
130582,101,05/22/2026,P
130762,101,05/22/2026,P
130804,102,05/22/2026,P
130997,102,05/22/2026,P
131196,102,05/22/2026,P
131384,102,05/22/2026,P
131401,101,05/22/2026,P
131595,102,05/22/2026,P
131822,101,05/22/2026,P
132081,102,05/22/2026,P
132131,101,05/22/2026,P
132171,102,05/22/2026,P
132180,102,05/22/2026,P
132242,101,05/22/2026,P
132581,102,05/22/2026,P
132608,101,05/22/2026,P
132664,102,05/22/2026,P
132666,101,05/22/2026,P
132892,101,05/22/2026,P
132932,102,05/22/2026,P
133077,102,05/22/2026,P
133184,101,05/22/2026,A
133272,102,05/22/2026,P
133448,102,05/22/2026,P
133506,101,05/22/2026,P
133542,102,05/22/2026,P
133616,102,05/22/2026,P
133658,101,05/22/2026,P
133762,101,05/22/2026,E
133946,101,05/22/2026,P
134080,101,05/22/2026,P
134268,102,05/22/2026,P
134289,102,05/22/2026,E
134383,101,05/22/2026,P
135262,102,05/22/2026,P
135758,101,05/22/2026,P
135769,101,05/22/2026,P
135812,102,05/22/2026,P
135821,102,05/22/2026,P
135901,101,05/22/2026,P
135923,101,05/22/2026,P
136336,102,05/22/2026,P
136474,101,05/22/2026,P
136533,101,05/22/2026,P
136558,102,05/22/2026,P
136686,102,05/22/2026,P
136962,101,05/22/2026,P
137523,102,05/22/2026,P
137636,101,05/22/2026,T
137717,102,05/22/2026,P
137842,102,05/22/2026,T
138052,102,05/22/2026,P
138211,102,05/22/2026,P
138406,102,05/22/2026,P
138438,102,05/22/2026,P
138530,101,05/22/2026,P
139142,101,05/22/2026,P
139199,101,05/22/2026,P
139332,102,05/22/2026,P
139389,102,05/22/2026,P
139985,102,05/22/2026,P
